constraint_id,context,chi,KL_fwd,KL_rev,d_FR,H_sq,max_tvd,argmax_cl,argmax_idx,type_match
absorbing_markov_chains,powerless,0.13626,3.4346537563711765e-05,4.5223191572931926e-05,0.008857106121077471,1.96120501570497e-05,9.590132227277337e-05,mountain,mountain,True
absorbing_markov_chains,moderate,0.119997,5.20001217344988e-13,5.201083342946381e-13,1.0198318143051182e-06,2.6001892869159244e-13,8.784403426886911e-09,mountain,mountain,True
absorbing_markov_chains,institutional,-0.014325,0.1284401449351297,0.7827068540665388,0.6936118460530667,0.11907367763998677,0.12101574044094598,mountain,mountain,True
absorbing_markov_chains,analytical,0.165603,0.0016492319606454511,0.004548428894057699,0.07145182586297744,0.0012762051067322904,0.0018905568153703145,mountain,mountain,True
abstraction_boundary_overrun,powerless,0.56518,0.015735682030402015,0.01863339133175189,0.18489135306452306,0.008540118377482935,0.054556274914784875,tangled_rope,tangled_rope,True
abstraction_boundary_overrun,moderate,0.403807,0.17454337894658456,0.06356422504522904,0.4422005937005573,0.04868651744892636,0.06869607326445634,tangled_rope,tangled_rope,True
abstraction_boundary_overrun,institutional,-0.021971,3.757999189346797,11.760093726149362,2.595835431515737,1.4609907014487429,0.922272834686685,tangled_rope,rope,False
abstraction_boundary_overrun,analytical,0.712364,0.00035312701733769634,0.0003966827466325528,0.026941111476974387,0.000181453128067164,0.00573448843836008,tangled_rope,tangled_rope,True
academic_fashion_modernism_2026,powerless,0.3016,4.913419709859274,0.9976192148909532,1.8013504719600217,0.7578382078243593,0.6245286172438945,snare,tangled_rope,False
academic_fashion_modernism_2026,moderate,0.641765,0.00016426996337572764,0.00016785656282097117,0.018216179516110462,8.295672554950964e-05,0.008234130903001735,snare,snare,True
academic_fashion_modernism_2026,institutional,-0.024506,14.439798659048506,14.309590779546705,2.6658783839732627,1.5287587281306951,0.8519526812206717,snare,rope,False
academic_fashion_modernism_2026,analytical,0.79456,1.0252842239420819,0.6963920748577435,1.2882920739168253,0.4007742464903634,0.5543674708071646,snare,tangled_rope,False
academic_peer_review_gatekeeping,powerless,0.3016,4.60890240321557,0.8879982389886178,1.7135298390698241,0.6902285371217315,0.5804703032362672,snare,tangled_rope,False
academic_peer_review_gatekeeping,moderate,0.641765,0.00015636221439389666,0.00015727051780184566,0.017706807349165528,7.838224463876557e-05,0.00854642793593241,snare,snare,True
academic_peer_review_gatekeeping,institutional,0.169004,10.400459174959087,1.9360337798423504,1.8045896622753106,0.7603785398215106,0.5805810596199324,snare,tangled_rope,False
academic_peer_review_gatekeeping,analytical,0.79456,0.985921946818423,0.6263520922588168,1.2412584679999572,0.37297462302636963,0.5212606973425843,snare,tangled_rope,False
academic_tenure_system,powerless,0.3016,2.807044287377783,0.4472056606692963,1.2401399710016072,0.372324418734608,0.34156147503370826,tangled_rope,tangled_rope,True
academic_tenure_system,moderate,0.641765,0.00014720511567843303,0.00014918500633564693,0.01721181580207176,7.406119370805863e-05,0.007970301462721041,tangled_rope,tangled_rope,True
academic_tenure_system,institutional,0.112235,7.507067971815119,5.259320181240983,1.7146522194518303,0.6910769575071549,0.34980080246011813,tangled_rope,tangled_rope,True
academic_tenure_system,analytical,0.79456,0.6609021777559156,0.32471147142960155,0.9441391753318671,0.21874181676951296,0.3185068097297649,tangled_rope,tangled_rope,True
access_arbitrage,powerless,0.56518,0.04421875747633546,0.04683023926917067,0.301647858175195,0.022704768184582856,0.1445364428073025,tangled_rope,tangled_rope,True
access_arbitrage,moderate,0.575376,0.057707594538411414,0.061295890922908415,0.34484686482406945,0.029656257715577946,0.16601679065891467,tangled_rope,tangled_rope,True
access_arbitrage,institutional,-0.03817,7.785397277660619,12.214018366254159,2.6096972320742204,1.4743524421193683,0.9000755567288655,tangled_rope,rope,False
access_arbitrage,analytical,0.712364,0.0008442050409779833,0.0008335699099327685,0.04089195602713298,0.000418023454152575,0.018305166171026566,tangled_rope,tangled_rope,True
acip_hep_b_infant_mandate,powerless,0.31202,0.00040528212633926563,0.0005020484569707849,0.029942545163811774,0.00022413481622826414,0.002977362434200992,rope,rope,True
acip_hep_b_infant_mandate,moderate,0.251332,0.00014607505087384888,0.00012176828043783583,0.016292634651191608,6.636211897181393e-05,0.0014236411716446185,rope,rope,True
acip_hep_b_infant_mandate,institutional,-0.011831,0.02103792349598833,0.02816013455174387,0.21619066973765214,0.011673228358331829,0.03734270177310058,rope,rope,True
acip_hep_b_infant_mandate,analytical,0.383581,0.012093003285715252,0.02651326781864155,0.1830593730051723,0.008371836345912136,0.02315682404574737,rope,rope,True
ad_fus_coordination,powerless,0.413016,0.0004909801252244756,0.0004505687295599714,0.030216463035452334,0.00022825431779171276,0.0005483482752362347,tangled_rope,tangled_rope,True
ad_fus_coordination,moderate,0.420467,0.00072193351642639,0.0006839131120340436,0.03663752066046382,0.0003355675958158039,0.0006085596993946139,tangled_rope,tangled_rope,True
ad_fus_coordination,institutional,0.060189,1.810321513764867,5.517130128241365,2.25494600934831,1.1421122227763953,0.8366725797951972,tangled_rope,rope,False
ad_fus_coordination,analytical,0.520574,0.00963885718867528,0.024293562831004614,0.15571994285238175,0.006059113271970456,0.00662469969608963,tangled_rope,tangled_rope,True
ad_synaptic_deficit,powerless,0.3536,0.9894703563634154,9.82304969530312,1.8173608089194566,0.7704259191344506,0.6289826741314828,snare,rope,False
ad_synaptic_deficit,moderate,0.752415,0.0008222342859972201,0.0013231690851986415,0.04534528287450537,0.0005140266496167021,0.0014771674925651013,snare,snare,True
ad_synaptic_deficit,institutional,0.074884,23.015781616051292,18.45013291551177,3.140995069784106,1.999402416203204,0.9995478132278975,snare,rope,False
ad_synaptic_deficit,analytical,0.931553,1.9110941477620713,6.150605070481884,2.3114800716772472,1.193517114960814,0.8523271595649293,snare,tangled_rope,False
adaptive_lag_trap,powerless,0.56518,0.015308837958334636,0.01814966455904315,0.1824187315823387,0.008313382654585465,0.05310886006143001,tangled_rope,tangled_rope,True
adaptive_lag_trap,moderate,0.575376,0.02033699050940249,0.024631494894209245,0.21132627166073997,0.01115431459790016,0.06272801127219141,tangled_rope,tangled_rope,True
adaptive_lag_trap,institutional,0.100624,1.95953150314976,5.712598521707291,1.6143605417757436,0.616924034357286,0.487739518452919,tangled_rope,tangled_rope,True
adaptive_lag_trap,analytical,0.712364,0.00029343407964333324,0.00029379993189696587,0.023944603864314434,0.00014333430146194396,0.005566643326319079,tangled_rope,tangled_rope,True
adversarial_surface_inflation,powerless,0.2704,3.705115663738418,0.5410761358850688,1.3542046046206728,0.44121699241478246,0.3929679953716248,tangled_rope,tangled_rope,True
adversarial_surface_inflation,moderate,0.575376,0.06317230823630575,0.06374168518735344,0.35624290991837576,0.03164345650068084,0.1770532470677994,tangled_rope,snare,False
adversarial_surface_inflation,institutional,-0.021971,9.538294283685563,11.742655729203673,2.5310511590249654,1.3988971686600122,0.8515052948782101,tangled_rope,rope,False
adversarial_surface_inflation,analytical,0.712364,0.001044504832886698,0.00109955233030059,0.04610672060538768,0.0005314338844134175,0.021320774403396858,tangled_rope,tangled_rope,True
adversarial_truth_decay,powerless,0.3536,2.128795211674458,3.5383085571743353,2.224133569325028,1.1143812959072412,0.877834349087212,snare,tangled_rope,False
adversarial_truth_decay,moderate,0.752415,0.028885422381342406,0.04499899106238173,0.26682740844083336,0.017772831123820693,0.05076770441485878,snare,snare,True
adversarial_truth_decay,institutional,0.273621,6.837957555278584,6.81542132083099,2.850629053313121,1.710061685992394,0.9825233168324665,snare,tangled_rope,False
adversarial_truth_decay,analytical,0.931553,5.2766681093834595,4.28509133654873,2.759299543371896,1.6200306148665344,0.9791088668377607,snare,tangled_rope,False
advice_as_dangerous_gift,powerless,0.586918,0.025619930184560793,0.026255832288910343,0.22774908968555663,0.012953405204326937,0.11218109216632566,tangled_rope,tangled_rope,True
advice_as_dangerous_gift,moderate,0.509453,0.031050003397284913,0.02899388181010683,0.24492974638622675,0.01497891042090435,0.11270052056163188,tangled_rope,tangled_rope,True
advice_as_dangerous_gift,institutional,-0.022816,9.073287831113628,12.59353946596149,2.572230584920703,1.4382973242390384,0.8739834064264257,tangled_rope,rope,False
advice_as_dangerous_gift,analytical,0.739763,0.1066602737930108,0.09075449302669332,0.44320018717430915,0.048905975270824825,0.1933722591201123,tangled_rope,tangled_rope,True
agentive_optimism_2026,powerless,0.64044,0.00022117061855125568,0.000221400083124725,0.021035796838583334,0.00011062516731590637,0.010275733284407063,snare,snare,True
agentive_optimism_2026,moderate,0.641765,0.0001547761801719798,0.00015531276292620017,0.01760722340655693,7.750307845658095e-05,0.008558586029067228,snare,snare,True
agentive_optimism_2026,institutional,-0.024506,13.451264551256886,14.253966909424056,2.6459099470214937,1.5093763103179594,0.857166363758337,snare,rope,False
agentive_optimism_2026,analytical,0.79456,0.9832138324170167,0.6220743480444271,1.2382798182501984,0.37124420279070114,0.5192721647615954,snare,tangled_rope,False
agg1_genetic_determinism,powerless,0.3016,2.860223659497747,0.4606214499289143,1.254441416496279,0.3806764188332022,0.34824324733157497,tangled_rope,tangled_rope,True
agg1_genetic_determinism,moderate,0.641765,0.0001625215704105067,0.00016741717056133695,0.018154385656934523,8.239486389634455e-05,0.008075976335080615,tangled_rope,tangled_rope,True
agg1_genetic_determinism,institutional,0.010072,8.56686826442456,13.076887146688302,2.4829024775893442,1.3531532310730299,0.8396707575932139,tangled_rope,rope,False
agg1_genetic_determinism,analytical,0.79456,0.6733080659449923,0.3350217973624727,0.9554784388751437,0.22392672699499724,0.3245478603281996,tangled_rope,tangled_rope,True
aging_well_assessment,powerless,0.56518,0.015735682030402015,0.01863339133175189,0.18489135306452306,0.008540118377482935,0.054556274914784875,tangled_rope,tangled_rope,True
aging_well_assessment,moderate,0.575376,0.020899998923317203,0.025277630213041264,0.21415937858789622,0.011455108168398169,0.06441714067843596,tangled_rope,tangled_rope,True
aging_well_assessment,institutional,-0.021971,3.757999189346797,11.760093726149362,2.595835431515737,1.4609907014487429,0.922272834686685,tangled_rope,rope,False
aging_well_assessment,analytical,0.712364,0.00035312701733769634,0.0003966827466325528,0.026941111476974387,0.000181453128067164,0.00573448843836008,tangled_rope,tangled_rope,True
ai_adoption_stigma,powerless,0.2704,3.6334502093829513,0.527269055829272,1.338080419773016,0.43116535805352857,0.3850601026427936,tangled_rope,tangled_rope,True
ai_adoption_stigma,moderate,0.575376,0.06295467041429036,0.06377102488715672,0.3559756934391985,0.03159612836946664,0.17679068611482207,tangled_rope,snare,False
ai_adoption_stigma,institutional,-0.021971,9.364214806137696,11.707055888617946,2.5214880265716118,1.389783088126282,0.8483596832844696,tangled_rope,rope,False
ai_adoption_stigma,analytical,0.712364,0.0009842454912296983,0.0009939552983148788,0.04438902199579345,0.0004925760978399015,0.021119832043433262,tangled_rope,tangled_rope,True
ai_auditability_gap,powerless,0.630393,0.0008744019079212669,0.0008703579369613134,0.041769847880971975,0.0004361641938108254,0.02050213050061589,snare,snare,True
ai_auditability_gap,moderate,0.662133,0.0016938968280958966,0.001708029652660333,0.05832046632846413,0.0008502589463385701,0.02876085118171645,snare,snare,True
ai_auditability_gap,institutional,-0.024506,13.513276065126751,14.286708333831768,2.6518467853528613,1.5151338970472574,0.8597395684384596,snare,rope,False
ai_auditability_gap,analytical,0.79456,0.985921946818423,0.6263520922588168,1.2412584679999572,0.37297462302636963,0.5212606973425843,snare,tangled_rope,False
ai_banal_capture,powerless,0.3016,2.860223659497747,0.4606214499289143,1.254441416496279,0.3806764188332022,0.34824324733157497,tangled_rope,tangled_rope,True
ai_banal_capture,moderate,0.641765,0.0001625215704105067,0.00016741717056133695,0.018154385656934523,8.239486389634455e-05,0.008075976335080615,tangled_rope,tangled_rope,True
ai_banal_capture,institutional,-0.042575,9.127013646906788,14.707637226054658,2.717211545926776,1.578796345299337,0.9319189257269042,tangled_rope,rope,False
ai_banal_capture,analytical,0.79456,0.6733080659449923,0.3350217973624727,0.9554784388751437,0.22392672699499724,0.3245478603281996,tangled_rope,tangled_rope,True
ai_driven_surveillance_sensor_layer,powerless,0.3536,1.8971008763932737,0.4795088596846334,1.2658050255263897,0.38737178622016255,0.38261589662961537,tangled_rope,tangled_rope,True
ai_driven_surveillance_sensor_layer,moderate,0.752415,0.20933043243091162,0.16339360244078985,0.6069035878371647,0.09137855011130291,0.256626938114361,tangled_rope,tangled_rope,True
ai_driven_surveillance_sensor_layer,institutional,-0.049915,9.535899812226942,18.394743988528624,2.6159828971418344,1.4804197134522854,0.8798148059713615,tangled_rope,rope,False
ai_driven_surveillance_sensor_layer,analytical,0.931553,3.146747243181401,0.4857592992672913,1.323045747226095,0.4218847673400679,0.38383055164274865,tangled_rope,tangled_rope,True
ai_evaluators_matching,powerless,0.630393,0.0008750404663001636,0.0008709770978205468,0.04178499306526079,0.0004364805341705849,0.0205389838765066,snare,snare,True
ai_evaluators_matching,moderate,0.641765,0.0001547761801719798,0.00015531276292620017,0.01760722340655693,7.750307845658095e-05,0.008558586029067228,snare,snare,True
ai_evaluators_matching,institutional,0.063872,12.933066517601798,8.439933378383763,2.20120010136225,1.0938774595737055,0.578028457455381,snare,rope,False
ai_evaluators_matching,analytical,0.79456,0.9832138324170167,0.6220743480444271,1.2382798182501984,0.37124420279070114,0.5192721647615954,snare,tangled_rope,False
ai_performance_watermark,powerless,0.56518,0.01626373060740003,0.019229491628570083,0.18789959318761745,0.008820073836806845,0.05634931370490315,tangled_rope,tangled_rope,True
ai_performance_watermark,moderate,0.575376,0.021596724317573267,0.02607351333990087,0.2176066115524475,0.01182648545386387,0.06650962916954128,tangled_rope,tangled_rope,True
ai_performance_watermark,institutional,-0.021971,3.91218836821958,11.776995950045052,2.6272055968336203,1.4912652060316638,0.9308107292931446,tangled_rope,rope,False
ai_performance_watermark,analytical,0.712364,0.0006075172755381812,0.0008529055127589971,0.037267312839533814,0.0003472031052718087,0.005960940985988747,tangled_rope,tangled_rope,True
ai_professional_displacement,powerless,0.630393,0.0008624565705678521,0.0008668200184115048,0.04158326265090681,0.0004322763603720592,0.02037269584285084,tangled_rope,tangled_rope,True
ai_professional_displacement,moderate,0.641765,0.00014907492501901634,0.00014874809406627095,0.01725233274307542,7.441028485727843e-05,0.008406357650108665,tangled_rope,tangled_rope,True
ai_professional_displacement,institutional,0.063872,9.74041273444828,12.443268402127188,2.6407608682760726,1.5043861971841734,0.8067920271075211,tangled_rope,rope,False
ai_professional_displacement,analytical,0.79456,0.7406220938480033,0.3795239594361449,1.0124181825824687,0.2508222650069425,0.36276678894917413,tangled_rope,tangled_rope,True
ai_religion_regulation,powerless,0.3016,4.590854111276769,0.8815254518754129,1.7084378767618853,0.6863846482101913,0.5779188458356345,snare,tangled_rope,False
ai_religion_regulation,moderate,0.641765,0.0001547761801719798,0.00015531276292620017,0.01760722340655693,7.750307845658095e-05,0.008558586029067228,snare,snare,True
ai_religion_regulation,institutional,-0.042575,13.569116173523632,14.879469592636685,2.7115374537944934,1.5732512146639879,0.8917163692905876,snare,rope,False
ai_religion_regulation,analytical,0.79456,0.9832138324170167,0.6220743480444271,1.2382798182501984,0.37124420279070114,0.5192721647615954,snare,tangled_rope,False
ai_scholar_citation_trap,powerless,0.56518,0.006055974725504485,0.004970703366413792,0.10462243743538491,0.0027358396412265965,0.017528956718694033,snare,snare,True
ai_scholar_citation_trap,moderate,0.575376,0.007649037448609809,0.006107464859157667,0.11672872068468453,0.0034054317053649483,0.019218821238767725,snare,snare,True
ai_scholar_citation_trap,institutional,-0.021971,22.209926624530272,12.61943618935729,3.1184919663953714,1.9768998264476152,0.9972379251949988,snare,rope,False
ai_scholar_citation_trap,analytical,0.712364,0.0012182841800033087,0.002123453359488288,0.05577282175425572,0.0007776015177062059,0.004918684513684157,snare,snare,True
ai_superpowers_race_2026,powerless,0.630393,0.0008856784689267521,0.0008884636906138897,0.042120268759333904,0.0004435128671480704,0.020918683649674086,tangled_rope,tangled_rope,True
ai_superpowers_race_2026,moderate,0.641765,0.0001521879877267945,0.0001522859434725551,0.017448057859343686,7.61081980556502e-05,0.008649145410708214,tangled_rope,tangled_rope,True
ai_superpowers_race_2026,institutional,-0.024506,10.78756801164802,14.476613374965394,2.7421437989849107,1.6032015126713373,0.8977504597785195,tangled_rope,rope,False
ai_superpowers_race_2026,analytical,0.79456,0.8028376410797939,0.4284104839559752,1.0665191470854087,0.27769066650385865,0.39874847665941904,tangled_rope,tangled_rope,True
ai_task_horizon_reliability,powerless,0.2704,3.556700456197528,0.5152645280755648,1.3211429417288723,0.4207165517967485,0.3765726887082644,tangled_rope,tangled_rope,True
ai_task_horizon_reliability,moderate,0.403807,0.8478696045522248,0.38928028131595405,1.0470968784874084,0.26789885827084026,0.3578811919802234,tangled_rope,tangled_rope,True
ai_task_horizon_reliability,institutional,-0.021971,9.211305010249216,11.738069373391989,2.5284721464247064,1.3964378955701757,0.852246854333815,tangled_rope,rope,False
ai_task_horizon_reliability,analytical,0.712364,0.0009585819283254864,0.0009528670010176377,0.04366779169313024,0.0004767000697220546,0.0209141862334305,tangled_rope,tangled_rope,True
ai_training_data_dependency,powerless,0.2704,2.5323558191645623,0.39796033236861794,1.0946100705016304,0.29213990371874216,0.26464472480339785,tangled_rope,tangled_rope,True
ai_training_data_dependency,moderate,0.575376,0.05506568161293547,0.059378692976364736,0.33811141883291607,0.028511830460909913,0.15965401746202756,tangled_rope,tangled_rope,True
ai_training_data_dependency,institutional,0.00903,7.056850710486817,11.215174021092595,2.527867651212674,1.3958616111598758,0.8558263064026176,tangled_rope,rope,False
ai_training_data_dependency,analytical,0.712364,0.0007925270754015961,0.0007697857440317467,0.03942510431366474,0.00038857212952567415,0.017164046997790172,tangled_rope,tangled_rope,True
airport_slot_use_it_or_lose_it,powerless,0.56518,0.011963603306922206,0.014308619539488164,0.16159531405208327,0.006524710637260749,0.04168130347664175,tangled_rope,tangled_rope,True
airport_slot_use_it_or_lose_it,moderate,0.575376,0.015917966333656195,0.01948035873614747,0.18741712105192596,0.008774870268996579,0.04935408000948505,tangled_rope,tangled_rope,True
airport_slot_use_it_or_lose_it,institutional,0.120099,2.2243526697607368,7.749859855455868,2.063213135858446,0.9731182557769934,0.698026008113076,tangled_rope,rope,False
airport_slot_use_it_or_lose_it,analytical,0.712364,0.000272584822507139,0.0002035244256979841,0.020819431785728027,0.0001083612064434768,0.004313267716533398,tangled_rope,tangled_rope,True
algeria_france_colonial_legacy,powerless,0.3016,4.401900459700516,0.8232293469561432,1.6563791781976476,0.6475787752837242,0.5513983557578446,snare,tangled_rope,False
algeria_france_colonial_legacy,moderate,0.493099,0.20847925042684398,0.19005859393298147,0.6307118200019812,0.09862789616761058,0.3031973634848008,snare,tangled_rope,False
algeria_france_colonial_legacy,institutional,-0.024506,12.93464084178771,14.338070883597883,2.6582092074393184,1.5213089592689073,0.8666214905278807,snare,rope,False
algeria_france_colonial_legacy,analytical,0.79456,0.9556340946088397,0.5833608235832104,1.2089498870220754,0.3543987670759751,0.4983995499442636,snare,tangled_rope,False
algorithmic_bias,powerless,0.56518,0.04829203007749851,0.0492459233807494,0.31229717810588387,0.024332880398419243,0.1548382227248548,tangled_rope,snare,False
algorithmic_bias,moderate,0.575376,0.06268179334849551,0.06376316682470232,0.3555769454479713,0.03152556933235385,0.17639902736736968,tangled_rope,snare,False
algorithmic_bias,institutional,0.151521,7.215931015249727,1.8040365471292623,1.4787035695109354,0.5221890254869261,0.3765864446366697,tangled_rope,tangled_rope,True
algorithmic_bias,analytical,0.712364,0.0009585819283254864,0.0009528670010176377,0.04366779169313024,0.0004767000697220546,0.0209141862334305,tangled_rope,tangled_rope,True
algorithmic_epistemic_capture,powerless,0.630393,0.000846731324507533,0.0008417949697589987,0.041090477565246405,0.0004220919889956138,0.019677216457403446,snare,snare,True
algorithmic_epistemic_capture,moderate,0.4504,0.7107950790652157,0.5520082017520682,1.1153844195559652,0.30304255991253853,0.5046776899515852,snare,tangled_rope,False
algorithmic_epistemic_capture,institutional,-0.024506,14.439798659048506,14.309590779546705,2.6658783839732627,1.5287587281306951,0.8519526812206717,snare,rope,False
algorithmic_epistemic_capture,analytical,0.79456,1.0252842239420819,0.6963920748577435,1.2882920739168253,0.4007742464903634,0.5543674708071646,snare,tangled_rope,False
alignment_tax_tradeoff,powerless,0.3016,2.4314588090155884,0.40097990905564584,1.143988582708184,0.31835376371286245,0.2940819549636708,tangled_rope,tangled_rope,True
alignment_tax_tradeoff,moderate,0.641765,0.0001293232520092051,0.00012974058866065924,0.016093575840562063,6.475044644603796e-05,0.0073525632212825265,tangled_rope,tangled_rope,True
alignment_tax_tradeoff,institutional,0.063872,7.119509352935036,10.93114250615454,2.256707535636794,1.1437037968636143,0.7308545544961071,tangled_rope,rope,False
alignment_tax_tradeoff,analytical,0.79456,0.5786828790715073,0.2719043947757168,0.8724395691540549,0.1872893242713274,0.2754683245445602,tangled_rope,tangled_rope,True
alternative_sovereignty_scaffold,powerless,0.304328,0.013998586522612098,0.011241058144696113,0.15815392650777324,0.006249908289372358,0.03441562965555656,tangled_rope,tangled_rope,True
alternative_sovereignty_scaffold,moderate,0.309818,0.02024768860069605,0.01543685506274225,0.18760275693422798,0.008792249069413728,0.039560888148501006,tangled_rope,tangled_rope,True
alternative_sovereignty_scaffold,institutional,0.352479,0.09108005201694463,0.046006312842939066,0.3543139587098892,0.03130259842181663,0.06087692360384167,tangled_rope,tangled_rope,True
alternative_sovereignty_scaffold,analytical,0.383581,0.15662187242957143,0.05919838227709162,0.42469737228665716,0.04492277854331325,0.06579859727362913,tangled_rope,tangled_rope,True
altruistic_misery_paradox_2026,powerless,0.56518,0.04871864822026833,0.049327025813362166,0.3131156469051674,0.02446032985518971,0.15564425863314657,tangled_rope,snare,False
altruistic_misery_paradox_2026,moderate,0.403807,0.8792179508862974,0.41004388627621474,1.0712497455110572,0.2801002488650073,0.3729624565857582,tangled_rope,tangled_rope,True
altruistic_misery_paradox_2026,institutional,-0.021971,9.538294283685563,11.742655729203673,2.5310511590249654,1.3988971686600122,0.8515052948782101,tangled_rope,rope,False
altruistic_misery_paradox_2026,analytical,0.712364,0.001044504832886698,0.00109955233030059,0.04610672060538768,0.0005314338844134175,0.021320774403396858,tangled_rope,tangled_rope,True
alzheimers_levetiracetam,powerless,0.2704,3.0024013998706662,0.4357947679534223,1.1978706942429993,0.34812740944459886,0.3158239052681355,tangled_rope,tangled_rope,True
alzheimers_levetiracetam,moderate,0.575376,0.05950481555521146,0.06243657547964706,0.3491209566929233,0.030394063830766115,0.1701183320542472,tangled_rope,tangled_rope,True
alzheimers_levetiracetam,institutional,0.151521,6.128960060024673,2.06275792795812,1.417142760179757,0.4814153510278533,0.31583439889601855,tangled_rope,tangled_rope,True
alzheimers_levetiracetam,analytical,0.712364,0.0011888913737262425,0.0014389410964694416,0.05061605084805256,0.0006404619653165224,0.019281650972716224,tangled_rope,tangled_rope,True
amish_technological_renunciation,powerless,0.690901,0.041366179864804654,0.041621423605931046,0.2880730531535945,0.020710677606024602,0.14346377297753088,snare,tangled_rope,False
amish_technological_renunciation,moderate,0.686025,0.0317657919411734,0.03203350852094668,0.25258267341279433,0.01592831411048867,0.12579891772587898,snare,tangled_rope,False
amish_technological_renunciation,institutional,-0.026196,13.671571040705926,15.813986390730493,2.662933340364181,1.5258971138386543,0.8612999049018402,snare,rope,False
amish_technological_renunciation,analytical,0.849357,2.3106037857279853,0.8459472503184317,1.5890218018863524,0.5987323354346512,0.58124779168491,snare,tangled_rope,False
ancestral_pueblo_hydrology,powerless,0.3536,2.1607623879100117,3.550993353737973,2.231973799666092,1.121417757013032,0.8809908600518885,snare,tangled_rope,False
ancestral_pueblo_hydrology,moderate,0.752415,0.02986411811979079,0.04641594215957581,0.2711794030880075,0.018356418393979966,0.05249181154632376,snare,snare,True
ancestral_pueblo_hydrology,institutional,-0.028731,22.64265207547223,20.400949443048425,3.1273179833940286,1.9857254509995699,0.9892793052811777,snare,rope,False
ancestral_pueblo_hydrology,analytical,0.931553,5.257653840543186,4.083694888483468,2.748468477618723,1.6094024385792383,0.9784225199376132,snare,tangled_rope,False
ancient_grudge_verona,powerless,0.3016,4.913419709859274,0.9976192148909532,1.8013504719600217,0.7578382078243593,0.6245286172438945,snare,tangled_rope,False
ancient_grudge_verona,moderate,0.641765,0.00016426996337572764,0.00016785656282097117,0.018216179516110462,8.295672554950964e-05,0.008234130903001735,snare,snare,True
ancient_grudge_verona,institutional,-0.024506,14.439798659048506,14.309590779546705,2.6658783839732627,1.5287587281306951,0.8519526812206717,snare,rope,False
ancient_grudge_verona,analytical,0.79456,1.0252842239420819,0.6963920748577435,1.2882920739168253,0.4007742464903634,0.5543674708071646,snare,tangled_rope,False
anticipatory_capacity_failure,powerless,0.630393,0.0008856784689267521,0.0008884636906138897,0.042120268759333904,0.0004435128671480704,0.020918683649674086,tangled_rope,tangled_rope,True
anticipatory_capacity_failure,moderate,0.641765,0.0001521879877267945,0.0001522859434725551,0.017448057859343686,7.61081980556502e-05,0.008649145410708214,tangled_rope,tangled_rope,True
anticipatory_capacity_failure,institutional,-0.024506,10.78756801164802,14.476613374965394,2.7421437989849107,1.6032015126713373,0.8977504597785195,tangled_rope,rope,False
anticipatory_capacity_failure,analytical,0.79456,0.8028376410797939,0.4284104839559752,1.0665191470854087,0.27769066650385865,0.39874847665941904,tangled_rope,tangled_rope,True
antifragility,powerless,0.31202,0.00012693056325603267,0.00013305075166168473,0.016120491818381842,6.496721238521107e-05,0.0018007881026677053,rope,rope,True
antifragility,moderate,0.282412,4.6502965867718294e-07,4.663905513684183e-07,0.0009651003362113685,2.3285466030691668e-07,0.00010424503172778987,rope,rope,True
antifragility,institutional,0.018777,0.006478669570564161,0.00863747126521408,0.12199524549003529,0.003719556483382668,0.016748146343657323,rope,rope,True
antifragility,analytical,0.383581,0.0032606941567599945,0.004045370831542324,0.08509642931899747,0.0018100774730922704,0.010925207088890554,rope,rope,True
antikythera_knowledge_loss,powerless,0.3016,3.0134010214993943,13.693312941370658,2.6790602374637045,1.5415795906207646,0.9506920893219979,snare,rope,False
antikythera_knowledge_loss,moderate,0.641765,3.0197586756149577e-05,3.616562036387636e-05,0.008119790768070205,1.6482727889267448e-05,0.00011969495974750927,snare,snare,True
antikythera_knowledge_loss,institutional,-0.046549,23.017223236075818,16.6350409958756,3.1403028092920238,1.9987101557916438,0.9996356690049345,snare,rope,False
antikythera_knowledge_loss,analytical,-0.010117,23.017085253816163,16.634020462538412,3.1402211757209546,1.9986285222386484,0.9996356690049345,snare,rope,False
apartheid_nuclear_program,powerless,0.3536,0.030925866194828167,0.01142791724500667,0.15293329198995648,0.005844299410037201,0.00582593719061287,tangled_rope,tangled_rope,True
apartheid_nuclear_program,moderate,0.752415,0.004067421356222345,0.002586520701127168,0.07989313658649226,0.0015955161339543437,0.004465774859370893,tangled_rope,tangled_rope,True
apartheid_nuclear_program,institutional,-0.028731,2.201719174262612,17.459469668512565,2.4343989380188455,1.3074512557451445,0.8746573376244884,tangled_rope,rope,False
apartheid_nuclear_program,analytical,0.931553,0.05672022645133061,0.03258590338066076,0.21867927515928776,0.011943250611151738,0.007761321141445253,tangled_rope,tangled_rope,True
ape_cognition_framework,powerless,0.2704,2.7876738233464087,0.3970092214473974,1.1473930993360764,0.3201990980563005,0.29268257175318757,tangled_rope,tangled_rope,True
ape_cognition_framework,moderate,0.575376,0.057707594538411414,0.061295890922908415,0.34484686482406945,0.029656257715577946,0.16601679065891467,tangled_rope,tangled_rope,True
ape_cognition_framework,institutional,-0.021971,7.603840595161866,11.77257670051977,2.5349928307613805,1.4026577645899743,0.8723447249451269,tangled_rope,rope,False
ape_cognition_framework,analytical,0.712364,0.0008442050409779833,0.0008335699099327685,0.04089195602713298,0.000418023454152575,0.018305166171026566,tangled_rope,tangled_rope,True
appropriations_brinkmanship,powerless,0.3016,4.866100294040117,0.9774423367537308,1.7872237287327157,0.7467975011837821,0.6175892774107397,snare,tangled_rope,False
appropriations_brinkmanship,moderate,0.641765,0.0001525363479530036,0.00015351227808458668,0.01749107208157086,7.648391315304028e-05,0.008277779153339493,snare,snare,True
appropriations_brinkmanship,institutional,-0.033992,14.311538622827207,14.528850264609154,2.6752427635157425,1.53786458681414,0.8600769515038615,snare,rope,False
appropriations_brinkmanship,analytical,0.79456,1.017995896170704,0.6811414001011024,1.2794223714493755,0.39546359400473957,0.5491700697648784,snare,tangled_rope,False
arctic_geopolitical_flashpoint,powerless,0.3016,4.553004315649656,0.8685549419369445,1.6978351020385958,0.678408036429523,0.5725781246656964,snare,tangled_rope,False
arctic_geopolitical_flashpoint,moderate,0.641765,0.00015307661331721124,0.00015317378234686122,0.017498805592115422,7.655156093745314e-05,0.008585031042155411,snare,snare,True
arctic_geopolitical_flashpoint,institutional,0.169004,10.263614807696621,1.8776842958523234,1.7870011070582703,0.7466240109665132,0.5726853635962376,snare,tangled_rope,False
arctic_geopolitical_flashpoint,analytical,0.79456,0.977698119148956,0.613718644442507,1.232258069100065,0.36775695928929264,0.5151062561416241,snare,tangled_rope,False
arg_ev_tariff,powerless,0.2704,2.7876738233464087,0.3970092214473974,1.1473930993360764,0.3201990980563005,0.29268257175318757,tangled_rope,tangled_rope,True
arg_ev_tariff,moderate,0.575376,0.057707594538411414,0.061295890922908415,0.34484686482406945,0.029656257715577946,0.16601679065891467,tangled_rope,tangled_rope,True
arg_ev_tariff,institutional,0.00903,7.260046284894966,10.586560088217922,2.360834849321227,1.2389223243192966,0.7947565544469587,tangled_rope,rope,False
arg_ev_tariff,analytical,0.712364,0.0008442050409779833,0.0008335699099327685,0.04089195602713298,0.000418023454152575,0.018305166171026566,tangled_rope,tangled_rope,True
armra_colostrum_regulation,powerless,0.56518,0.0456667624388137,0.04785055154886819,0.30574110281388517,0.023323930165248648,0.1484564411031184,tangled_rope,tangled_rope,True
armra_colostrum_regulation,moderate,0.575376,0.05950481555521146,0.06243657547964706,0.3491209566929233,0.030394063830766115,0.1701183320542472,tangled_rope,tangled_rope,True
armra_colostrum_regulation,institutional,0.403807,0.7265022370996713,0.31582606393629997,0.9535112664770338,0.2230231341070402,0.30147623910244353,tangled_rope,tangled_rope,True
armra_colostrum_regulation,analytical,0.712364,0.0011888913737262425,0.0014389410964694416,0.05061605084805256,0.0006404619653165224,0.019281650972716224,tangled_rope,tangled_rope,True
arrows_impossibility_theorem,powerless,0.56518,0.0456667624388137,0.04785055154886819,0.30574110281388517,0.023323930165248648,0.1484564411031184,tangled_rope,tangled_rope,True
arrows_impossibility_theorem,moderate,0.575376,0.05950481555521146,0.06243657547964706,0.3491209566929233,0.030394063830766115,0.1701183320542472,tangled_rope,tangled_rope,True
arrows_impossibility_theorem,institutional,0.034872,7.524511712686814,9.458743261967895,2.237036116693214,1.12596827257235,0.7218186525883808,tangled_rope,rope,False
arrows_impossibility_theorem,analytical,0.712364,0.0011888913737262425,0.0014389410964694416,0.05061605084805256,0.0006404619653165224,0.019281650972716224,tangled_rope,tangled_rope,True
artificial_scarcity_scaffold,powerless,0.304328,0.00901701076293959,0.007176366510435957,0.12663236754700846,0.004007600007188826,0.02208101189860845,tangled_rope,tangled_rope,True
artificial_scarcity_scaffold,moderate,0.309818,0.013022115203855203,0.00982688617716835,0.15003872332437104,0.005625265676765023,0.025331565741356865,tangled_rope,tangled_rope,True
artificial_scarcity_scaffold,institutional,-0.011831,3.6052147917358095,2.9837030704269933,2.4441009964691345,1.3165611926863654,0.9374204373955403,tangled_rope,rope,False
artificial_scarcity_scaffold,analytical,0.383581,0.09971457712535063,0.03709159178940713,0.33719239162797726,0.028357410815510905,0.04170711315637343,tangled_rope,tangled_rope,True
artificial_snow_2026,powerless,0.39448,0.7744812425419068,1.8177167532396015,1.4854769661993763,0.5267614680117695,0.5587538802166494,snare,tangled_rope,False
artificial_snow_2026,moderate,0.641765,1.487508464401553e-05,1.6079440744903457e-05,0.00555314535259213,7.709350874067174e-06,0.00045037327634946805,snare,snare,True
artificial_snow_2026,institutional,-0.024506,22.727443173409828,16.361337024608623,3.128260374249754,1.9866678194017533,0.9963898467717405,snare,rope,False
artificial_snow_2026,analytical,0.79456,0.2122762354652049,0.49468178916300276,0.7824694424234885,0.15112214350546002,0.2207484596392686,snare,snare,True
asean_ceasefire_2011,powerless,0.148332,7.689174888782555,1.9402442398192346,1.5227300705805675,0.5522101327059173,0.39548592562121637,tangled_rope,tangled_rope,True
asean_ceasefire_2011,moderate,0.575376,0.06323375675176958,0.06372497592419347,0.3563063758469864,0.031654702452482655,0.1771157535987099,tangled_rope,snare,False
asean_ceasefire_2011,institutional,-0.021971,9.600678573422705,11.768717972503136,2.5377907324202584,1.4053285427494289,0.8541575446616818,tangled_rope,rope,False
asean_ceasefire_2011,analytical,0.712364,0.0010811134094864897,0.0011654509829568185,0.04713314910187869,0.0005553577323109621,0.021392152008916032,tangled_rope,tangled_rope,True
asshole_filter_2015,powerless,0.56518,0.04421875747633546,0.04683023926917067,0.301647858175195,0.022704768184582856,0.1445364428073025,tangled_rope,tangled_rope,True
asshole_filter_2015,moderate,0.442089,0.2996789831227114,0.1883067500900516,0.6841988681418716,0.11589509154759597,0.24091492736568682,tangled_rope,tangled_rope,True
asshole_filter_2015,institutional,-0.021971,7.603840595161866,11.77257670051977,2.5349928307613805,1.4026577645899743,0.8723447249451269,tangled_rope,rope,False
asshole_filter_2015,analytical,0.712364,0.0008442050409779833,0.0008335699099327685,0.04089195602713298,0.000418023454152575,0.018305166171026566,tangled_rope,tangled_rope,True
asymmetric_burden_distribution,powerless,0.3016,4.590854111276769,0.8815254518754129,1.7084378767618853,0.6863846482101913,0.5779188458356345,snare,tangled_rope,False
asymmetric_burden_distribution,moderate,0.547191,0.012842968893892668,0.012948900706631876,0.16059735173177153,0.006444413496849009,0.0799775726767159,snare,tangled_rope,False
asymmetric_burden_distribution,institutional,-0.024506,13.451264551256886,14.253966909424056,2.6459099470214937,1.5093763103179594,0.857166363758337,snare,rope,False
asymmetric_burden_distribution,analytical,0.79456,0.9832138324170167,0.6220743480444271,1.2382798182501984,0.37124420279070114,0.5192721647615954,snare,tangled_rope,False
asymmetric_computational_difficulty,powerless,0.4056,0.015420725025115883,0.019739228620647954,0.16077002274518642,0.006458271284932042,0.015213530371405957,tangled_rope,tangled_rope,True
asymmetric_computational_difficulty,moderate,0.863064,0.046754717905845435,0.016682155630363987,0.22784420526974442,0.012964215301580451,0.018773198969217364,tangled_rope,tangled_rope,True
asymmetric_computational_difficulty,institutional,-0.032957,4.921505455900196,19.003531530916412,2.948185417331619,1.8068940670124125,0.9710868266390417,tangled_rope,rope,False
asymmetric_computational_difficulty,analytical,1.068546,0.32155991842319553,0.019645494474165356,0.2797915577555497,0.01953893165053226,0.019448571631098543,tangled_rope,tangled_rope,True
atrophied_optimization_piton,powerless,0.195639,0.00030959372256635954,0.0003415946354653125,0.025494873443475265,0.00016249494254321818,0.0021990405174785455,rope,rope,True
atrophied_optimization_piton,moderate,0.199169,0.00048338270790525273,0.0005457248430097198,0.03203476975110138,0.0002565511331900617,0.0028144991177516676,rope,rope,True
atrophied_optimization_piton,institutional,-0.014446,0.007815767044323593,0.003889618257873863,0.10293408563695317,0.002648271844707995,0.005613707046379646,rope,rope,True
atrophied_optimization_piton,analytical,0.246588,0.010310040026851652,0.016155802815275885,0.15959793696908076,0.006364496935320575,0.018969246655238914,rope,rope,True
attention_as_bottleneck_resource,powerless,0.2704,3.6334502093829513,0.527269055829272,1.338080419773016,0.43116535805352857,0.3850601026427936,tangled_rope,tangled_rope,True
attention_as_bottleneck_resource,moderate,0.575376,0.06295467041429036,0.06377102488715672,0.3559756934391985,0.03159612836946664,0.17679068611482207,tangled_rope,snare,False
attention_as_bottleneck_resource,institutional,-0.03817,9.517829347708401,12.225482562271493,2.5960751265161175,1.4612215313860302,0.8813665493315491,tangled_rope,rope,False
attention_as_bottleneck_resource,analytical,0.712364,0.0009842454912296983,0.0009939552983148788,0.04438902199579345,0.0004925760978399015,0.021119832043433262,tangled_rope,tangled_rope,True
attention_market_cannibalization,powerless,0.3016,4.533199320264565,0.8620553222554574,1.6923247735233027,0.6742771948681852,0.5697892422375538,snare,tangled_rope,False
attention_market_cannibalization,moderate,0.641765,0.00015269739340484598,0.00015267240161400062,0.017473888788967776,7.633371177818297e-05,0.008598837815198102,snare,snare,True
attention_market_cannibalization,institutional,-0.042575,13.389836022819884,14.842069078473612,2.7034083403151636,1.565312857499321,0.8889835869682057,snare,rope,False
attention_market_cannibalization,analytical,0.79456,0.9748454828322008,0.6095509754850228,1.2291730857799055,0.3659761506302549,0.5129254154315126,snare,tangled_rope,False
attribution_ambiguity_triplet_sc,powerless,0.413016,0.0004909801252244756,0.0004505687295599714,0.030216463035452334,0.00022825431779171276,0.0005483482752362347,tangled_rope,tangled_rope,True
attribution_ambiguity_triplet_sc,moderate,0.420467,0.00072193351642639,0.0006839131120340436,0.03663752066046382,0.0003355675958158039,0.0006085596993946139,tangled_rope,tangled_rope,True
attribution_ambiguity_triplet_sc,institutional,-0.016056,3.181789293351769,6.65222332609449,2.6759800296320493,1.5385819321771255,0.9579053620689417,tangled_rope,rope,False
attribution_ambiguity_triplet_sc,analytical,0.520574,0.00963885718867528,0.024293562831004614,0.15571994285238175,0.006059113271970456,0.00662469969608963,tangled_rope,tangled_rope,True
attritional_warfare_doctrine_ru_ua_2026,powerless,0.4056,0.008529968968925317,0.005973431477961103,0.11492035571920492,0.0033007637197733247,0.008706728952869117,tangled_rope,tangled_rope,True
attritional_warfare_doctrine_ru_ua_2026,moderate,0.863064,0.026869519288832074,0.009678033274343164,0.1728931038714968,0.00746835368204405,0.010729962074647959,tangled_rope,tangled_rope,True
attritional_warfare_doctrine_ru_ua_2026,institutional,-0.032957,2.189910287575834,19.515909530925512,2.3993658011423267,1.2746934293687455,0.8573424250926812,tangled_rope,rope,False
attritional_warfare_doctrine_ru_ua_2026,analytical,1.068546,0.21711870484353876,0.19110309171625026,0.40952779692081714,0.041781960498868856,0.033123641586009,tangled_rope,tangled_rope,True
au_social_media_ban_u16,powerless,0.2704,2.7876738233464087,0.3970092214473974,1.1473930993360764,0.3201990980563005,0.29268257175318757,tangled_rope,tangled_rope,True
au_social_media_ban_u16,moderate,0.575376,0.057707594538411414,0.061295890922908415,0.34484686482406945,0.029656257715577946,0.16601679065891467,tangled_rope,tangled_rope,True
au_social_media_ban_u16,institutional,0.151521,5.682177654985166,1.8886405194246128,1.3583779395581632,0.44383513378358963,0.2926919850860625,tangled_rope,tangled_rope,True
au_social_media_ban_u16,analytical,0.712364,0.0008442050409779833,0.0008335699099327685,0.04089195602713298,0.000418023454152575,0.018305166171026566,tangled_rope,tangled_rope,True
australia_social_ban_2026,powerless,0.2704,3.556700456197528,0.5152645280755648,1.3211429417288723,0.4207165517967485,0.3765726887082644,tangled_rope,tangled_rope,True
australia_social_ban_2026,moderate,0.575376,0.06268179334849551,0.06376316682470232,0.3555769454479713,0.03152556933235385,0.17639902736736968,tangled_rope,snare,False
australia_social_ban_2026,institutional,0.057264,8.512074718853546,7.356083216405482,2.029117740014371,0.944010776900651,0.5532175405780628,tangled_rope,rope,False
australia_social_ban_2026,analytical,0.712364,0.0009585819283254864,0.0009528670010176377,0.04366779169313024,0.0004767000697220546,0.0209141862334305,tangled_rope,tangled_rope,True
authoritarian_power_paradox,powerless,0.3016,4.913419709859274,0.9976192148909532,1.8013504719600217,0.7578382078243593,0.6245286172438945,snare,tangled_rope,False
authoritarian_power_paradox,moderate,0.641765,0.00016426996337572764,0.00016785656282097117,0.018216179516110462,8.295672554950964e-05,0.008234130903001735,snare,snare,True
authoritarian_power_paradox,institutional,-0.042575,14.544023125163653,14.954429084191537,2.7284047434740186,1.5897450402970779,0.8876580709283265,snare,rope,False
authoritarian_power_paradox,analytical,0.79456,1.0252842239420819,0.6963920748577435,1.2882920739168253,0.4007742464903634,0.5543674708071646,snare,tangled_rope,False
automatic_enrollment_defaults,powerless,0.343617,0.040977107245182234,0.034692641884005636,0.2743635280094997,0.018789342498648172,0.10149582407887048,tangled_rope,tangled_rope,True
automatic_enrollment_defaults,moderate,0.354077,0.08056122513955322,0.06246085167433761,0.3758739312001835,0.03521646504156872,0.13214048635923736,tangled_rope,tangled_rope,True
automatic_enrollment_defaults,institutional,-0.013521,4.977710422157504,1.5326991480869814,2.11345174852534,1.0165486840661384,0.7801256805292031,tangled_rope,rope,False
automatic_enrollment_defaults,analytical,0.438378,0.6220043059751036,0.22024036534998112,0.8264874908075206,0.16835397401367042,0.21351285817516852,tangled_rope,tangled_rope,True
availability_heuristic,powerless,0.630393,0.0008750404663001636,0.0008709770978205468,0.04178499306526079,0.0004364805341705849,0.0205389838765066,snare,snare,True
availability_heuristic,moderate,0.641765,0.0001547761801719798,0.00015531276292620017,0.01760722340655693,7.750307845658095e-05,0.008558586029067228,snare,snare,True
availability_heuristic,institutional,-0.024506,13.451264551256886,14.253966909424056,2.6459099470214937,1.5093763103179594,0.857166363758337,snare,rope,False
availability_heuristic,analytical,0.79456,0.9832138324170167,0.6220743480444271,1.2382798182501984,0.37124420279070114,0.5192721647615954,snare,tangled_rope,False
average_is_over_2026,powerless,0.630393,0.00014224504432319994,0.00013817571295987688,0.016741275299576086,7.006716554286555e-05,0.003291142814964232,snare,snare,True
average_is_over_2026,moderate,0.641765,2.5872679883134982e-05,2.4959584256067865e-05,0.007115616468846143,1.2657986081075852e-05,0.001396235854215333,snare,snare,True
average_is_over_2026,institutional,-0.053908,22.190740906915863,14.133122761120903,3.129382514473452,1.9877899367326461,0.9578920435401901,snare,rope,False
average_is_over_2026,analytical,0.79456,0.5019256318109805,0.8836535686906913,1.1391096235354568,0.31571774087413595,0.4487147842460547,snare,snare,True
awareness_without_leverage,powerless,0.2704,5.997898556774294,12.628341758584138,3.0279109805448408,1.8863795323873374,0.9969611383130486,snare,rope,False
awareness_without_leverage,moderate,0.575376,0.00011224487065658119,8.741101791480355e-05,0.014033074372738048,4.923159210704829e-05,0.00028128353317624644,snare,snare,True
awareness_without_leverage,institutional,-0.03817,23.01334362824999,13.254787381766688,3.1384820559159805,1.996889403580253,0.9998420034983169,snare,rope,False
awareness_without_leverage,analytical,0.712364,0.00022843034225368918,0.0004073902315238867,0.024154740746675864,0.0001458611021453985,0.0003621561777507054,snare,snare,True
axiom_of_choice_determinacy,powerless,0.13626,3.4346537563711765e-05,4.5223191572931926e-05,0.008857106121077471,1.96120501570497e-05,9.590132227277337e-05,mountain,mountain,True
axiom_of_choice_determinacy,moderate,0.119997,5.20001217344988e-13,5.201083342946381e-13,1.0198318143051182e-06,2.6001892869159244e-13,8.784403426886911e-09,mountain,mountain,True
axiom_of_choice_determinacy,institutional,-0.014325,0.1284401449351297,0.7827068540665388,0.6936118460530667,0.11907367763998677,0.12101574044094598,mountain,mountain,True
axiom_of_choice_determinacy,analytical,0.165603,0.0016492319606454511,0.004548428894057699,0.07145182586297744,0.0012762051067322904,0.0018905568153703145,mountain,mountain,True
axiom_reasoner_2026,powerless,0.3016,5.694673909413208,5.559317031612242,2.765153356033795,1.6257794316963496,0.9738811296184654,snare,tangled_rope,False
axiom_reasoner_2026,moderate,0.641765,1.4571031567571636e-05,1.4121320618299338e-05,0.00534803613154003,7.1503683554419105e-06,0.0007933386271337106,snare,snare,True
axiom_reasoner_2026,institutional,-0.024506,22.52879557967014,14.93825223429964,3.1291243090246863,1.9875317361982385,0.9765133008034144,snare,rope,False
axiom_reasoner_2026,analytical,0.79456,0.3272932818365979,0.666431855573666,0.9485220313415051,0.2207391105647403,0.32181374789104544,snare,snare,True
banach_fixed_point,powerless,0.09084,1.3468414487096588e-06,1.300286930222996e-06,0.0016268102795383656,6.616278847186579e-07,2.513172465057334e-05,mountain,mountain,True
banach_fixed_point,moderate,0.079998,1.5285891536206874e-13,1.5256865782383174e-13,5.527507362065157e-07,7.63483627406917e-14,8.765720815873124e-09,mountain,mountain,True
banach_fixed_point,institutional,-0.00955,0.30441971905114545,1.611121073605155,1.047472365275063,0.26808661582108406,0.26372930977201436,mountain,mountain,True
banach_fixed_point,analytical,0.110402,2.1603945683061705e-06,2.2546654458851707e-06,0.002100844510651439,1.1033868130839613e-06,3.43724292978687e-05,mountain,mountain,True
banach_fixed_point_theorem,powerless,0.13626,2.730279028570617e-05,3.5949374266308514e-05,0.007896875560758833,1.5590140650892342e-05,7.623432689174425e-05,mountain,mountain,True
banach_fixed_point_theorem,moderate,0.119997,4.132238557376591e-13,4.13497107665991e-13,9.088486839519166e-07,2.066924304130193e-13,6.982801670218919e-09,mountain,mountain,True
banach_fixed_point_theorem,institutional,-0.014325,0.10340849699810349,0.6392197195539203,0.6237856691241498,0.09649112264130194,0.09863579103813724,mountain,mountain,True
banach_fixed_point_theorem,analytical,0.165603,0.0013112644818884492,0.0036172414796492025,0.06371445995193167,0.0010147972723359908,0.0015034062402410342,mountain,mountain,True
banach_tarski_paradox,powerless,0.09084,2.026910696919324e-07,1.956927695787584e-07,0.0006311032707324072,9.957283415132512e-08,3.785681464751889e-06,mountain,mountain,True
banach_tarski_paradox,moderate,0.079998,2.3093065865718957e-14,2.28962918494325e-14,2.1490760299348777e-07,1.1497776216529816e-14,1.3206830073997367e-09,mountain,mountain,True
banach_tarski_paradox,institutional,-0.00955,0.05225489703994835,0.31934472327361857,0.44423409457143415,0.04913347937360198,0.05117249372040522,mountain,mountain,True
banach_tarski_paradox,analytical,0.110402,3.2579465519273214e-07,3.400217551338218e-07,0.0008158358283145231,1.6639702256925781e-07,5.184531822386724e-06,mountain,mountain,True
bangladesh_july_national_charter,powerless,0.3016,2.860223659497747,0.4606214499289143,1.254441416496279,0.3806764188332022,0.34824324733157497,tangled_rope,tangled_rope,True
bangladesh_july_national_charter,moderate,0.641765,0.0001625215704105067,0.00016741717056133695,0.018154385656934523,8.239486389634455e-05,0.008075976335080615,tangled_rope,tangled_rope,True
bangladesh_july_national_charter,institutional,-0.024506,8.93562672046415,14.290334409376495,2.648949583325645,1.51232363366711,0.9088164531710502,tangled_rope,rope,False
bangladesh_july_national_charter,analytical,0.79456,0.6733080659449923,0.3350217973624727,0.9554784388751437,0.22392672699499724,0.3245478603281996,tangled_rope,tangled_rope,True
base_pair_complementarity,powerless,0.09084,1.3468414487096588e-06,1.300286930222996e-06,0.0016268102795383656,6.616278847186579e-07,2.513172465057334e-05,mountain,mountain,True
base_pair_complementarity,moderate,0.079998,1.5285891536206874e-13,1.5256865782383174e-13,5.527507362065157e-07,7.63483627406917e-14,8.765720815873124e-09,mountain,mountain,True
base_pair_complementarity,institutional,-0.00955,0.30441971905114545,1.611121073605155,1.047472365275063,0.26808661582108406,0.26372930977201436,mountain,mountain,True
base_pair_complementarity,analytical,0.110402,2.1603945683061705e-06,2.2546654458851707e-06,0.002100844510651439,1.1033868130839613e-06,3.43724292978687e-05,mountain,mountain,True
basel_problem_convergence,powerless,0.09084,1.3468414487096588e-06,1.300286930222996e-06,0.0016268102795383656,6.616278847186579e-07,2.513172465057334e-05,mountain,mountain,True
basel_problem_convergence,moderate,0.079998,1.5285891536206874e-13,1.5256865782383174e-13,5.527507362065157e-07,7.63483627406917e-14,8.765720815873124e-09,mountain,mountain,True
basel_problem_convergence,institutional,-0.00955,0.30441971905114545,1.611121073605155,1.047472365275063,0.26808661582108406,0.26372930977201436,mountain,mountain,True
basel_problem_convergence,analytical,0.110402,2.1603945683061705e-06,2.2546654458851707e-06,0.002100844510651439,1.1033868130839613e-06,3.43724292978687e-05,mountain,mountain,True
bayes_theorem,powerless,0.56518,0.04421875747633546,0.04683023926917067,0.301647858175195,0.022704768184582856,0.1445364428073025,tangled_rope,tangled_rope,True
bayes_theorem,moderate,0.575376,0.057707594538411414,0.061295890922908415,0.34484686482406945,0.029656257715577946,0.16601679065891467,tangled_rope,tangled_rope,True
bayes_theorem,institutional,0.00903,7.260046284894966,10.586560088217922,2.360834849321227,1.2389223243192966,0.7947565544469587,tangled_rope,rope,False
bayes_theorem,analytical,0.712364,0.0008442050409779833,0.0008335699099327685,0.04089195602713298,0.000418023454152575,0.018305166171026566,tangled_rope,tangled_rope,True
bedouin_sedentary_transition,powerless,0.24288,7.300801063203773,1.075500178419594,1.8136361060646835,0.7674904054792469,0.6177160907945175,snare,tangled_rope,False
bedouin_sedentary_transition,moderate,0.641765,0.0001525363479530036,0.00015351227808458668,0.01749107208157086,7.648391315304028e-05,0.008277779153339493,snare,snare,True
bedouin_sedentary_transition,institutional,-0.024506,14.256628436200211,14.142066532616486,2.639840037209176,1.5034941399120751,0.8386016405799808,snare,rope,False
bedouin_sedentary_transition,analytical,0.79456,1.017995896170704,0.6811414001011024,1.2794223714493755,0.39546359400473957,0.5491700697648784,snare,tangled_rope,False
beehiiv_platform_model,powerless,0.571336,0.018388093937434145,0.022098157344619337,0.20057330979001703,0.010048986678814535,0.05911350737010468,tangled_rope,tangled_rope,True
beehiiv_platform_model,moderate,0.575376,0.02033699050940249,0.024631494894209245,0.21132627166073997,0.01115431459790016,0.06272801127219141,tangled_rope,tangled_rope,True
beehiiv_platform_model,institutional,-0.021971,3.701637847285166,11.753557119638689,2.589929453712855,1.455305608592583,0.9202946162098294,tangled_rope,rope,False
beehiiv_platform_model,analytical,0.712364,0.00029343407964333324,0.00029379993189696587,0.023944603864314434,0.00014333430146194396,0.005566643326319079,tangled_rope,tangled_rope,True
belief_argument_conclusion,powerless,0.630393,0.000846731324507533,0.0008417949697589987,0.041090477565246405,0.0004220919889956138,0.019677216457403446,snare,snare,True
belief_argument_conclusion,moderate,0.641765,0.00016426996337572764,0.00016785656282097117,0.018216179516110462,8.295672554950964e-05,0.008234130903001735,snare,snare,True
belief_argument_conclusion,institutional,-0.024506,14.439798659048506,14.309590779546705,2.6658783839732627,1.5287587281306951,0.8519526812206717,snare,rope,False
belief_argument_conclusion,analytical,0.79456,1.0252842239420819,0.6963920748577435,1.2882920739168253,0.4007742464903634,0.5543674708071646,snare,tangled_rope,False
berkshire_compounding_culture,powerless,0.413016,0.015005819571058657,0.010584352578889377,0.158138507403205,0.00624869032300508,0.02333818956681899,tangled_rope,tangled_rope,True
berkshire_compounding_culture,moderate,0.420467,0.0212486638862114,0.013834070269683682,0.18407070968990363,0.008464529105965459,0.02602199539210226,tangled_rope,tangled_rope,True
berkshire_compounding_culture,institutional,-0.027894,6.905049940570412,3.374690354859027,2.7142696504016337,1.5759208875385309,0.9636260646688685,tangled_rope,rope,False
berkshire_compounding_culture,analytical,0.520574,0.13840164230876412,0.034484962178273786,0.34528458691100306,0.02973140503564405,0.03534076193474556,tangled_rope,tangled_rope,True
bgs_eigenvector_thermalization,powerless,0.456492,0.005757635967183027,0.008591759348368064,0.11795068268587035,0.0034770829103654174,0.011365556921345558,tangled_rope,tangled_rope,True
bgs_eigenvector_thermalization,moderate,0.464727,0.009107648251281103,0.014665540468511878,0.15085727008979333,0.005686781982005993,0.015750634089203457,tangled_rope,tangled_rope,True
bgs_eigenvector_thermalization,institutional,-0.017746,2.5714807365992396,8.213232081726028,2.5444146719827,1.411656151291414,0.9181675370375352,tangled_rope,rope,False
bgs_eigenvector_thermalization,analytical,0.3276,0.017151771560359644,0.008725545037112387,0.14011282721936508,0.004905894125117677,0.004548675674306215,tangled_rope,tangled_rope,True
bgs_spectral_universality,powerless,0.09084,2.026910696919324e-07,1.956927695787584e-07,0.0006311032707324072,9.957283415132512e-08,3.785681464751889e-06,mountain,mountain,True
bgs_spectral_universality,moderate,0.079998,2.3093065865718957e-14,2.28962918494325e-14,2.1490760299348777e-07,1.1497776216529816e-14,1.3206830073997367e-09,mountain,mountain,True
bgs_spectral_universality,institutional,-0.00955,0.05225489703994835,0.31934472327361857,0.44423409457143415,0.04913347937360198,0.05117249372040522,mountain,mountain,True
bgs_spectral_universality,analytical,0.110402,3.2579465519273214e-07,3.400217551338218e-07,0.0008158358283145231,1.6639702256925781e-07,5.184531822386724e-06,mountain,mountain,True
bh_merger_gravitational_infall,powerless,0.13626,2.730279028570617e-05,3.5949374266308514e-05,0.007896875560758833,1.5590140650892342e-05,7.623432689174425e-05,mountain,mountain,True
bh_merger_gravitational_infall,moderate,0.119997,4.132238557376591e-13,4.13497107665991e-13,9.088486839519166e-07,2.066924304130193e-13,6.982801670218919e-09,mountain,mountain,True
bh_merger_gravitational_infall,institutional,-0.014325,0.10340849699810349,0.6392197195539203,0.6237856691241498,0.09649112264130194,0.09863579103813724,mountain,mountain,True
bh_merger_gravitational_infall,analytical,0.165603,0.0013112644818884492,0.0036172414796492025,0.06371445995193167,0.0010147972723359908,0.0015034062402410342,mountain,mountain,True
big_data_astrophysics_arbitrage,powerless,0.416494,0.4528539285879371,1.0307506233251897,1.1356378170101922,0.31384808285423865,0.3960752125023951,snare,snare,True
big_data_astrophysics_arbitrage,moderate,0.641765,1.0703804145958574e-05,1.0327365754950464e-05,0.004577480451822896,5.238329535158617e-06,0.0005776381836559707,snare,snare,True
big_data_astrophysics_arbitrage,institutional,-0.024506,22.663720077568,15.013880819101614,3.1316271697180023,1.9900345573648606,0.9830115853826289,snare,rope,False
big_data_astrophysics_arbitrage,analytical,0.79456,0.2517405632730344,0.5443793783557467,0.8421978240637462,0.17471940758407029,0.25782654512787595,snare,snare,True
biological_specification,powerless,0.413016,0.0005724154903402039,0.00040732400984770233,0.030889554163867308,0.00023853639732564926,0.0008365171904630001,tangled_rope,tangled_rope,True
biological_specification,moderate,0.420467,0.0008116432058637934,0.0005402026068970767,0.03604325957908112,0.00032477035024259675,0.0009284003302381938,tangled_rope,tangled_rope,True
biological_specification,institutional,-0.005523,3.3962160658628138,6.328055282800585,2.7056002006430444,1.5674525823837384,0.9656917978237204,tangled_rope,rope,False
biological_specification,analytical,0.520574,0.005786027013622608,0.003863271473571708,0.08150542077973219,0.0016605535667183894,0.001229997699372743,tangled_rope,tangled_rope,True
bip_narrative_illusion,powerless,0.3016,4.913419709859274,0.9976192148909532,1.8013504719600217,0.7578382078243593,0.6245286172438945,snare,tangled_rope,False
bip_narrative_illusion,moderate,0.520617,0.06645773428162147,0.06759756791260564,0.3661207371077194,0.03341762019755008,0.18159651750308764,snare,tangled_rope,False
bip_narrative_illusion,institutional,-0.024506,14.439798659048506,14.309590779546705,2.6658783839732627,1.5287587281306951,0.8519526812206717,snare,rope,False
bip_narrative_illusion,analytical,0.79456,1.0252842239420819,0.6963920748577435,1.2882920739168253,0.4007742464903634,0.5543674708071646,snare,tangled_rope,False
birthday_paradox_collison,powerless,0.09084,2.026910696919324e-07,1.956927695787584e-07,0.0006311032707324072,9.957283415132512e-08,3.785681464751889e-06,mountain,mountain,True
birthday_paradox_collison,moderate,0.079998,2.3093065865718957e-14,2.28962918494325e-14,2.1490760299348777e-07,1.1497776216529816e-14,1.3206830073997367e-09,mountain,mountain,True
birthday_paradox_collison,institutional,-0.00955,0.05225489703994835,0.31934472327361857,0.44423409457143415,0.04913347937360198,0.05117249372040522,mountain,mountain,True
birthday_paradox_collison,analytical,0.110402,3.2579465519273214e-07,3.400217551338218e-07,0.0008158358283145231,1.6639702256925781e-07,5.184531822386724e-06,mountain,mountain,True
blackstone_carried_interest_taxation,powerless,0.3016,4.60890240321557,0.8879982389886178,1.7135298390698241,0.6902285371217315,0.5804703032362672,snare,tangled_rope,False
blackstone_carried_interest_taxation,moderate,0.641765,0.00015636221439389666,0.00015727051780184566,0.017706807349165528,7.838224463876557e-05,0.00854642793593241,snare,snare,True
blackstone_carried_interest_taxation,institutional,-0.042575,13.63069580657578,14.902574387058683,2.716801220826705,1.5783952318684105,0.8937879660849052,snare,rope,False
blackstone_carried_interest_taxation,analytical,0.79456,0.985921946818423,0.6263520922588168,1.2412584679999572,0.37297462302636963,0.5212606973425843,snare,tangled_rope,False
blackstone_conflicts_of_interest,powerless,0.630393,0.000846731324507533,0.0008417949697589987,0.041090477565246405,0.0004220919889956138,0.019677216457403446,snare,snare,True
blackstone_conflicts_of_interest,moderate,0.662133,0.0016752799079312233,0.0017077385041208669,0.05814563058908346,0.000845169056547179,0.027896788933622574,snare,snare,True
blackstone_conflicts_of_interest,institutional,-0.024506,14.439798659048506,14.309590779546705,2.6658783839732627,1.5287587281306951,0.8519526812206717,snare,rope,False
blackstone_conflicts_of_interest,analytical,0.79456,1.0252842239420819,0.6963920748577435,1.2882920739168253,0.4007742464903634,0.5543674708071646,snare,tangled_rope,False
blackstone_smd_control,powerless,0.3016,4.4150418328014815,0.8462466970731837,1.6613684057330984,0.6512585852295211,0.552913398465324,snare,tangled_rope,False
blackstone_smd_control,moderate,0.641765,0.00015281587019319367,0.00015250432357118173,0.017472516877281647,7.632172608469496e-05,0.008674696596917553,snare,snare,True
blackstone_smd_control,institutional,-0.008431,13.120410763901234,14.267550862706376,2.7360788157439013,1.5972589270725444,0.8499865434448474,snare,rope,False
blackstone_smd_control,analytical,0.79456,0.9572398659591479,0.5854293830228323,1.210605048534245,0.35534000866672316,0.49960505889860995,snare,tangled_rope,False
blackstone_tax_receiveable_agreement,powerless,0.413016,0.006381964645610115,0.009737033917975209,0.12455390704629778,0.0038771655910449896,0.011044728485785239,tangled_rope,tangled_rope,True
blackstone_tax_receiveable_agreement,moderate,0.420467,0.010362455558567983,0.01727358576683111,0.16175307826717322,0.00653744995353474,0.01584310872514804,tangled_rope,tangled_rope,True
blackstone_tax_receiveable_agreement,institutional,-0.016056,3.2807263539466223,6.695771897582916,2.687676612479009,1.549970799732679,0.9564587845736936,tangled_rope,rope,False
blackstone_tax_receiveable_agreement,analytical,0.50456,0.198973788401681,0.5990318921005628,0.791787960520217,0.15469563069102266,0.18991673079804725,tangled_rope,tangled_rope,True
board_of_peace_2026,powerless,0.56518,0.01626373060740003,0.019229491628570083,0.18789959318761745,0.008820073836806845,0.05634931370490315,tangled_rope,tangled_rope,True
board_of_peace_2026,moderate,0.575376,0.021596724317573267,0.02607351333990087,0.2176066115524475,0.01182648545386387,0.06650962916954128,tangled_rope,tangled_rope,True
board_of_peace_2026,institutional,-0.030475,4.0442948229578155,11.919264757722173,2.663089430681252,1.526048756572605,0.9399694376935325,tangled_rope,rope,False
board_of_peace_2026,analytical,0.712364,0.0006075172755381812,0.0008529055127589971,0.037267312839533814,0.0003472031052718087,0.005960940985988747,tangled_rope,tangled_rope,True
boe_base_rate_policy_2024,powerless,0.2704,3.556700456197528,0.5152645280755648,1.3211429417288723,0.4207165517967485,0.3765726887082644,tangled_rope,tangled_rope,True
boe_base_rate_policy_2024,moderate,0.575376,0.06268179334849551,0.06376316682470232,0.3555769454479713,0.03152556933235385,0.17639902736736968,tangled_rope,snare,False
boe_base_rate_policy_2024,institutional,-0.021971,9.211305010249216,11.738069373391989,2.5284721464247064,1.3964378955701757,0.852246854333815,tangled_rope,rope,False
boe_base_rate_policy_2024,analytical,0.712364,0.0009585819283254864,0.0009528670010176377,0.04366779169313024,0.0004767000697220546,0.0209141862334305,tangled_rope,tangled_rope,True
boiled_pineapple_trend_2026,powerless,0.195639,0.0019705041926558965,0.002229152003877428,0.06471120385800123,0.0010467936486955175,0.01084641457752511,rope,rope,True
boiled_pineapple_trend_2026,moderate,0.199169,0.0030714357149390537,0.0035725438061072765,0.08133400944926458,0.001653577363180966,0.013947633762540379,rope,rope,True
boiled_pineapple_trend_2026,institutional,-0.010549,0.06552041031710504,0.02057963246988695,0.257187104508959,0.016513526798941587,0.023165532632168806,rope,rope,True
boiled_pineapple_trend_2026,analytical,0.246588,0.06347717365101814,0.1048469301444068,0.4005409836700808,0.03997439288729922,0.09697814052757425,rope,rope,True
boltzmann_universality_2026,powerless,0.13626,3.4346537563711765e-05,4.5223191572931926e-05,0.008857106121077471,1.96120501570497e-05,9.590132227277337e-05,mountain,mountain,True
boltzmann_universality_2026,moderate,0.119997,5.20001217344988e-13,5.201083342946381e-13,1.0198318143051182e-06,2.6001892869159244e-13,8.784403426886911e-09,mountain,mountain,True
boltzmann_universality_2026,institutional,-0.014325,0.1284401449351297,0.7827068540665388,0.6936118460530667,0.11907367763998677,0.12101574044094598,mountain,mountain,True
boltzmann_universality_2026,analytical,0.165603,0.0016492319606454511,0.004548428894057699,0.07145182586297744,0.0012762051067322904,0.0018905568153703145,mountain,mountain,True
bonbon_drop_sticker_craze,powerless,0.2704,2.7876738233464087,0.3970092214473974,1.1473930993360764,0.3201990980563005,0.29268257175318757,tangled_rope,tangled_rope,True
bonbon_drop_sticker_craze,moderate,0.575376,0.057707594538411414,0.061295890922908415,0.34484686482406945,0.029656257715577946,0.16601679065891467,tangled_rope,tangled_rope,True
bonbon_drop_sticker_craze,institutional,-0.021971,7.603840595161866,11.77257670051977,2.5349928307613805,1.4026577645899743,0.8723447249451269,tangled_rope,rope,False
bonbon_drop_sticker_craze,analytical,0.712364,0.0008442050409779833,0.0008335699099327685,0.04089195602713298,0.000418023454152575,0.018305166171026566,tangled_rope,tangled_rope,True
boom_bust_path_dependency,powerless,0.413016,0.23925793178750826,0.2468398575495113,0.696237105583088,0.11996761205273611,0.3363368049048066,tangled_rope,snare,False
boom_bust_path_dependency,moderate,0.420467,0.348526229035825,0.3488015373239483,0.8335514006597019,0.17120213270619286,0.4016077372784275,tangled_rope,snare,False
boom_bust_path_dependency,institutional,0.041847,9.405085784223477,4.087492969818432,2.749166741524468,1.6100872803618909,0.9752031827404917,tangled_rope,rope,False
boom_bust_path_dependency,analytical,0.520574,2.043695711120884,1.1114921878809467,1.6884101966373914,0.6713487275531652,0.6896889449373229,tangled_rope,snare,False
borsuk_ulam_theorem,powerless,0.09084,2.026910696919324e-07,1.956927695787584e-07,0.0006311032707324072,9.957283415132512e-08,3.785681464751889e-06,mountain,mountain,True
borsuk_ulam_theorem,moderate,0.079998,2.3093065865718957e-14,2.28962918494325e-14,2.1490760299348777e-07,1.1497776216529816e-14,1.3206830073997367e-09,mountain,mountain,True
borsuk_ulam_theorem,institutional,-0.00955,0.05225489703994835,0.31934472327361857,0.44423409457143415,0.04913347937360198,0.05117249372040522,mountain,mountain,True
borsuk_ulam_theorem,analytical,0.110402,3.2579465519273214e-07,3.400217551338218e-07,0.0008158358283145231,1.6639702256925781e-07,5.184531822386724e-06,mountain,mountain,True
boundary_dissolution_risk,powerless,0.630393,0.0008865956466750146,0.0008834714380283522,0.04207200633752718,0.00044249711137888726,0.020871191805839295,snare,snare,True
boundary_dissolution_risk,moderate,0.641765,0.00015292057016963443,0.000152693958749983,0.01748133169568183,7.639875306103292e-05,0.008680812221841416,snare,snare,True
boundary_dissolution_risk,institutional,-0.024506,12.93464084178771,14.338070883597883,2.6582092074393184,1.5213089592689073,0.8666214905278807,snare,rope,False
boundary_dissolution_risk,analytical,0.79456,0.9556340946088397,0.5833608235832104,1.2089498870220754,0.3543987670759751,0.4983995499442636,snare,tangled_rope,False
brain_network_paradigm_2026,powerless,0.413016,0.0005490537550814809,0.00039067071169621403,0.030252170911497896,0.00022879409885321808,0.0008023085914208079,tangled_rope,tangled_rope,True
brain_network_paradigm_2026,moderate,0.420467,0.0007785063763343654,0.0005180908638308725,0.035299052831181885,0.00031149769645759634,0.0008904309121679065,tangled_rope,tangled_rope,True
brain_network_paradigm_2026,institutional,-0.035319,3.8826978669868555,6.500170751900073,2.7866333364832196,1.646901229187022,0.9784865958782467,tangled_rope,rope,False
brain_network_paradigm_2026,analytical,0.520574,0.005547323717773748,0.0036988838461149546,0.07977855602901349,0.001590943530654524,0.0011796796927297359,tangled_rope,tangled_rope,True
brazil_2026_general_elections,powerless,0.2704,2.7876738233464087,0.3970092214473974,1.1473930993360764,0.3201990980563005,0.29268257175318757,tangled_rope,tangled_rope,True
brazil_2026_general_elections,moderate,0.575376,0.057707594538411414,0.061295890922908415,0.34484686482406945,0.029656257715577946,0.16601679065891467,tangled_rope,tangled_rope,True
brazil_2026_general_elections,institutional,-0.021971,7.603840595161866,11.77257670051977,2.5349928307613805,1.4026577645899743,0.8723447249451269,tangled_rope,rope,False
brazil_2026_general_elections,analytical,0.712364,0.0008442050409779833,0.0008335699099327685,0.04089195602713298,0.000418023454152575,0.018305166171026566,tangled_rope,tangled_rope,True
brazil_hiv_vtn_elimination,powerless,0.245158,2.1377163633772706e-05,2.435117522988446e-05,0.006743623665945022,1.1369104265555719e-05,0.0008124378897388373,rope,rope,True
brazil_hiv_vtn_elimination,moderate,0.221895,5.777517312451478e-08,5.8619279002100605e-08,0.0003411583054761589,2.9097247331549476e-08,2.527264750751268e-05,rope,rope,True
brazil_hiv_vtn_elimination,institutional,-0.009295,0.04070926285638918,0.05981752882914547,0.3125019850830579,0.024364741276715122,0.07485989395548706,rope,rope,True
brazil_hiv_vtn_elimination,analytical,0.301385,0.0009322733377374573,0.0012590589433523704,0.045949993508322406,0.000527827257418294,0.007016570702938041,rope,rope,True
brazil_mexico_financial_requirement,powerless,0.56518,0.048006563310710494,0.049149775138238656,0.31168062431801913,0.024237091029204478,0.15423219427174745,tangled_rope,snare,False
brazil_mexico_financial_requirement,moderate,0.403807,0.8303152269233431,0.378027581887099,1.03359607425559,0.2611885599413414,0.34953489394306847,tangled_rope,tangled_rope,True
brazil_mexico_financial_requirement,institutional,-0.021971,9.082741449836115,11.824391048942035,2.552013571909883,1.4189230481779025,0.8616428503782315,tangled_rope,rope,False
brazil_mexico_financial_requirement,analytical,0.712364,0.0009440949799579914,0.0009328542453278237,0.04327853659763938,0.0004682396606692084,0.020688528338595025,tangled_rope,tangled_rope,True
broke_vs_poor_grocery_math,powerless,0.630393,2.355763819815338e-06,1.7087842210416102e-06,0.0019754013079538468,9.75552502401061e-07,2.7196625762782034e-05,snare,snare,True
broke_vs_poor_grocery_math,moderate,0.641765,1.7947509360876906e-06,8.939168440862111e-07,0.0015522070281787064,6.023366341545914e-07,1.2088511206154173e-05,snare,snare,True
broke_vs_poor_grocery_math,institutional,-0.046549,23.01944333879534,13.8815070933169,3.1395493633030505,1.9979567100687075,0.9996749240048631,snare,rope,False
broke_vs_poor_grocery_math,analytical,0.79456,0.005764258613409377,0.01503769099933795,0.13223966619560193,0.0043702398178103365,0.006734892351593537,snare,snare,True
brouwer_fixed_point,powerless,0.09084,2.026910696919324e-07,1.956927695787584e-07,0.0006311032707324072,9.957283415132512e-08,3.785681464751889e-06,mountain,mountain,True
brouwer_fixed_point,moderate,0.079998,2.3093065865718957e-14,2.28962918494325e-14,2.1490760299348777e-07,1.1497776216529816e-14,1.3206830073997367e-09,mountain,mountain,True
brouwer_fixed_point,institutional,-0.00955,0.05225489703994835,0.31934472327361857,0.44423409457143415,0.04913347937360198,0.05117249372040522,mountain,mountain,True
brouwer_fixed_point,analytical,0.110402,3.2579465519273214e-07,3.400217551338218e-07,0.0008158358283145231,1.6639702256925781e-07,5.184531822386724e-06,mountain,mountain,True
burali_forte_paradox,powerless,0.13626,6.14666077071642e-05,8.09265534432452e-05,0.011848512240550078,3.509670792991569e-05,0.00017162649762003657,mountain,mountain,True
burali_forte_paradox,moderate,0.119997,9.306140273674863e-13,9.307252797316505e-13,1.3644126823258185e-06,4.653411228271841e-13,1.5721896895470877e-08,mountain,mountain,True
burali_forte_paradox,institutional,-0.014325,0.21954359027247808,1.2708055422539244,0.89931129350672,0.19880633848712995,0.19789066647321574,mountain,mountain,True
burali_forte_paradox,analytical,0.165603,0.0029492735808685027,0.008125966152094797,0.09553234213308905,0.002281173320437371,0.003378511883252666,mountain,mountain,True
burden_of_proof_engineering_safety,powerless,0.3016,4.913419709859274,0.9976192148909532,1.8013504719600217,0.7578382078243593,0.6245286172438945,snare,tangled_rope,False
burden_of_proof_engineering_safety,moderate,0.641765,0.00016426996337572764,0.00016785656282097117,0.018216179516110462,8.295672554950964e-05,0.008234130903001735,snare,snare,True
burden_of_proof_engineering_safety,institutional,0.4504,0.7107950790652157,0.5520082017520682,1.1153844195559652,0.30304255991253853,0.5046776899515852,snare,tangled_rope,False
burden_of_proof_engineering_safety,analytical,0.79456,1.0252842239420819,0.6963920748577435,1.2882920739168253,0.4007742464903634,0.5543674708071646,snare,tangled_rope,False
burden_of_proof_scientific_empirical,powerless,0.2704,3.705115663738418,0.5410761358850688,1.3542046046206728,0.44121699241478246,0.3929679953716248,tangled_rope,tangled_rope,True
burden_of_proof_scientific_empirical,moderate,0.593637,0.08304969207335351,0.0833164636337429,0.4078712385310839,0.04144579430077085,0.20250847459675558,tangled_rope,snare,False
burden_of_proof_scientific_empirical,institutional,-0.021971,9.538294283685563,11.742655729203673,2.5310511590249654,1.3988971686600122,0.8515052948782101,tangled_rope,rope,False
burden_of_proof_scientific_empirical,analytical,0.712364,0.001044504832886698,0.00109955233030059,0.04610672060538768,0.0005314338844134175,0.021320774403396858,tangled_rope,tangled_rope,True
bureaucratic_legibility_collapse,powerless,0.20872,5.579354475405091,2.1212775782509645,1.4886729475109644,0.5289248147597647,0.3688896763988655,tangled_rope,tangled_rope,True
bureaucratic_legibility_collapse,moderate,0.641765,0.0011335731169380679,0.0013377303133065297,0.04956614056962354,0.0006141691365236015,0.010563509099000612,tangled_rope,tangled_rope,True
bureaucratic_legibility_collapse,institutional,-0.024506,10.02323851403623,14.274779077344462,2.8559721548951758,1.7153493723642395,0.9666806156740423,tangled_rope,rope,False
bureaucratic_legibility_collapse,analytical,0.79456,0.7934742585264345,0.5405932696214384,1.0906367331713087,0.29007559910157055,0.3454400155890921,tangled_rope,tangled_rope,True
bureaucratic_self_preservation,powerless,0.39448,1.600136746276452,0.6277519545296543,1.3614309017793431,0.4457547014944036,0.4843660314807155,tangled_rope,tangled_rope,True
bureaucratic_self_preservation,moderate,0.641765,0.00017318872437118552,0.0001769761467998158,0.018704831190202373,8.746703991593524e-05,0.00882513050637096,tangled_rope,snare,False
bureaucratic_self_preservation,institutional,-0.024506,11.800671783749909,14.391771685985526,2.6645534159383755,1.5274711679309507,0.8896636410748406,tangled_rope,rope,False
bureaucratic_self_preservation,analytical,0.79456,0.8900765950232121,0.5112345572560263,1.1455155306340752,0.31918080587850584,0.4515758483706998,tangled_rope,tangled_rope,True
bushman_money_magic,powerless,0.739082,0.19514467899873228,0.2895952170995699,0.6856535145229905,0.11638357368060497,0.26028347907036686,snare,snare,True
bushman_money_magic,moderate,0.752415,0.36735596599011333,0.5622212070146186,0.9463943622480785,0.21976845121556188,0.386652495593812,snare,snare,True
bushman_money_magic,institutional,-0.028731,21.337529944822265,18.81191709844084,3.0804770710142493,1.93889392838433,0.9872839002626358,snare,rope,False
bushman_money_magic,analytical,0.931553,10.100644209525129,2.734950691834413,2.6117991440185313,1.4763807488567176,0.9335439684169151,snare,piton,False
busy_beaver_noncomputability,powerless,0.13626,0.00018101435173025702,0.00023826941024163143,0.020331912227552845,0.00010334577366601624,0.0005053635917696697,mountain,mountain,True
busy_beaver_noncomputability,moderate,0.119997,2.7414654039339104e-12,2.7412058581792183e-12,2.341522023131429e-06,1.3706770256845437e-12,4.630945094064032e-08,mountain,mountain,True
busy_beaver_noncomputability,institutional,-0.014325,0.5434670306056719,2.6257714695074186,1.373004610810513,0.4530645890736929,0.4208116228062273,mountain,mountain,True
busy_beaver_noncomputability,analytical,0.165603,0.008656768799815065,0.023752580503796732,0.16354151078873755,0.0066827315430888126,0.009886510199185072,mountain,mountain,True
bwb_adeg_rewesale_conditions,powerless,0.56518,0.04829203007749851,0.0492459233807494,0.31229717810588387,0.024332880398419243,0.1548382227248548,tangled_rope,snare,False
bwb_adeg_rewesale_conditions,moderate,0.575376,0.06268179334849551,0.06376316682470232,0.3555769454479713,0.03152556933235385,0.17639902736736968,tangled_rope,snare,False
bwb_adeg_rewesale_conditions,institutional,0.151521,7.215931015249727,1.8040365471292623,1.4787035695109354,0.5221890254869261,0.3765864446366697,tangled_rope,tangled_rope,True
bwb_adeg_rewesale_conditions,analytical,0.712364,0.0009585819283254864,0.0009528670010176377,0.04366779169313024,0.0004767000697220546,0.0209141862334305,tangled_rope,tangled_rope,True
c_physical_blue_wavelength,powerless,0.13626,0.00018101435173025702,0.00023826941024163143,0.020331912227552845,0.00010334577366601624,0.0005053635917696697,mountain,mountain,True
c_physical_blue_wavelength,moderate,0.119997,2.7414654039339104e-12,2.7412058581792183e-12,2.341522023131429e-06,1.3706770256845437e-12,4.630945094064032e-08,mountain,mountain,True
c_physical_blue_wavelength,institutional,-0.014325,0.5434670306056719,2.6257714695074186,1.373004610810513,0.4530645890736929,0.4208116228062273,mountain,mountain,True
c_physical_blue_wavelength,analytical,0.165603,0.008656768799815065,0.023752580503796732,0.16354151078873755,0.0066827315430888126,0.009886510199185072,mountain,mountain,True
canada_germany_ai_pact,powerless,0.413016,0.0015549073336314282,0.0010734023896395058,0.050610039945049784,0.0006403098664987491,0.0023303005290457018,tangled_rope,tangled_rope,True
canada_germany_ai_pact,moderate,0.420467,0.0021963791629358016,0.0013947809073310532,0.05877633664409683,0.0008636022794257192,0.0025866870515322106,tangled_rope,tangled_rope,True
canada_germany_ai_pact,institutional,0.29509,0.03781111993642653,0.08646676892029445,0.3304871445615666,0.02724336245797113,0.045904130086382056,tangled_rope,tangled_rope,True
canada_germany_ai_pact,analytical,0.520574,0.014149527356071103,0.003384273863894288,0.10858545440607066,0.0029469762202323107,0.0034288697728726268,tangled_rope,tangled_rope,True
canal_panama_influence,powerless,0.3016,4.221498497469442,0.7827982996074321,1.60867812606833,0.6128249855666433,0.5263503255803091,snare,tangled_rope,False
canal_panama_influence,moderate,0.641765,0.00015418263021897094,0.00015398110234296546,0.017553804270784765,7.703351657561131e-05,0.008756923381421866,snare,snare,True
canal_panama_influence,institutional,0.3036,4.157109367400624,0.7803196366105379,1.607266621402149,0.6118085221378684,0.5263387943154679,snare,tangled_rope,False
canal_panama_influence,analytical,0.79456,0.927503862684078,0.5490407895183156,1.180773333860053,0.3385490188414157,0.4781897155138958,snare,tangled_rope,False
cancer_chronotherapy_timing,powerless,0.351592,0.003162815479682433,0.0022771678219227274,0.07301058785095567,0.0013324884978263016,0.005407561742281408,tangled_rope,tangled_rope,True
cancer_chronotherapy_timing,moderate,0.272055,0.015199455590727136,0.02404125858802159,0.1942184825135603,0.009422796336449258,0.027017129776300886,tangled_rope,tangled_rope,True
cancer_chronotherapy_timing,institutional,-0.013521,3.4743736829088467,4.495598000846335,2.616371594418881,1.4807950746566818,0.962824451642961,tangled_rope,rope,False
cancer_chronotherapy_timing,analytical,0.438378,0.025568885936578595,0.008140402675907212,0.1605562612328965,0.006441117949611895,0.008390071774362655,tangled_rope,tangled_rope,True
cancer_prevention,powerless,0.3016,4.60890240321557,0.8879982389886178,1.7135298390698241,0.6902285371217315,0.5804703032362672,snare,tangled_rope,False
cancer_prevention,moderate,0.641765,0.00015636221439389666,0.00015727051780184566,0.017706807349165528,7.838224463876557e-05,0.00854642793593241,snare,snare,True
cancer_prevention,institutional,0.063872,12.995286555538366,8.518442055613187,2.209641975038427,1.1014112654070047,0.5805810650030042,snare,rope,False
cancer_prevention,analytical,0.79456,0.985921946818423,0.6263520922588168,1.2412584679999572,0.37297462302636963,0.5212606973425843,snare,tangled_rope,False
cantor_set_topology,powerless,0.09084,2.026910696919324e-07,1.956927695787584e-07,0.0006311032707324072,9.957283415132512e-08,3.785681464751889e-06,mountain,mountain,True
cantor_set_topology,moderate,0.079998,2.3093065865718957e-14,2.28962918494325e-14,2.1490760299348777e-07,1.1497776216529816e-14,1.3206830073997367e-09,mountain,mountain,True
cantor_set_topology,institutional,-0.00955,0.05225489703994835,0.31934472327361857,0.44423409457143415,0.04913347937360198,0.05117249372040522,mountain,mountain,True
cantor_set_topology,analytical,0.110402,3.2579465519273214e-07,3.400217551338218e-07,0.0008158358283145231,1.6639702256925781e-07,5.184531822386724e-06,mountain,mountain,True
cantors_diagonal_argument,powerless,0.09084,2.026910696919324e-07,1.956927695787584e-07,0.0006311032707324072,9.957283415132512e-08,3.785681464751889e-06,mountain,mountain,True
cantors_diagonal_argument,moderate,0.079998,2.3093065865718957e-14,2.28962918494325e-14,2.1490760299348777e-07,1.1497776216529816e-14,1.3206830073997367e-09,mountain,mountain,True
cantors_diagonal_argument,institutional,-0.00955,0.05225489703994835,0.31934472327361857,0.44423409457143415,0.04913347937360198,0.05117249372040522,mountain,mountain,True
cantors_diagonal_argument,analytical,0.110402,3.2579465519273214e-07,3.400217551338218e-07,0.0008158358283145231,1.6639702256925781e-07,5.184531822386724e-06,mountain,mountain,True
cap_theorem,powerless,0.13626,3.4346537563711765e-05,4.5223191572931926e-05,0.008857106121077471,1.96120501570497e-05,9.590132227277337e-05,mountain,mountain,True
cap_theorem,moderate,0.119997,5.20001217344988e-13,5.201083342946381e-13,1.0198318143051182e-06,2.6001892869159244e-13,8.784403426886911e-09,mountain,mountain,True
cap_theorem,institutional,-0.014325,0.1284401449351297,0.7827068540665388,0.6936118460530667,0.11907367763998677,0.12101574044094598,mountain,mountain,True
cap_theorem,analytical,0.165603,0.0016492319606454511,0.004548428894057699,0.07145182586297744,0.0012762051067322904,0.0018905568153703145,mountain,mountain,True
capability_eval_overhang,powerless,0.3016,5.0988777163262755,5.22609592948451,2.777861406484902,1.6382705144688892,0.9814534377563682,snare,tangled_rope,False
capability_eval_overhang,moderate,0.641765,1.487508464401553e-05,1.6079440744903457e-05,0.00555314535259213,7.709350874067174e-06,0.00045037327634946805,snare,snare,True
capability_eval_overhang,institutional,-0.024506,22.727443173409828,16.361337024608623,3.128260374249754,1.9866678194017533,0.9963898467717405,snare,rope,False
capability_eval_overhang,analytical,0.79456,0.2122762354652049,0.49468178916300276,0.7824694424234885,0.15112214350546002,0.2207484596392686,snare,snare,True
capital_misallocation_spiral,powerless,0.3016,2.860223659497747,0.4606214499289143,1.254441416496279,0.3806764188332022,0.34824324733157497,tangled_rope,tangled_rope,True
capital_misallocation_spiral,moderate,0.641765,0.0001625215704105067,0.00016741717056133695,0.018154385656934523,8.239486389634455e-05,0.008075976335080615,tangled_rope,tangled_rope,True
capital_misallocation_spiral,institutional,0.493099,0.1637933200257374,0.12901137964006518,0.5381653713703197,0.07196966518661578,0.22276149893703678,tangled_rope,tangled_rope,True
capital_misallocation_spiral,analytical,0.79456,0.6733080659449923,0.3350217973624727,0.9554784388751437,0.22392672699499724,0.3245478603281996,tangled_rope,tangled_rope,True
capital_rotation_ai_narrative,powerless,0.3016,3.981531879210117,0.7072863270745438,1.5443491781187355,0.5672096694210625,0.49403440078592836,tangled_rope,tangled_rope,True
capital_rotation_ai_narrative,moderate,0.641765,0.00017318872437118552,0.0001769761467998158,0.018704831190202373,8.746703991593524e-05,0.00882513050637096,tangled_rope,snare,False
capital_rotation_ai_narrative,institutional,0.063872,11.131285664297394,9.271323497942374,2.1912757151540685,1.0850412660840845,0.5865949995285563,tangled_rope,rope,False
capital_rotation_ai_narrative,analytical,0.79456,0.8900765950232121,0.5112345572560263,1.1455155306340752,0.31918080587850584,0.4515758483706998,tangled_rope,tangled_rope,True
car_ownership_norm_us,powerless,0.3016,5.203945251892488,5.23830570441935,2.776317707137199,1.6367523817444551,0.9806080505083872,snare,tangled_rope,False
car_ownership_norm_us,moderate,0.641765,9.196879733727992e-06,9.044251044474312e-06,0.004267239739374457,4.55233202157206e-06,0.0004999087873085051,snare,snare,True
car_ownership_norm_us,institutional,-0.053908,22.705883284398826,16.13568961748512,3.1312722048028894,1.989679597015042,0.9883575338242674,snare,rope,False
car_ownership_norm_us,analytical,0.79456,0.22279364148297,0.49345426709838114,0.7960744434497811,0.156352877636358,0.23172970275659266,snare,snare,True
carbon_credit_markets_2026,powerless,0.56518,0.01626373060740003,0.019229491628570083,0.18789959318761745,0.008820073836806845,0.05634931370490315,tangled_rope,tangled_rope,True
carbon_credit_markets_2026,moderate,0.575376,0.021596724317573267,0.02607351333990087,0.2176066115524475,0.01182648545386387,0.06650962916954128,tangled_rope,tangled_rope,True
carbon_credit_markets_2026,institutional,-0.007558,3.686196944792847,11.485249642263312,2.559090463585155,1.4256982897519448,0.9117617130470425,tangled_rope,rope,False
carbon_credit_markets_2026,analytical,0.712364,0.0006075172755381812,0.0008529055127589971,0.037267312839533814,0.0003472031052718087,0.005960940985988747,tangled_rope,tangled_rope,True
carrier_deployment_deterrence,powerless,0.39448,1.8084534080235697,0.7871732875628575,1.4936962200515558,0.5323326375108643,0.5644132189588438,snare,tangled_rope,False
carrier_deployment_deterrence,moderate,0.641765,0.0001547761801719798,0.00015531276292620017,0.01760722340655693,7.750307845658095e-05,0.008558586029067228,snare,snare,True
carrier_deployment_deterrence,institutional,-0.024506,13.451264551256886,14.253966909424056,2.6459099470214937,1.5093763103179594,0.857166363758337,snare,rope,False
carrier_deployment_deterrence,analytical,0.79456,0.9832138324170167,0.6220743480444271,1.2382798182501984,0.37124420279070114,0.5192721647615954,snare,tangled_rope,False
carrying_capacity,powerless,0.186706,9.36799031501427,1.4980439967338415,1.7622721013599363,0.7274497303953367,0.5726853440415741,snare,tangled_rope,False
carrying_capacity,moderate,0.641765,0.00015307661331721124,0.00015317378234686122,0.017498805592115422,7.655156093745314e-05,0.008585031042155411,snare,snare,True
carrying_capacity,institutional,-0.024506,13.329546974072345,14.213703019261628,2.6382599983441137,1.501963718873946,0.8543300919553047,snare,rope,False
carrying_capacity,analytical,0.79456,0.977698119148956,0.613718644442507,1.232258069100065,0.36775695928929264,0.5151062561416241,snare,tangled_rope,False
cartel_drone_surveillance_el_paso,powerless,0.3536,1.5556537037199065,0.4102813108732979,1.1272751685677813,0.30936544946519406,0.30902780041420796,tangled_rope,tangled_rope,True
cartel_drone_surveillance_el_paso,moderate,0.752415,0.17910687563568473,0.13289321824694755,0.553838254236335,0.07619541494284679,0.2148246369843002,tangled_rope,tangled_rope,True
cartel_drone_surveillance_el_paso,institutional,0.305883,2.391555948992631,0.5949887436802244,1.1922932721352872,0.34498948997564827,0.3098721737865592,tangled_rope,tangled_rope,True
cartel_drone_surveillance_el_paso,analytical,0.931553,2.5602181333647227,0.3706034851000796,1.1690141668745666,0.3320316543693255,0.3099004774541627,tangled_rope,tangled_rope,True
cascading_constraint_failure,powerless,0.3536,0.27673272187144493,2.8429191481634897,1.0077199148751297,0.24854906670012136,0.24316479400958746,snare,snare,True
cascading_constraint_failure,moderate,0.752415,0.0006874622536889221,0.0011792365073818986,0.04197723269170695,0.0004405058447138978,0.0011726471861703835,snare,snare,True
cascading_constraint_failure,institutional,0.074884,23.017928651261265,20.62349044700917,3.140709619013354,1.9991169654522503,0.9996758235066351,snare,rope,False
cascading_constraint_failure,analytical,0.931553,3.0393632283439302,9.319175170219784,2.6786018909768616,1.541133458758582,0.9519756937863514,snare,piton,False
castration_longevity_choice,powerless,0.413016,0.004321467013019597,0.006713280423853019,0.10302438815258516,0.002652919432547702,0.007708732485144758,tangled_rope,tangled_rope,True
castration_longevity_choice,moderate,0.420467,0.007049130252520704,0.011972190877014628,0.13413737197266679,0.004496522735988567,0.011073974637950703,tangled_rope,tangled_rope,True
castration_longevity_choice,institutional,-0.027894,2.391910245693307,7.133983939786779,2.4850703913879557,1.3552050085663265,0.9029284497804021,tangled_rope,rope,False
castration_longevity_choice,analytical,0.520574,0.19320756307198977,0.6348198899976858,0.792176328465305,0.15484543304489007,0.18366831775439826,tangled_rope,tangled_rope,True
cb_far_beyond_human,powerless,0.739082,0.01475601720928851,0.020837852384654357,0.18656011024352293,0.008694861318442078,0.03206937809325139,snare,snare,True
cb_far_beyond_human,moderate,0.752415,0.028885422381342406,0.04499899106238173,0.26682740844083336,0.017772831123820693,0.05076770441485878,snare,snare,True
cb_far_beyond_human,institutional,-0.028731,22.65430893492139,20.556628396005127,3.126814630901565,1.9852221117852262,0.9933506544707366,snare,rope,False
cb_far_beyond_human,analytical,0.931553,5.2766681093834595,4.28509133654873,2.759299543371896,1.6200306148665344,0.9791088668377607,snare,tangled_rope,False
cbdc_implementation,powerless,0.2704,2.7876738233464087,0.3970092214473974,1.1473930993360764,0.3201990980563005,0.29268257175318757,tangled_rope,tangled_rope,True
cbdc_implementation,moderate,0.575376,0.057707594538411414,0.061295890922908415,0.34484686482406945,0.029656257715577946,0.16601679065891467,tangled_rope,tangled_rope,True
cbdc_implementation,institutional,-0.021971,7.603840595161866,11.77257670051977,2.5349928307613805,1.4026577645899743,0.8723447249451269,tangled_rope,rope,False
cbdc_implementation,analytical,0.712364,0.0008442050409779833,0.0008335699099327685,0.04089195602713298,0.000418023454152575,0.018305166171026566,tangled_rope,tangled_rope,True
central_limit_theorem_convergence,powerless,0.13626,0.00018101435173025702,0.00023826941024163143,0.020331912227552845,0.00010334577366601624,0.0005053635917696697,mountain,mountain,True
central_limit_theorem_convergence,moderate,0.119997,2.7414654039339104e-12,2.7412058581792183e-12,2.341522023131429e-06,1.3706770256845437e-12,4.630945094064032e-08,mountain,mountain,True
central_limit_theorem_convergence,institutional,-0.014325,0.5434670306056719,2.6257714695074186,1.373004610810513,0.4530645890736929,0.4208116228062273,mountain,mountain,True
central_limit_theorem_convergence,analytical,0.165603,0.008656768799815065,0.023752580503796732,0.16354151078873755,0.0066827315430888126,0.009886510199185072,mountain,mountain,True
cfius_hiefo_emcore_divestment,powerless,0.277964,5.85229737426445,1.0213187032297526,1.8152200089463673,0.7687381895648788,0.6246321455444664,snare,tangled_rope,False
cfius_hiefo_emcore_divestment,moderate,0.641765,0.00016426996337572764,0.00016785656282097117,0.018216179516110462,8.295672554950964e-05,0.008234130903001735,snare,snare,True
cfius_hiefo_emcore_divestment,institutional,-0.024506,14.439798659048506,14.309590779546705,2.6658783839732627,1.5287587281306951,0.8519526812206717,snare,rope,False
cfius_hiefo_emcore_divestment,analytical,0.79456,1.0252842239420819,0.6963920748577435,1.2882920739168253,0.4007742464903634,0.5543674708071646,snare,tangled_rope,False
cg_israelgaza_20231012,powerless,0.3744,0.16776847067693612,0.050232673130327685,0.3959444772964062,0.03906516674027634,0.04737442082950837,tangled_rope,tangled_rope,True
cg_israelgaza_20231012,moderate,0.796674,0.060637047023343826,0.03098828644779013,0.2901187513451209,0.021005350414061895,0.042216247154704956,tangled_rope,tangled_rope,True
cg_israelgaza_20231012,institutional,-0.010465,2.9209265473149606,18.601548725850552,2.4485410427725105,1.320735637937153,0.8374574589910224,tangled_rope,rope,False
cg_israelgaza_20231012,analytical,0.98635,0.5494686088831312,0.04974353154456858,0.4411348871656058,0.04845308155526471,0.04792932705887923,tangled_rope,tangled_rope,True
chaitins_omega_undecidability,powerless,0.13626,3.4346537563711765e-05,4.5223191572931926e-05,0.008857106121077471,1.96120501570497e-05,9.590132227277337e-05,mountain,mountain,True
chaitins_omega_undecidability,moderate,0.119997,5.20001217344988e-13,5.201083342946381e-13,1.0198318143051182e-06,2.6001892869159244e-13,8.784403426886911e-09,mountain,mountain,True
chaitins_omega_undecidability,institutional,-0.014325,0.1284401449351297,0.7827068540665388,0.6936118460530667,0.11907367763998677,0.12101574044094598,mountain,mountain,True
chaitins_omega_undecidability,analytical,0.165603,0.0016492319606454511,0.004548428894057699,0.07145182586297744,0.0012762051067322904,0.0018905568153703145,mountain,mountain,True
champions_bass_fishing_exclusion,powerless,0.56518,0.013208840509082108,0.015749299752220173,0.1696753263178879,0.007193113210367848,0.04596060616998633,tangled_rope,tangled_rope,True
champions_bass_fishing_exclusion,moderate,0.575376,0.017564415003294722,0.021416896843779155,0.19670585295966736,0.009665502936283488,0.054370588998981506,tangled_rope,tangled_rope,True
champions_bass_fishing_exclusion,institutional,-0.021971,4.08966993328967,11.659625576398586,2.7329746309504666,1.5942188173943597,0.9290173146564774,tangled_rope,rope,False
champions_bass_fishing_exclusion,analytical,0.712364,0.0002477840913967535,0.00021651623183862264,0.02113197166221572,0.00011163901796225952,0.004773523881164143,tangled_rope,tangled_rope,True
china_africa_zero_tariff_2026,powerless,0.2704,2.7876738233464087,0.3970092214473974,1.1473930993360764,0.3201990980563005,0.29268257175318757,tangled_rope,tangled_rope,True
china_africa_zero_tariff_2026,moderate,0.442089,0.2996789831227114,0.1883067500900516,0.6841988681418716,0.11589509154759597,0.24091492736568682,tangled_rope,tangled_rope,True
china_africa_zero_tariff_2026,institutional,-0.021971,7.603840595161866,11.77257670051977,2.5349928307613805,1.4026577645899743,0.8723447249451269,tangled_rope,rope,False
china_africa_zero_tariff_2026,analytical,0.712364,0.0008442050409779833,0.0008335699099327685,0.04089195602713298,0.000418023454152575,0.018305166171026566,tangled_rope,tangled_rope,True
china_contraceptive_tax,powerless,0.3016,3.515799615167044,0.608516251014786,1.4248829637178926,0.48646364597763275,0.43225034504074505,tangled_rope,tangled_rope,True
china_contraceptive_tax,moderate,0.641765,0.0001521879877267945,0.0001522859434725551,0.017448057859343686,7.61081980556502e-05,0.008649145410708214,tangled_rope,tangled_rope,True
china_contraceptive_tax,institutional,-0.042575,10.96298006393928,14.788880458165696,2.7998150552638705,1.659883461912909,0.9066155721556146,tangled_rope,rope,False
china_contraceptive_tax,analytical,0.79456,0.8028376410797939,0.4284104839559752,1.0665191470854087,0.27769066650385865,0.39874847665941904,tangled_rope,tangled_rope,True
china_vactrain_standard,powerless,0.2704,1.7767292320743242,0.2667481181636279,0.9007394348428831,0.19942754704168195,0.18460831917645076,tangled_rope,tangled_rope,True
china_vactrain_standard,moderate,0.575376,0.044520546737844155,0.050222225200673064,0.3073804457452609,0.02357422647067178,0.132169850567128,tangled_rope,tangled_rope,True
china_vactrain_standard,institutional,-0.030475,5.731208683158829,11.981235215215838,2.588958934158783,1.4543718397712557,0.9069665005156501,tangled_rope,rope,False
china_vactrain_standard,analytical,0.712364,0.0006168671422626213,0.0006028970602759481,0.034818621526726094,0.00030307644633497326,0.013183811654228994,tangled_rope,tangled_rope,True
cholesterol_pill_cost,powerless,0.3016,4.221498497469442,0.7827982996074321,1.60867812606833,0.6128249855666433,0.5263503255803091,snare,tangled_rope,False
cholesterol_pill_cost,moderate,0.641765,0.00015418263021897094,0.00015398110234296546,0.017553804270784765,7.703351657561131e-05,0.008756923381421866,snare,snare,True
cholesterol_pill_cost,institutional,0.063872,11.942655654326073,10.313148296057719,2.316906323464847,1.1984856055565072,0.6510864227958357,snare,rope,False
cholesterol_pill_cost,analytical,0.79456,0.927503862684078,0.5490407895183156,1.180773333860053,0.3385490188414157,0.4781897155138958,snare,tangled_rope,False
church_turing_thesis,powerless,0.13626,3.4346537563711765e-05,4.5223191572931926e-05,0.008857106121077471,1.96120501570497e-05,9.590132227277337e-05,mountain,mountain,True
church_turing_thesis,moderate,0.119997,5.20001217344988e-13,5.201083342946381e-13,1.0198318143051182e-06,2.6001892869159244e-13,8.784403426886911e-09,mountain,mountain,True
church_turing_thesis,institutional,-0.014325,0.1284401449351297,0.7827068540665388,0.6936118460530667,0.11907367763998677,0.12101574044094598,mountain,mountain,True
church_turing_thesis,analytical,0.165603,0.0016492319606454511,0.004548428894057699,0.07145182586297744,0.0012762051067322904,0.0018905568153703145,mountain,mountain,True
cinderella_midnight_deadline,powerless,0.56518,0.0487734083064664,0.049328865621335455,0.31320676320483615,0.024474538673038393,0.15573407673815115,tangled_rope,snare,False
cinderella_midnight_deadline,moderate,0.575376,0.06323375675176958,0.06372497592419347,0.3563063758469864,0.031654702452482655,0.1771157535987099,tangled_rope,snare,False
cinderella_midnight_deadline,institutional,0.151521,7.564420766081356,1.835887452113807,1.5120060875741974,0.5448323951986715,0.39548592533386623,tangled_rope,tangled_rope,True
cinderella_midnight_deadline,analytical,0.712364,0.0010811134094864897,0.0011654509829568185,0.04713314910187869,0.0005553577323109621,0.021392152008916032,tangled_rope,tangled_rope,True
civilizational_lifecycle_solara,powerless,0.413016,0.0005707536560602569,0.000405224523113563,0.030830868426504805,0.00023763090612999925,0.0008353134833366966,tangled_rope,tangled_rope,True
civilizational_lifecycle_solara,moderate,0.420467,0.0008090471370607584,0.0005366241577535005,0.03596210214036446,0.000323309486461159,0.0009270643247084521,tangled_rope,tangled_rope,True
civilizational_lifecycle_solara,institutional,-0.027894,3.7940601310374515,6.440685757264533,2.772222703177067,1.6327262497676682,0.9765663749832357,tangled_rope,rope,False
civilizational_lifecycle_solara,analytical,0.520574,0.0057244265473393235,0.0036558951493693252,0.08030796819576845,0.0016121258132306246,0.0012282283021063322,tangled_rope,tangled_rope,True
civilizational_maintenance_debt,powerless,0.3016,4.60890240321557,0.8879982389886178,1.7135298390698241,0.6902285371217315,0.5804703032362672,snare,tangled_rope,False
civilizational_maintenance_debt,moderate,0.641765,0.00015636221439389666,0.00015727051780184566,0.017706807349165528,7.838224463876557e-05,0.00854642793593241,snare,snare,True
civilizational_maintenance_debt,institutional,0.169004,10.400459174959087,1.9360337798423504,1.8045896622753106,0.7603785398215106,0.5805810596199324,snare,tangled_rope,False
civilizational_maintenance_debt,analytical,0.79456,0.985921946818423,0.6263520922588168,1.2412584679999572,0.37297462302636963,0.5212606973425843,snare,tangled_rope,False
clawderberg_recursive_slop,powerless,0.3016,4.60890240321557,0.8879982389886178,1.7135298390698241,0.6902285371217315,0.5804703032362672,snare,tangled_rope,False
clawderberg_recursive_slop,moderate,0.641765,0.00015636221439389666,0.00015727051780184566,0.017706807349165528,7.838224463876557e-05,0.00854642793593241,snare,snare,True
clawderberg_recursive_slop,institutional,0.112235,12.8193383885768,4.600738424547521,1.9671234352659626,0.8918779545038618,0.5805810650030042,snare,tangled_rope,False
clawderberg_recursive_slop,analytical,0.79456,0.985921946818423,0.6263520922588168,1.2412584679999572,0.37297462302636963,0.5212606973425843,snare,tangled_rope,False
click_chemistry_paradigm_2026,powerless,0.413016,0.0005490537550814809,0.00039067071169621403,0.030252170911497896,0.00022879409885321808,0.0008023085914208079,tangled_rope,tangled_rope,True
click_chemistry_paradigm_2026,moderate,0.420467,0.0007785063763343654,0.0005180908638308725,0.035299052831181885,0.00031149769645759634,0.0008904309121679065,tangled_rope,tangled_rope,True
click_chemistry_paradigm_2026,institutional,-0.016056,3.545586462444744,6.414971302057144,2.7335792501537606,1.5948108799061553,0.970331064828801,tangled_rope,rope,False
click_chemistry_paradigm_2026,analytical,0.520574,0.005547323717773748,0.0036988838461149546,0.07977855602901349,0.001590943530654524,0.0011796796927297359,tangled_rope,tangled_rope,True
climate_attribution_2026,powerless,0.56518,0.015735682030402015,0.01863339133175189,0.18489135306452306,0.008540118377482935,0.054556274914784875,tangled_rope,tangled_rope,True
climate_attribution_2026,moderate,0.575376,0.020899998923317203,0.025277630213041264,0.21415937858789622,0.011455108168398169,0.06441714067843596,tangled_rope,tangled_rope,True
climate_attribution_2026,institutional,0.021396,3.082869608661464,10.521434926674674,2.3470334355284894,1.2261774831214654,0.8397655425532727,tangled_rope,rope,False
climate_attribution_2026,analytical,0.712364,0.00035312701733769634,0.0003966827466325528,0.026941111476974387,0.000181453128067164,0.00573448843836008,tangled_rope,tangled_rope,True
climate_catastrophe_belief,powerless,0.673869,0.007365128376742707,0.006766632766441098,0.1187947235219128,0.0035270094467459564,0.040327075364318815,tangled_rope,tangled_rope,True
climate_catastrophe_belief,moderate,0.686025,0.01492747810312259,0.013162652536304659,0.16734734636253829,0.006997199705843876,0.05528235833375918,tangled_rope,tangled_rope,True
climate_catastrophe_belief,institutional,-0.026196,5.361286293255591,15.728987467720158,2.6469436500054546,1.5103784931894788,0.9289661704361092,tangled_rope,rope,False
climate_catastrophe_belief,analytical,0.849357,0.6723855190391669,0.16711805250542341,0.7539714185265954,0.1404430457559853,0.1534236056187484,tangled_rope,tangled_rope,True
climate_event_attribution,powerless,0.56518,0.00019489413260625538,0.00023493178984259445,0.020632727480481557,0.00010642641692577795,0.0006624511441667424,tangled_rope,tangled_rope,True
climate_event_attribution,moderate,0.575376,0.00026134267951070386,0.00032308000709228526,0.024022411049459205,0.00014426732370233507,0.0007930443703932921,tangled_rope,tangled_rope,True
climate_event_attribution,institutional,-0.021971,3.7121516804073105,11.357015735862644,2.8209494937991852,1.6807286583652674,0.9751526731795039,tangled_rope,rope,False
climate_event_attribution,analytical,0.712364,0.00016026051422275025,0.00019647611489420597,0.01743221805888062,7.597007565380365e-05,0.00015370154386984216,tangled_rope,tangled_rope,True
climate_policy_extraction,powerless,0.3536,0.27673272187144493,2.8429191481634897,1.0077199148751297,0.24854906670012136,0.24316479400958746,snare,snare,True
climate_policy_extraction,moderate,0.752415,0.0006874622536889221,0.0011792365073818986,0.04197723269170695,0.0004405058447138978,0.0011726471861703835,snare,snare,True
climate_policy_extraction,institutional,0.198142,13.099642759316911,20.4654983851049,3.1352334062386684,1.9936407633642086,0.9996737891731222,snare,rope,False
climate_policy_extraction,analytical,0.931553,3.0393632283439302,9.319175170219784,2.6786018909768616,1.541133458758582,0.9519756937863514,snare,piton,False
climate_target_one_point_five,powerless,-0.03406,13.513574744310386,14.60500932244122,2.6818108647670806,1.5442574205333919,0.8766404812924128,snare,rope,False
climate_target_one_point_five,moderate,0.641765,0.0001547761801719798,0.00015531276292620017,0.01760722340655693,7.750307845658095e-05,0.008558586029067228,snare,snare,True
climate_target_one_point_five,institutional,-0.024506,13.451264551256886,14.253966909424056,2.6459099470214937,1.5093763103179594,0.857166363758337,snare,rope,False
climate_target_one_point_five,analytical,0.79456,0.9832138324170167,0.6220743480444271,1.2382798182501984,0.37124420279070114,0.5192721647615954,snare,tangled_rope,False
cloudflare_dual_class_asymmetry,powerless,0.56518,0.048006563310710494,0.049149775138238656,0.31168062431801913,0.024237091029204478,0.15423219427174745,tangled_rope,snare,False
cloudflare_dual_class_asymmetry,moderate,0.575376,0.06234616816009826,0.0637094112988158,0.35502316268107864,0.03142770646184028,0.17585558189627576,tangled_rope,snare,False
cloudflare_dual_class_asymmetry,institutional,0.185415,5.893817870721119,1.0744608102452782,1.3831478825713346,0.45951362408094926,0.36754247459473965,tangled_rope,tangled_rope,True
cloudflare_dual_class_asymmetry,analytical,0.712364,0.0009440949799579914,0.0009328542453278237,0.04327853659763938,0.0004682396606692084,0.020688528338595025,tangled_rope,tangled_rope,True
clt_convergence_2026,powerless,0.13626,2.730279028570617e-05,3.5949374266308514e-05,0.007896875560758833,1.5590140650892342e-05,7.623432689174425e-05,mountain,mountain,True
clt_convergence_2026,moderate,0.119997,4.132238557376591e-13,4.13497107665991e-13,9.088486839519166e-07,2.066924304130193e-13,6.982801670218919e-09,mountain,mountain,True
clt_convergence_2026,institutional,-0.014325,0.10340849699810349,0.6392197195539203,0.6237856691241498,0.09649112264130194,0.09863579103813724,mountain,mountain,True
clt_convergence_2026,analytical,0.165603,0.0013112644818884492,0.0036172414796492025,0.06371445995193167,0.0010147972723359908,0.0015034062402410342,mountain,mountain,True
cmr_001,powerless,0.2704,2.7876738233464087,0.3970092214473974,1.1473930993360764,0.3201990980563005,0.29268257175318757,tangled_rope,tangled_rope,True
cmr_001,moderate,0.575376,0.057707594538411414,0.061295890922908415,0.34484686482406945,0.029656257715577946,0.16601679065891467,tangled_rope,tangled_rope,True
cmr_001,institutional,0.100624,6.4532404266091214,4.583096594499083,1.6673726190804858,0.6556981252365247,0.3620916598422964,tangled_rope,tangled_rope,True
cmr_001,analytical,0.712364,0.0008442050409779833,0.0008335699099327685,0.04089195602713298,0.000418023454152575,0.018305166171026566,tangled_rope,tangled_rope,True
cn_tech_decoupling_security_software,powerless,0.3016,4.670654038135315,0.9079324989778924,1.7308733053665815,0.7033845608572581,0.5892779098442138,snare,tangled_rope,False
cn_tech_decoupling_security_software,moderate,0.641765,0.00014948880263450517,0.00014914940786661524,0.017280733009718028,7.465546888012807e-05,0.008482169325647937,snare,snare,True
cn_tech_decoupling_security_software,institutional,-0.024506,13.681634164399453,14.219487096234637,2.644851072658454,1.5083498594950966,0.8467404083674074,snare,rope,False
cn_tech_decoupling_security_software,analytical,0.79456,0.9932204023452846,0.6370505167955566,1.2496124921582175,0.3778470616535396,0.5279560150459273,snare,tangled_rope,False
cobra_effect,powerless,0.646327,3.1815180237179476e-05,3.720787201857562e-05,0.008280523439229916,1.714174262038824e-05,0.00207441487720883,tangled_rope,tangled_rope,True
cobra_effect,moderate,0.641765,0.00017318872437118552,0.0001769761467998158,0.018704831190202373,8.746703991593524e-05,0.00882513050637096,tangled_rope,snare,False
cobra_effect,institutional,-0.024506,11.800671783749909,14.391771685985526,2.6645534159383755,1.5274711679309507,0.8896636410748406,tangled_rope,rope,False
cobra_effect,analytical,0.79456,0.8900765950232121,0.5112345572560263,1.1455155306340752,0.31918080587850584,0.4515758483706998,tangled_rope,tangled_rope,True
codex_access,powerless,0.2704,2.5323558191645623,0.39796033236861794,1.0946100705016304,0.29213990371874216,0.26464472480339785,tangled_rope,tangled_rope,True
codex_access,moderate,0.575376,0.05506568161293547,0.059378692976364736,0.33811141883291607,0.028511830460909913,0.15965401746202756,tangled_rope,tangled_rope,True
codex_access,institutional,0.151521,5.2680178077227415,2.7752558538306387,1.4412624298952812,0.497221268129003,0.26465286787578995,tangled_rope,tangled_rope,True
codex_access,analytical,0.712364,0.0007925270754015961,0.0007697857440317467,0.03942510431366474,0.00038857212952567415,0.017164046997790172,tangled_rope,tangled_rope,True
coe_ukraine_reparations_register,powerless,0.2704,3.556700456197528,0.5152645280755648,1.3211429417288723,0.4207165517967485,0.3765726887082644,tangled_rope,tangled_rope,True
coe_ukraine_reparations_register,moderate,0.575376,0.06268179334849551,0.06376316682470232,0.3555769454479713,0.03152556933235385,0.17639902736736968,tangled_rope,snare,False
coe_ukraine_reparations_register,institutional,-0.007558,9.072917767470724,11.185845694195095,2.4539326365941343,1.3258092085175714,0.8166100130205824,tangled_rope,rope,False
coe_ukraine_reparations_register,analytical,0.712364,0.0009585819283254864,0.0009528670010176377,0.04366779169313024,0.0004767000697220546,0.0209141862334305,tangled_rope,tangled_rope,True
coffee_cardiovascular_2026,powerless,0.413016,0.0005724154903402039,0.00040732400984770233,0.030889554163867308,0.00023853639732564926,0.0008365171904630001,tangled_rope,tangled_rope,True
coffee_cardiovascular_2026,moderate,0.420467,0.0008116432058637934,0.0005402026068970767,0.03604325957908112,0.00032477035024259675,0.0009284003302381938,tangled_rope,tangled_rope,True
coffee_cardiovascular_2026,institutional,0.006599,3.17523935328337,6.24661273161132,2.6622584568209335,1.5252414934390046,0.9575084167636186,tangled_rope,rope,False
coffee_cardiovascular_2026,analytical,0.520574,0.005786027013622608,0.003863271473571708,0.08150542077973219,0.0016605535667183894,0.001229997699372743,tangled_rope,tangled_rope,True
cognitive_bicycle_scaffold,powerless,0.304328,0.04513349073227226,0.03892066123176804,0.2893222306575381,0.02089036935565712,0.1146317616753797,tangled_rope,tangled_rope,True
cognitive_bicycle_scaffold,moderate,0.309818,0.06613092227908612,0.054753546231296406,0.34651618492493264,0.029943349840173036,0.134039373267133,tangled_rope,tangled_rope,True
cognitive_bicycle_scaffold,institutional,-0.011831,3.8674379182988092,1.3400747694845419,1.9773960228755831,0.9004442170529675,0.7401435562491497,tangled_rope,rope,False
cognitive_bicycle_scaffold,analytical,0.383581,0.5592279242335504,0.24226423261906413,0.8365065554814255,0.17240041744905296,0.24442427856586368,tangled_rope,tangled_rope,True
cognitive_diversity_arbitrage,powerless,0.56518,0.0456667624388137,0.04785055154886819,0.30574110281388517,0.023323930165248648,0.1484564411031184,tangled_rope,tangled_rope,True
cognitive_diversity_arbitrage,moderate,0.575376,0.05950481555521146,0.06243657547964706,0.3491209566929233,0.030394063830766115,0.1701183320542472,tangled_rope,tangled_rope,True
cognitive_diversity_arbitrage,institutional,-0.021971,8.130805884920767,11.881868446395423,2.5718651113579454,1.4379465698984746,0.8851096712420413,tangled_rope,rope,False
cognitive_diversity_arbitrage,analytical,0.712364,0.0011888913737262425,0.0014389410964694416,0.05061605084805256,0.0006404619653165224,0.019281650972716224,tangled_rope,tangled_rope,True
cognitive_energy_budget,powerless,0.3016,5.694673909413208,5.559317031612242,2.765153356033795,1.6257794316963496,0.9738811296184654,snare,tangled_rope,False
cognitive_energy_budget,moderate,0.641765,1.4571031567571636e-05,1.4121320618299338e-05,0.00534803613154003,7.1503683554419105e-06,0.0007933386271337106,snare,snare,True
cognitive_energy_budget,institutional,-0.033992,22.532869204559933,14.932763664987966,3.130057736290884,1.9884651466497574,0.9765133008034144,snare,rope,False
cognitive_energy_budget,analytical,0.79456,0.3272932818365979,0.666431855573666,0.9485220313415051,0.2207391105647403,0.32181374789104544,snare,snare,True
cognitive_hacking_2026,powerless,0.2704,2.7876738233464087,0.3970092214473974,1.1473930993360764,0.3201990980563005,0.29268257175318757,tangled_rope,tangled_rope,True
cognitive_hacking_2026,moderate,0.575376,0.057707594538411414,0.061295890922908415,0.34484686482406945,0.029656257715577946,0.16601679065891467,tangled_rope,tangled_rope,True
cognitive_hacking_2026,institutional,-0.021971,7.603840595161866,11.77257670051977,2.5349928307613805,1.4026577645899743,0.8723447249451269,tangled_rope,rope,False
cognitive_hacking_2026,analytical,0.712364,0.0008442050409779833,0.0008335699099327685,0.04089195602713298,0.000418023454152575,0.018305166171026566,tangled_rope,tangled_rope,True
cognitive_induction_gap,powerless,0.56518,0.04871864822026833,0.049327025813362166,0.3131156469051674,0.02446032985518971,0.15564425863314657,tangled_rope,snare,False
cognitive_induction_gap,moderate,0.575376,0.06317230823630575,0.06374168518735344,0.35624290991837576,0.03164345650068084,0.1770532470677994,tangled_rope,snare,False
cognitive_induction_gap,institutional,0.272193,3.657572808602253,0.5386333768687919,1.353378501034182,0.44069954076114964,0.39296610641352503,tangled_rope,tangled_rope,True
cognitive_induction_gap,analytical,0.712364,0.001044504832886698,0.00109955233030059,0.04610672060538768,0.0005314338844134175,0.021320774403396858,tangled_rope,tangled_rope,True
cognitive_surrender_to_system_3,powerless,0.291591,1.655740217026994,0.2590650689651008,0.9313795474345616,0.2129759145321994,0.2016259480555214,tangled_rope,tangled_rope,True
cognitive_surrender_to_system_3,moderate,0.575376,0.04715655767363366,0.05267238205670196,0.31559077524677714,0.024847762271892823,0.1392724539334823,tangled_rope,tangled_rope,True
cognitive_surrender_to_system_3,institutional,-0.021971,6.021410770885434,11.844226349046664,2.5816743433687104,1.4473672117390788,0.9049679983286337,tangled_rope,rope,False
cognitive_surrender_to_system_3,analytical,0.712364,0.0009714768654071682,0.001219396445293148,0.04607357805165374,0.0005306701793901993,0.014208446560523058,tangled_rope,tangled_rope,True
coinbase_crypto_volatility,powerless,0.56518,0.013208840509082108,0.015749299752220173,0.1696753263178879,0.007193113210367848,0.04596060616998633,tangled_rope,tangled_rope,True
coinbase_crypto_volatility,moderate,0.575376,0.017564415003294722,0.021416896843779155,0.19670585295966736,0.009665502936283488,0.054370588998981506,tangled_rope,tangled_rope,True
coinbase_crypto_volatility,institutional,-0.021971,4.08966993328967,11.659625576398586,2.7329746309504666,1.5942188173943597,0.9290173146564774,tangled_rope,rope,False
coinbase_crypto_volatility,analytical,0.712364,0.0002477840913967535,0.00021651623183862264,0.02113197166221572,0.00011163901796225952,0.004773523881164143,tangled_rope,tangled_rope,True
cold_dark_matter_paradigm,powerless,0.56518,0.015735682030402015,0.01863339133175189,0.18489135306452306,0.008540118377482935,0.054556274914784875,tangled_rope,tangled_rope,True
cold_dark_matter_paradigm,moderate,0.575376,0.020899998923317203,0.025277630213041264,0.21415937858789622,0.011455108168398169,0.06441714067843596,tangled_rope,tangled_rope,True
cold_dark_matter_paradigm,institutional,-0.021971,3.757999189346797,11.760093726149362,2.595835431515737,1.4609907014487429,0.922272834686685,tangled_rope,rope,False
cold_dark_matter_paradigm,analytical,0.712364,0.00035312701733769634,0.0003966827466325528,0.026941111476974387,0.000181453128067164,0.00573448843836008,tangled_rope,tangled_rope,True
collatz_conjecture_determinism,powerless,0.09084,2.026910696919324e-07,1.956927695787584e-07,0.0006311032707324072,9.957283415132512e-08,3.785681464751889e-06,mountain,mountain,True
collatz_conjecture_determinism,moderate,0.079998,2.3093065865718957e-14,2.28962918494325e-14,2.1490760299348777e-07,1.1497776216529816e-14,1.3206830073997367e-09,mountain,mountain,True
collatz_conjecture_determinism,institutional,-0.00955,0.05225489703994835,0.31934472327361857,0.44423409457143415,0.04913347937360198,0.05117249372040522,mountain,mountain,True
collatz_conjecture_determinism,analytical,0.110402,3.2579465519273214e-07,3.400217551338218e-07,0.0008158358283145231,1.6639702256925781e-07,5.184531822386724e-06,mountain,mountain,True
collective_action_deadlock,powerless,0.630393,0.0008750404663001636,0.0008709770978205468,0.04178499306526079,0.0004364805341705849,0.0205389838765066,snare,snare,True
collective_action_deadlock,moderate,0.641765,0.0001547761801719798,0.00015531276292620017,0.01760722340655693,7.750307845658095e-05,0.008558586029067228,snare,snare,True
collective_action_deadlock,institutional,-0.024506,13.451264551256886,14.253966909424056,2.6459099470214937,1.5093763103179594,0.857166363758337,snare,rope,False
collective_action_deadlock,analytical,0.79456,0.9832138324170167,0.6220743480444271,1.2382798182501984,0.37124420279070114,0.5192721647615954,snare,tangled_rope,False
collective_stupidity_2026,powerless,0.3536,0.9745606904204174,9.790145144871335,1.806563874923592,0.7619284095130339,0.6233622920627276,snare,rope,False
collective_stupidity_2026,moderate,0.528056,2.7186577759210164e-05,6.489932267433539e-05,0.008341826267552612,1.739649114953061e-05,0.00014934559534707237,snare,snare,True
collective_stupidity_2026,institutional,-0.054575,23.01753311104897,18.43690493638653,3.1412659255508366,1.9996732719624966,0.9995794137254574,snare,rope,False
collective_stupidity_2026,analytical,0.931553,1.8499250070704725,6.123628988108569,2.2869719023591744,1.171150957811331,0.8430205421394364,snare,tangled_rope,False
college_admissions_market,powerless,0.3016,4.60890240321557,0.8879982389886178,1.7135298390698241,0.6902285371217315,0.5804703032362672,snare,tangled_rope,False
college_admissions_market,moderate,0.641765,0.00015636221439389666,0.00015727051780184566,0.017706807349165528,7.838224463876557e-05,0.00854642793593241,snare,snare,True
college_admissions_market,institutional,-0.024506,13.513276065126751,14.286708333831768,2.6518467853528613,1.5151338970472574,0.8597395684384596,snare,rope,False
college_admissions_market,analytical,0.79456,0.985921946818423,0.6263520922588168,1.2412584679999572,0.37297462302636963,0.5212606973425843,snare,tangled_rope,False
colorado_sbe_decentralization_friction,powerless,0.2704,3.556700456197528,0.5152645280755648,1.3211429417288723,0.4207165517967485,0.3765726887082644,tangled_rope,tangled_rope,True
colorado_sbe_decentralization_friction,moderate,0.575376,0.06268179334849551,0.06376316682470232,0.3555769454479713,0.03152556933235385,0.17639902736736968,tangled_rope,snare,False
colorado_sbe_decentralization_friction,institutional,-0.03817,9.368119784585522,12.240920767921661,2.6026444376258433,1.4675508791867093,0.8838743754954357,tangled_rope,rope,False
colorado_sbe_decentralization_friction,analytical,0.712364,0.0009585819283254864,0.0009528670010176377,0.04366779169313024,0.0004767000697220546,0.0209141862334305,tangled_rope,tangled_rope,True
colossus_nero_inertia,powerless,0.56518,0.00019489413260625538,0.00023493178984259445,0.020632727480481557,0.00010642641692577795,0.0006624511441667424,tangled_rope,tangled_rope,True
colossus_nero_inertia,moderate,0.575376,0.00026134267951070386,0.00032308000709228526,0.024022411049459205,0.00014426732370233507,0.0007930443703932921,tangled_rope,tangled_rope,True
colossus_nero_inertia,institutional,-0.021971,3.7121516804073105,11.357015735862644,2.8209494937991852,1.6807286583652674,0.9751526731795039,tangled_rope,rope,False
colossus_nero_inertia,analytical,0.712364,0.00016026051422275025,0.00019647611489420597,0.01743221805888062,7.597007565380365e-05,0.00015370154386984216,tangled_rope,tangled_rope,True
columbia_2026_elections,powerless,0.2704,3.556700456197528,0.5152645280755648,1.3211429417288723,0.4207165517967485,0.3765726887082644,tangled_rope,tangled_rope,True
columbia_2026_elections,moderate,0.575376,0.06268179334849551,0.06376316682470232,0.3555769454479713,0.03152556933235385,0.17639902736736968,tangled_rope,snare,False
columbia_2026_elections,institutional,-0.021971,9.211305010249216,11.738069373391989,2.5284721464247064,1.3964378955701757,0.852246854333815,tangled_rope,rope,False
columbia_2026_elections,analytical,0.712364,0.0009585819283254864,0.0009528670010176377,0.04366779169313024,0.0004767000697220546,0.0209141862334305,tangled_rope,tangled_rope,True
comitatus_bond,powerless,0.413016,0.010710745529868082,0.01669336041159459,0.16244831121562614,0.006593737151372727,0.019396744715356816,tangled_rope,tangled_rope,True
comitatus_bond,moderate,0.420467,0.01746821033340123,0.029655931352313345,0.21134722674662276,0.011156524769343184,0.02772049398596342,tangled_rope,tangled_rope,True
comitatus_bond,institutional,-0.016056,2.0219097084434066,6.853133398520241,2.3327348378939003,1.2130123920410214,0.8489789325349243,tangled_rope,rope,False
comitatus_bond,analytical,0.520574,0.4272067666579954,1.209947372203115,1.146896424173446,0.3199295841391166,0.3635141257786516,tangled_rope,tangled_rope,True
commercial_data_brokerage,powerless,0.3016,4.928948449620587,5.356893730283888,2.7815520797425966,1.6419009348983786,0.9825106471221605,snare,tangled_rope,False
commercial_data_brokerage,moderate,0.547191,0.0006238532874084701,0.0006927308979467275,0.036247264861165085,0.0003284570617483414,0.0040906112818202,snare,snare,True
commercial_data_brokerage,institutional,-0.024506,22.77387796470489,16.586336147617686,3.1287615262946304,1.9871689607250285,0.996132955092063,snare,rope,False
commercial_data_brokerage,analytical,0.79456,0.2127243325798266,0.5677293685535186,0.7974388713520677,0.15688217219134454,0.21663957971057335,snare,snare,True
communal_narcissism_social_trap,powerless,0.739082,0.1679400038954289,0.16521918325558654,0.5761137299231024,0.082404580209046,0.27329624795969815,snare,tangled_rope,False
communal_narcissism_social_trap,moderate,0.752415,0.28346780792123416,0.2677177590385987,0.7396665179727971,0.13522474246226288,0.34167414968691534,snare,tangled_rope,False
communal_narcissism_social_trap,institutional,0.726947,0.0938924649408255,0.09449927769317298,0.4336074172618367,0.04682002282435382,0.20894569177877287,snare,tangled_rope,False
communal_narcissism_social_trap,analytical,0.931553,5.770092336728818,2.771447187289299,2.236147325979183,1.1251689327202912,0.7321400928184336,snare,piton,False
complexity_debt,powerless,0.56518,0.01626373060740003,0.019229491628570083,0.18789959318761745,0.008820073836806845,0.05634931370490315,tangled_rope,tangled_rope,True
complexity_debt,moderate,0.575376,0.021596724317573267,0.02607351333990087,0.2176066115524475,0.01182648545386387,0.06650962916954128,tangled_rope,tangled_rope,True
complexity_debt,institutional,0.120099,1.9280201835450335,4.690171107532789,1.4787433226801345,0.5222158118253514,0.4121087948058817,tangled_rope,tangled_rope,True
complexity_debt,analytical,0.712364,0.0006075172755381812,0.0008529055127589971,0.037267312839533814,0.0003472031052718087,0.005960940985988747,tangled_rope,tangled_rope,True
condiment_tyranny,powerless,0.413016,0.0004909801252244756,0.0004505687295599714,0.030216463035452334,0.00022825431779171276,0.0005483482752362347,tangled_rope,tangled_rope,True
condiment_tyranny,moderate,0.420467,0.00072193351642639,0.0006839131120340436,0.03663752066046382,0.0003355675958158039,0.0006085596993946139,tangled_rope,tangled_rope,True
condiment_tyranny,institutional,-0.016056,3.181789293351769,6.65222332609449,2.6759800296320493,1.5385819321771255,0.9579053620689417,tangled_rope,rope,False
condiment_tyranny,analytical,0.520574,0.00963885718867528,0.024293562831004614,0.15571994285238175,0.006059113271970456,0.00662469969608963,tangled_rope,tangled_rope,True
confidential_ai_whatsapp,powerless,0.2704,3.0024013998706662,0.4357947679534223,1.1978706942429993,0.34812740944459886,0.3158239052681355,tangled_rope,tangled_rope,True
confidential_ai_whatsapp,moderate,0.575376,0.05950481555521146,0.06243657547964706,0.3491209566929233,0.030394063830766115,0.1701183320542472,tangled_rope,tangled_rope,True
confidential_ai_whatsapp,institutional,-0.03817,8.307929622341813,12.288864789608352,2.6423216057863086,1.5058984051791942,0.9112068548639992,tangled_rope,rope,False
confidential_ai_whatsapp,analytical,0.712364,0.0011888913737262425,0.0014389410964694416,0.05061605084805256,0.0006404619653165224,0.019281650972716224,tangled_rope,tangled_rope,True
confirmation_bias,powerless,0.3016,2.860223659497747,0.4606214499289143,1.254441416496279,0.3806764188332022,0.34824324733157497,tangled_rope,tangled_rope,True
confirmation_bias,moderate,0.641765,0.0001625215704105067,0.00016741717056133695,0.018154385656934523,8.239486389634455e-05,0.008075976335080615,tangled_rope,tangled_rope,True
confirmation_bias,institutional,0.169004,6.418999896790059,2.0727172658239743,1.4364128378116423,0.49402564173162783,0.34828595150812924,tangled_rope,tangled_rope,True
confirmation_bias,analytical,0.79456,0.6733080659449923,0.3350217973624727,0.9554784388751437,0.22392672699499724,0.3245478603281996,tangled_rope,tangled_rope,True
consensus_without_truth,powerless,0.3016,4.913419709859274,0.9976192148909532,1.8013504719600217,0.7578382078243593,0.6245286172438945,snare,tangled_rope,False
consensus_without_truth,moderate,0.641765,0.00016426996337572764,0.00016785656282097117,0.018216179516110462,8.295672554950964e-05,0.008234130903001735,snare,snare,True
consensus_without_truth,institutional,-0.008431,14.3478752877149,13.583821096235797,2.6025615041582273,1.4674709391598948,0.8110577884407794,snare,rope,False
consensus_without_truth,analytical,0.79456,1.0252842239420819,0.6963920748577435,1.2882920739168253,0.4007742464903634,0.5543674708071646,snare,tangled_rope,False
constitutional_supremacy,powerless,0.413016,0.0005724154903402039,0.00040732400984770233,0.030889554163867308,0.00023853639732564926,0.0008365171904630001,tangled_rope,tangled_rope,True
constitutional_supremacy,moderate,0.420467,0.0008116432058637934,0.0005402026068970767,0.03604325957908112,0.00032477035024259675,0.0009284003302381938,tangled_rope,tangled_rope,True
constitutional_supremacy,institutional,-0.016056,3.5851679186508014,6.385964816741158,2.7389220627680197,1.6000443366102775,0.9713877261219918,tangled_rope,rope,False
constitutional_supremacy,analytical,0.520574,0.005786027013622608,0.003863271473571708,0.08150542077973219,0.0016605535667183894,0.001229997699372743,tangled_rope,tangled_rope,True
consumer_debt_slavery,powerless,0.757762,0.2706329829666055,0.2124757279371872,0.6910794950780867,0.11821445057882585,0.30188665435252515,tangled_rope,tangled_rope,True
consumer_debt_slavery,moderate,0.752415,0.2272996445637328,0.18455100242422984,0.6390363811242769,0.10122626192718813,0.2835756942132878,tangled_rope,tangled_rope,True
consumer_debt_slavery,institutional,-0.028731,10.908150079108,18.295428144580725,2.7495063899586714,1.6104204172149543,0.8500275699825587,tangled_rope,rope,False
consumer_debt_slavery,analytical,0.931553,3.5633036329239687,0.5749810898880212,1.4301497213222958,0.4899116817149827,0.4375736150663541,tangled_rope,tangled_rope,True
continuum_hypothesis_undecidability,powerless,0.09084,2.026910696919324e-07,1.956927695787584e-07,0.0006311032707324072,9.957283415132512e-08,3.785681464751889e-06,mountain,mountain,True
continuum_hypothesis_undecidability,moderate,0.079998,2.3093065865718957e-14,2.28962918494325e-14,2.1490760299348777e-07,1.1497776216529816e-14,1.3206830073997367e-09,mountain,mountain,True
continuum_hypothesis_undecidability,institutional,-0.00955,0.05225489703994835,0.31934472327361857,0.44423409457143415,0.04913347937360198,0.05117249372040522,mountain,mountain,True
continuum_hypothesis_undecidability,analytical,0.110402,3.2579465519273214e-07,3.400217551338218e-07,0.0008158358283145231,1.6639702256925781e-07,5.184531822386724e-06,mountain,mountain,True
conversational_dogmas_interuption,powerless,0.56518,0.04421875747633546,0.04683023926917067,0.301647858175195,0.022704768184582856,0.1445364428073025,tangled_rope,tangled_rope,True
conversational_dogmas_interuption,moderate,0.575376,0.057707594538411414,0.061295890922908415,0.34484686482406945,0.029656257715577946,0.16601679065891467,tangled_rope,tangled_rope,True
conversational_dogmas_interuption,institutional,-0.021971,7.603840595161866,11.77257670051977,2.5349928307613805,1.4026577645899743,0.8723447249451269,tangled_rope,rope,False
conversational_dogmas_interuption,analytical,0.712364,0.0008442050409779833,0.0008335699099327685,0.04089195602713298,0.000418023454152575,0.018305166171026566,tangled_rope,tangled_rope,True
conways_game_of_life_dynamics,powerless,0.09084,2.026910696919324e-07,1.956927695787584e-07,0.0006311032707324072,9.957283415132512e-08,3.785681464751889e-06,mountain,mountain,True
conways_game_of_life_dynamics,moderate,0.079998,2.3093065865718957e-14,2.28962918494325e-14,2.1490760299348777e-07,1.1497776216529816e-14,1.3206830073997367e-09,mountain,mountain,True
conways_game_of_life_dynamics,institutional,-0.00955,0.05225489703994835,0.31934472327361857,0.44423409457143415,0.04913347937360198,0.05117249372040522,mountain,mountain,True
conways_game_of_life_dynamics,analytical,0.110402,3.2579465519273214e-07,3.400217551338218e-07,0.0008158358283145231,1.6639702256925781e-07,5.184531822386724e-06,mountain,mountain,True
coordination_attack_vulnerability,powerless,0.56518,0.04421875747633546,0.04683023926917067,0.301647858175195,0.022704768184582856,0.1445364428073025,tangled_rope,tangled_rope,True
coordination_attack_vulnerability,moderate,0.575376,0.057707594538411414,0.061295890922908415,0.34484686482406945,0.029656257715577946,0.16601679065891467,tangled_rope,tangled_rope,True
coordination_attack_vulnerability,institutional,-0.021971,7.603840595161866,11.77257670051977,2.5349928307613805,1.4026577645899743,0.8723447249451269,tangled_rope,rope,False
coordination_attack_vulnerability,analytical,0.712364,0.0008442050409779833,0.0008335699099327685,0.04089195602713298,0.000418023454152575,0.018305166171026566,tangled_rope,tangled_rope,True
coordination_fatigue,powerless,0.2808,2.3865930514373788,0.3550420461816635,1.0738543690829023,0.2814310508449697,0.2596222908762141,tangled_rope,tangled_rope,True
coordination_fatigue,moderate,0.597506,0.02661826610159371,0.028358748684550773,0.2343825489462641,0.013718083913178416,0.10840192344078337,tangled_rope,tangled_rope,True
coordination_fatigue,institutional,0.059467,6.200820797526319,8.854829500770057,2.086108722054897,0.9928323876528902,0.6582684769451161,tangled_rope,rope,False
coordination_fatigue,analytical,0.739763,0.08400843131929063,0.06833628669490978,0.38835569568196315,0.037586712910216445,0.14753226111575451,tangled_rope,tangled_rope,True
coordination_threshold_failure,powerless,0.413016,0.0006890724250161383,0.0005628266958503896,0.03487851376114369,0.00030411997282107017,0.0008804836833597235,tangled_rope,tangled_rope,True
coordination_threshold_failure,moderate,0.420467,0.0009954533716374078,0.0008081171122484161,0.04155973438485939,0.00043178734294830023,0.0009772017975154949,tangled_rope,tangled_rope,True
coordination_threshold_failure,institutional,-0.016056,3.6579043738814,6.348153598484361,2.7487917845149195,1.6097195249128446,0.9732041717723143,tangled_rope,rope,False
coordination_threshold_failure,analytical,0.520574,0.010297422045955122,0.01962476134804111,0.14571109127656567,0.0053055831017423715,0.005172330710485656,tangled_rope,tangled_rope,True
copyleft_viral_licensing,powerless,0.413016,0.015005819571058657,0.010584352578889377,0.158138507403205,0.00624869032300508,0.02333818956681899,tangled_rope,tangled_rope,True
copyleft_viral_licensing,moderate,0.420467,0.0212486638862114,0.013834070269683682,0.18407070968990363,0.008464529105965459,0.02602199539210226,tangled_rope,tangled_rope,True
copyleft_viral_licensing,institutional,-0.005523,6.4551998555329595,3.339755353893584,2.698104514885774,1.56013735370571,0.9632330123280666,tangled_rope,rope,False
copyleft_viral_licensing,analytical,0.520574,0.13840164230876412,0.034484962178273786,0.34528458691100306,0.02973140503564405,0.03534076193474556,tangled_rope,tangled_rope,True
copyright_protection,powerless,0.2704,3.475093131797637,0.5054644466987123,1.303500575411104,0.4099533412789774,0.36752926847458645,tangled_rope,tangled_rope,True
copyright_protection,moderate,0.575376,0.06234616816009826,0.0637094112988158,0.35502316268107864,0.03142770646184028,0.17585558189627576,tangled_rope,snare,False
copyright_protection,institutional,-0.007558,8.93970107593403,11.310297513457455,2.4791367859289353,1.349591077595838,0.8290734281035358,tangled_rope,rope,False
copyright_protection,analytical,0.712364,0.0009440949799579914,0.0009328542453278237,0.04327853659763938,0.0004682396606692084,0.020688528338595025,tangled_rope,tangled_rope,True
cosmological_evolution_alpha_omega,powerless,0.09084,2.026910696919324e-07,1.956927695787584e-07,0.0006311032707324072,9.957283415132512e-08,3.785681464751889e-06,mountain,mountain,True
cosmological_evolution_alpha_omega,moderate,0.079998,2.3093065865718957e-14,2.28962918494325e-14,2.1490760299348777e-07,1.1497776216529816e-14,1.3206830073997367e-09,mountain,mountain,True
cosmological_evolution_alpha_omega,institutional,-0.00955,0.05225489703994835,0.31934472327361857,0.44423409457143415,0.04913347937360198,0.05117249372040522,mountain,mountain,True
cosmological_evolution_alpha_omega,analytical,0.110402,3.2579465519273214e-07,3.400217551338218e-07,0.0008158358283145231,1.6639702256925781e-07,5.184531822386724e-06,mountain,mountain,True
cost_of_observation,powerless,0.38041,0.01856484838788256,0.013668704934470113,0.177959899449123,0.00791220902136172,0.032555695692817355,tangled_rope,tangled_rope,True
cost_of_observation,moderate,0.387272,0.0264681428637683,0.018143737716104905,0.2083973320535716,0.010847542030521833,0.03663142832501509,tangled_rope,tangled_rope,True
cost_of_observation,institutional,-0.014788,5.903832727678207,2.957240802958485,2.601277505097625,1.4662334023016554,0.9454052978973797,tangled_rope,rope,False
cost_of_observation,analytical,0.479476,0.18120961732272972,0.05070774427660932,0.41239311754440017,0.04236659275980488,0.052289753348276236,tangled_rope,tangled_rope,True
countable_infinity_cardinality,powerless,0.09084,2.026910696919324e-07,1.956927695787584e-07,0.0006311032707324072,9.957283415132512e-08,3.785681464751889e-06,mountain,mountain,True
countable_infinity_cardinality,moderate,0.079998,2.3093065865718957e-14,2.28962918494325e-14,2.1490760299348777e-07,1.1497776216529816e-14,1.3206830073997367e-09,mountain,mountain,True
countable_infinity_cardinality,institutional,-0.00955,0.05225489703994835,0.31934472327361857,0.44423409457143415,0.04913347937360198,0.05117249372040522,mountain,mountain,True
countable_infinity_cardinality,analytical,0.110402,3.2579465519273214e-07,3.400217551338218e-07,0.0008158358283145231,1.6639702256925781e-07,5.184531822386724e-06,mountain,mountain,True
couples_residency_match,powerless,0.413016,0.0006890724250161383,0.0005628266958503896,0.03487851376114369,0.00030411997282107017,0.0008804836833597235,tangled_rope,tangled_rope,True
couples_residency_match,moderate,0.420467,0.0009954533716374078,0.0008081171122484161,0.04155973438485939,0.00043178734294830023,0.0009772017975154949,tangled_rope,tangled_rope,True
couples_residency_match,institutional,-0.005523,3.4658164921878996,6.291639902548045,2.716113006775006,1.57772250785701,0.9678127458632557,tangled_rope,rope,False
couples_residency_match,analytical,0.520574,0.010297422045955122,0.01962476134804111,0.14571109127656567,0.0053055831017423715,0.005172330710485656,tangled_rope,tangled_rope,True
cow_field_poop,powerless,0.390025,0.03376598525346045,0.04995755667526007,0.28519376329473134,0.02029943847622776,0.06339712571574108,rope,rope,True
cow_field_poop,moderate,0.353015,0.00012034961350057377,0.00012411490694657387,0.01563396714756199,6.110492103919766e-05,0.0025194294223563896,rope,rope,True
cow_field_poop,institutional,-0.014788,0.2065409044107309,0.026212460438803285,0.31684848356361417,0.02504579080839151,0.02495737040513034,rope,rope,True
cow_field_poop,analytical,0.479476,1.0685022876317696,1.9901719955010642,1.6665754154184904,0.6551079711719437,0.6754630260993446,rope,tangled_rope,False
credibility_inflation,powerless,0.521705,0.01765679143655633,0.02322553298384232,0.20076722294019592,0.010068410352101629,0.044308793153441384,tangled_rope,tangled_rope,True
credibility_inflation,moderate,0.531116,0.02574829102772679,0.03538543346222103,0.24490720253137452,0.014976156612502187,0.05641326811801395,tangled_rope,tangled_rope,True
credibility_inflation,institutional,-0.035234,3.391950839358293,10.505567324070807,2.6677028229061994,1.5305319960088313,0.9445105790561669,tangled_rope,rope,False
credibility_inflation,analytical,0.657567,0.06370433662476835,0.09860375249570477,0.39559894662480344,0.03899723648614754,0.1036708185316505,tangled_rope,tangled_rope,True
crisis_signal_saturation,powerless,0.56518,0.01626373060740003,0.019229491628570083,0.18789959318761745,0.008820073836806845,0.05634931370490315,tangled_rope,tangled_rope,True
crisis_signal_saturation,moderate,0.575376,0.021596724317573267,0.02607351333990087,0.2176066115524475,0.01182648545386387,0.06650962916954128,tangled_rope,tangled_rope,True
crisis_signal_saturation,institutional,-0.007558,3.686196944792847,11.485249642263312,2.559090463585155,1.4256982897519448,0.9117617130470425,tangled_rope,rope,False
crisis_signal_saturation,analytical,0.712364,0.0006075172755381812,0.0008529055127589971,0.037267312839533814,0.0003472031052718087,0.005960940985988747,tangled_rope,tangled_rope,True
crispr_genomic_rewrite_2026,powerless,0.413016,0.0007401281557794104,0.0005213051844893782,0.03505404309441493,0.00030718862025642897,0.0010885085935238177,tangled_rope,tangled_rope,True
crispr_genomic_rewrite_2026,moderate,0.420467,0.001048062165430427,0.0006866788359255755,0.040837264337042614,0.00041690605460621775,0.0012081044488422045,tangled_rope,tangled_rope,True
crispr_genomic_rewrite_2026,institutional,-0.016056,3.8463003595930045,6.191753589403299,2.7704934023449743,1.6310264946693338,0.9774014324666768,tangled_rope,rope,False
crispr_genomic_rewrite_2026,analytical,0.520574,0.007222166613936678,0.0038322662904976884,0.08697938551345635,0.0018910552934014969,0.0016007156870554004,tangled_rope,tangled_rope,True
critical_actor_overcentralization,powerless,0.630393,0.0008865956466750146,0.0008834714380283522,0.04207200633752718,0.00044249711137888726,0.020871191805839295,snare,snare,True
critical_actor_overcentralization,moderate,0.641765,0.00015292057016963443,0.000152693958749983,0.01748133169568183,7.639875306103292e-05,0.008680812221841416,snare,snare,True
critical_actor_overcentralization,institutional,-0.024506,12.93464084178771,14.338070883597883,2.6582092074393184,1.5213089592689073,0.8666214905278807,snare,rope,False
critical_actor_overcentralization,analytical,0.79456,0.9556340946088397,0.5833608235832104,1.2089498870220754,0.3543987670759751,0.4983995499442636,snare,tangled_rope,False
crop_defense_dependency,powerless,0.64044,0.00021909215278177903,0.00021859338790466187,0.020920439999754036,0.00010941520479051406,0.010355047347454183,snare,snare,True
crop_defense_dependency,moderate,0.641765,0.00015185079539423992,0.00015153474309026715,0.01741733932311622,7.58404479548801e-05,0.008622443073721064,snare,snare,True
crop_defense_dependency,institutional,-0.024506,13.350957086787304,14.597803227046715,2.7346517314615566,1.5958611790586013,0.8685857301558844,snare,rope,False
crop_defense_dependency,analytical,0.79456,0.969506465585993,0.6018923508863953,1.2234604488959304,0.3626887956502722,0.5089088812727118,snare,tangled_rope,False
cross_domain_coupling_spiral,powerless,0.437752,0.7374244165852369,0.4112365084995498,1.0356471448053362,0.2622029057795223,0.39295356920030744,tangled_rope,tangled_rope,True
cross_domain_coupling_spiral,moderate,0.641765,0.0001521879877267945,0.0001522859434725551,0.017448057859343686,7.61081980556502e-05,0.008649145410708214,tangled_rope,tangled_rope,True
cross_domain_coupling_spiral,institutional,-0.024506,10.78756801164802,14.476613374965394,2.7421437989849107,1.6032015126713373,0.8977504597785195,tangled_rope,rope,False
cross_domain_coupling_spiral,analytical,0.79456,0.8028376410797939,0.4284104839559752,1.0665191470854087,0.27769066650385865,0.39874847665941904,tangled_rope,tangled_rope,True
cuba_mandatrophic_collapse,powerless,0.4056,0.037853765179216896,0.020390064887535395,0.22919426860322462,0.013118137593291355,0.030130457176062442,tangled_rope,tangled_rope,True
cuba_mandatrophic_collapse,moderate,0.863064,0.08714867839796687,0.04778584603338118,0.3393712683080135,0.0287241932793334,0.029667428205234363,tangled_rope,tangled_rope,True
cuba_mandatrophic_collapse,institutional,-0.032957,2.4629917219012025,19.353241696548654,2.3817493453046423,1.258304577504891,0.8579432692799454,tangled_rope,rope,False
cuba_mandatrophic_collapse,analytical,1.068546,2.11544115808516,3.5914071294710226,2.091415661251089,0.9974208388697253,0.802659641708918,tangled_rope,piton,False
cuban_missile_crisis_excomm_delibration,powerless,0.38041,0.003054266276828799,0.0022001901199444193,0.07175974007514331,0.0012872269707698844,0.005244269138082069,tangled_rope,tangled_rope,True
cuban_missile_crisis_excomm_delibration,moderate,0.387272,0.00434136094661994,0.0029029043608522977,0.08382928651221916,0.001756580127901394,0.005875534896274792,tangled_rope,tangled_rope,True
cuban_missile_crisis_excomm_delibration,institutional,-0.014788,4.398311567834321,4.674485711316527,2.7460653505451194,1.607045869150212,0.9803928309531486,tangled_rope,rope,False
cuban_missile_crisis_excomm_delibration,analytical,0.479476,0.029254674943631636,0.007861618000592445,0.16346947914488058,0.006676849315733083,0.00821645199898624,tangled_rope,tangled_rope,True
cultural_homogenization_social_media,powerless,0.3016,4.401900459700516,0.8232293469561432,1.6563791781976476,0.6475787752837242,0.5513983557578446,snare,tangled_rope,False
cultural_homogenization_social_media,moderate,0.641765,0.00015292057016963443,0.000152693958749983,0.01748133169568183,7.639875306103292e-05,0.008680812221841416,snare,snare,True
cultural_homogenization_social_media,institutional,-0.008431,12.821386675441673,13.691313909957374,2.5916479209220333,1.4569593169682795,0.831264626308914,snare,rope,False
cultural_homogenization_social_media,analytical,0.79456,0.9556340946088397,0.5833608235832104,1.2089498870220754,0.3543987670759751,0.4983995499442636,snare,tangled_rope,False
cultural_memory_decay,powerless,0.3016,5.0988777163262755,5.22609592948451,2.777861406484902,1.6382705144688892,0.9814534377563682,snare,tangled_rope,False
cultural_memory_decay,moderate,0.641765,1.487508464401553e-05,1.6079440744903457e-05,0.00555314535259213,7.709350874067174e-06,0.00045037327634946805,snare,snare,True
cultural_memory_decay,institutional,-0.024506,22.727443173409828,16.361337024608623,3.128260374249754,1.9866678194017533,0.9963898467717405,snare,rope,False
cultural_memory_decay,analytical,0.79456,0.2122762354652049,0.49468178916300276,0.7824694424234885,0.15112214350546002,0.2207484596392686,snare,snare,True
cultural_refragmentation_2026,powerless,0.3224,3.9187171666029808,4.797656776151301,2.656274089422706,1.519430310867473,0.9696470091212482,snare,tangled_rope,False
cultural_refragmentation_2026,moderate,0.686025,0.0019186301371548163,0.0022605046943065714,0.06448217686831927,0.0010393977419680997,0.008223773816514068,snare,snare,True
cultural_refragmentation_2026,institutional,-0.026196,22.73956468838023,18.047936591135954,3.1292352598185946,1.9876426848552364,0.9941220772278544,snare,rope,False
cultural_refragmentation_2026,analytical,0.849357,1.2955180178986123,2.7214236721219236,1.8641170144355454,0.8076348472549358,0.7350361619367831,snare,tangled_rope,False
cumbria_mine_rejection,powerless,0.2704,3.556700456197528,0.5152645280755648,1.3211429417288723,0.4207165517967485,0.3765726887082644,tangled_rope,tangled_rope,True
cumbria_mine_rejection,moderate,0.575376,0.06268179334849551,0.06376316682470232,0.3555769454479713,0.03152556933235385,0.17639902736736968,tangled_rope,snare,False
cumbria_mine_rejection,institutional,-0.021971,9.211305010249216,11.738069373391989,2.5284721464247064,1.3964378955701757,0.852246854333815,tangled_rope,rope,False
cumbria_mine_rejection,analytical,0.712364,0.0009585819283254864,0.0009528670010176377,0.04366779169313024,0.0004767000697220546,0.0209141862334305,tangled_rope,tangled_rope,True
cuny_light_2026,powerless,0.089148,6.771070078274753e-06,6.4867956725378175e-06,0.0036404689766986868,3.3132526779546174e-06,0.00010923428696518744,mountain,mountain,True
cuny_light_2026,moderate,0.080689,8.516640150026616e-08,8.478136233760146e-08,0.00041224639356059883,4.248677198302122e-08,1.2859197113579413e-05,mountain,mountain,True
cuny_light_2026,institutional,-0.00338,0.5690104486392369,2.3702502557120075,1.3845588777474875,0.46041386995868017,0.437216851076623,mountain,mountain,True
cuny_light_2026,analytical,0.109594,5.3978900950316254e-06,5.543795309071076e-06,0.003307446190604383,2.7347994527498086e-06,8.65335330944814e-05,mountain,mountain,True
currys_paradox,powerless,0.13626,3.4346537563711765e-05,4.5223191572931926e-05,0.008857106121077471,1.96120501570497e-05,9.590132227277337e-05,mountain,mountain,True
currys_paradox,moderate,0.119997,5.20001217344988e-13,5.201083342946381e-13,1.0198318143051182e-06,2.6001892869159244e-13,8.784403426886911e-09,mountain,mountain,True
currys_paradox,institutional,-0.014325,0.1284401449351297,0.7827068540665388,0.6936118460530667,0.11907367763998677,0.12101574044094598,mountain,mountain,True
currys_paradox,analytical,0.165603,0.0016492319606454511,0.004548428894057699,0.07145182586297744,0.0012762051067322904,0.0018905568153703145,mountain,mountain,True
damped_harmonics,powerless,0.13626,2.730279028570617e-05,3.5949374266308514e-05,0.007896875560758833,1.5590140650892342e-05,7.623432689174425e-05,mountain,mountain,True
damped_harmonics,moderate,0.119997,4.132238557376591e-13,4.13497107665991e-13,9.088486839519166e-07,2.066924304130193e-13,6.982801670218919e-09,mountain,mountain,True
damped_harmonics,institutional,-0.014325,0.10340849699810349,0.6392197195539203,0.6237856691241498,0.09649112264130194,0.09863579103813724,mountain,mountain,True
damped_harmonics,analytical,0.165603,0.0013112644818884492,0.0036172414796492025,0.06371445995193167,0.0010147972723359908,0.0015034062402410342,mountain,mountain,True
dark_patterns_manipulation,powerless,0.630393,4.1614359328834474e-05,4.0622553241198416e-05,0.009066904356098974,2.0552153451191494e-05,0.0009412619434786759,snare,snare,True
dark_patterns_manipulation,moderate,0.641765,9.556311394569582e-06,9.904364408407745e-06,0.004405730562511929,4.852613485151448e-06,0.00039986723703350213,snare,snare,True
dark_patterns_manipulation,institutional,-0.024506,22.758075687258454,16.65413710479547,3.1279916062059874,1.9863990574508357,0.9949760113480147,snare,rope,False
dark_patterns_manipulation,analytical,0.79456,0.1862657382906437,0.4316353602837569,0.733569192123884,0.13302947258566275,0.1971281809575558,snare,snare,True
data_laundering_pipeline,powerless,0.3016,4.533199320264565,0.8620553222554574,1.6923247735233027,0.6742771948681852,0.5697892422375538,snare,tangled_rope,False
data_laundering_pipeline,moderate,0.641765,0.00015269739340484598,0.00015267240161400062,0.017473888788967776,7.633371177818297e-05,0.008598837815198102,snare,snare,True
data_laundering_pipeline,institutional,0.010072,13.045410702873859,12.465888608232108,2.481163523398729,1.3515079828000962,0.7552246432747136,snare,rope,False
data_laundering_pipeline,analytical,0.79456,0.9748454828322008,0.6095509754850228,1.2291730857799055,0.3659761506302549,0.5129254154315126,snare,tangled_rope,False
data_privacy_regulation,powerless,0.56518,0.015872216520847984,0.01878779088151114,0.1856745111663598,0.008612567556066503,0.05501930328651883,tangled_rope,tangled_rope,True
data_privacy_regulation,moderate,0.575376,0.021080092333267825,0.025483787129420475,0.21505664376883316,0.01155120365791853,0.06495740428309094,tangled_rope,tangled_rope,True
data_privacy_regulation,institutional,-0.007558,3.563479672724529,11.446308305528628,2.530084023725586,1.3979748185835241,0.9030750380529198,tangled_rope,rope,False
data_privacy_regulation,analytical,0.712364,0.0003898028284946038,0.00046152477347610006,0.02864727877977024,0.0002051631376158526,0.00579000993126981,tangled_rope,tangled_rope,True
dead_sea_effect,powerless,0.56518,0.00022463015069293932,0.00021002032985438794,0.020589729412996388,0.00010598330327329408,0.0004223723461910687,tangled_rope,tangled_rope,True
dead_sea_effect,moderate,0.575376,0.00030505167554817223,0.00028039637034866897,0.023772838813817563,0.00014128530282409927,0.0005043536266838333,tangled_rope,tangled_rope,True
dead_sea_effect,institutional,0.021396,5.390552650171098,8.916997831392356,2.982869349787057,1.8414432574873898,0.9947936765938151,tangled_rope,rope,False
dead_sea_effect,analytical,0.712364,0.0008127662936067277,0.00015075631487750554,0.023268701510023727,0.00013535659067910564,0.00019602719505806832,tangled_rope,tangled_rope,True
debt_service_squeeze,powerless,0.56518,0.042112335326522934,0.04518869943713915,0.29532735713286623,0.021764970842837187,0.13858444791060787,tangled_rope,tangled_rope,True
debt_service_squeeze,moderate,0.575376,0.05506568161293547,0.059378692976364736,0.33811141883291607,0.028511830460909913,0.15965401746202756,tangled_rope,tangled_rope,True
debt_service_squeeze,institutional,-0.057014,7.888222035105135,12.464678960927634,2.795322002914814,1.6554567173136852,0.9077822122542988,tangled_rope,rope,False
debt_service_squeeze,analytical,0.712364,0.0007925270754015961,0.0007697857440317467,0.03942510431366474,0.00038857212952567415,0.017164046997790172,tangled_rope,tangled_rope,True
debt_trap_microfinance,powerless,0.630393,5.080805708310862e-05,4.938631873762441e-05,0.010008150410615169,2.5040716407201585e-05,0.001177135125824371,snare,snare,True
debt_trap_microfinance,moderate,0.641765,9.196879733727992e-06,9.044251044474312e-06,0.004267239739374457,4.55233202157206e-06,0.0004999087873085051,snare,snare,True
debt_trap_microfinance,institutional,-0.008431,22.69400798526904,16.109057276039387,3.1264492856350166,1.9848567767406946,0.9909037580574951,snare,rope,False
debt_trap_microfinance,analytical,0.79456,0.22279364148297,0.49345426709838114,0.7960744434497811,0.156352877636358,0.23172970275659266,snare,snare,True
decision_latency_mismatch,powerless,0.56518,0.015872216520847984,0.01878779088151114,0.1856745111663598,0.008612567556066503,0.05501930328651883,tangled_rope,tangled_rope,True
decision_latency_mismatch,moderate,0.575376,0.021080092333267825,0.025483787129420475,0.21505664376883316,0.01155120365791853,0.06495740428309094,tangled_rope,tangled_rope,True
decision_latency_mismatch,institutional,-0.021971,3.7880930867772906,11.764275089303009,2.6012637514739083,1.4662201475502483,0.9238111053287396,tangled_rope,rope,False
decision_latency_mismatch,analytical,0.712364,0.0003898028284946038,0.00046152477347610006,0.02864727877977024,0.0002051631376158526,0.00579000993126981,tangled_rope,tangled_rope,True
deep_earth_hydrogen_availability,powerless,0.20439,0.2381908194649507,0.5823218649007541,0.838243273772353,0.17310650045294704,0.23672966595692857,mountain,mountain,True
deep_earth_hydrogen_availability,moderate,0.179996,1.2493645787535787e-09,1.2491611190050158e-09,4.9985256134227024e-05,6.246314361455391e-10,5.006330435763928e-06,mountain,mountain,True
deep_earth_hydrogen_availability,institutional,-0.021488,0.3049742828404997,0.7650411254682257,0.9519256874211762,0.22229607194731052,0.287185766717176,mountain,mountain,True
deep_earth_hydrogen_availability,analytical,0.248404,7.149821003416324,4.582755074111594,2.887386486321332,1.7464777383854786,0.989174521222381,mountain,rope,False
deferential_realism_core,powerless,0.56518,0.00019489413260625538,0.00023493178984259445,0.020632727480481557,0.00010642641692577795,0.0006624511441667424,tangled_rope,tangled_rope,True
deferential_realism_core,moderate,0.575376,0.00026134267951070386,0.00032308000709228526,0.024022411049459205,0.00014426732370233507,0.0007930443703932921,tangled_rope,tangled_rope,True
deferential_realism_core,institutional,-0.021971,3.7121516804073105,11.357015735862644,2.8209494937991852,1.6807286583652674,0.9751526731795039,tangled_rope,rope,False
deferential_realism_core,analytical,0.72277,0.00021622741634860993,0.0002764318317480696,0.02067118635957716,0.00010682353542552674,0.00019581622831814013,tangled_rope,tangled_rope,True
deferred_risk_realization,powerless,0.3016,3.981531879210117,0.7072863270745438,1.5443491781187355,0.5672096694210625,0.49403440078592836,tangled_rope,tangled_rope,True
deferred_risk_realization,moderate,0.641765,0.00017318872437118552,0.0001769761467998158,0.018704831190202373,8.746703991593524e-05,0.00882513050637096,tangled_rope,snare,False
deferred_risk_realization,institutional,0.4504,0.6318379466428516,0.41921078903036113,1.0077415129840268,0.2485594945720294,0.42002716172254867,tangled_rope,tangled_rope,True
deferred_risk_realization,analytical,0.79456,0.8900765950232121,0.5112345572560263,1.1455155306340752,0.31918080587850584,0.4515758483706998,tangled_rope,tangled_rope,True
delayed_feedback_instability,powerless,0.56518,0.04421875747633546,0.04683023926917067,0.301647858175195,0.022704768184582856,0.1445364428073025,tangled_rope,tangled_rope,True
delayed_feedback_instability,moderate,0.575376,0.057707594538411414,0.061295890922908415,0.34484686482406945,0.029656257715577946,0.16601679065891467,tangled_rope,tangled_rope,True
delayed_feedback_instability,institutional,-0.021971,7.603840595161866,11.77257670051977,2.5349928307613805,1.4026577645899743,0.8723447249451269,tangled_rope,rope,False
delayed_feedback_instability,analytical,0.712364,0.0008442050409779833,0.0008335699099327685,0.04089195602713298,0.000418023454152575,0.018305166171026566,tangled_rope,tangled_rope,True
delta_force_selection_2026,powerless,0.757762,0.1260135953469207,0.08213474733052545,0.448393658201991,0.05005402964930417,0.130068491243031,tangled_rope,tangled_rope,True
delta_force_selection_2026,moderate,0.726947,0.03976787672486189,0.03233269290881664,0.267435561512444,0.017853818238850645,0.08744803071083862,tangled_rope,tangled_rope,True
delta_force_selection_2026,institutional,-0.028731,6.663100534283006,16.79416750899615,2.8766891943345074,1.7358704155142748,0.8094126146892279,tangled_rope,rope,False
delta_force_selection_2026,analytical,0.931553,1.4187966880058334,0.18577920070152895,0.8411379394055706,0.174286421629018,0.16966510152291892,tangled_rope,tangled_rope,True
demand_response_cost_shift,powerless,0.56518,0.015308837958334636,0.01814966455904315,0.1824187315823387,0.008313382654585465,0.05310886006143001,tangled_rope,tangled_rope,True
demand_response_cost_shift,moderate,0.575376,0.02033699050940249,0.024631494894209245,0.21132627166073997,0.01115431459790016,0.06272801127219141,tangled_rope,tangled_rope,True
demand_response_cost_shift,institutional,-0.021971,3.701637847285166,11.753557119638689,2.589929453712855,1.455305608592583,0.9202946162098294,tangled_rope,rope,False
demand_response_cost_shift,analytical,0.712364,0.00029343407964333324,0.00029379993189696587,0.023944603864314434,0.00014333430146194396,0.005566643326319079,tangled_rope,tangled_rope,True
demographic_inertia_trap,powerless,0.3016,4.0448186405033555,0.7682922090723698,1.5647871385457992,0.5815436897221538,0.5018349753567521,snare,tangled_rope,False
demographic_inertia_trap,moderate,0.641765,0.00015496797317998188,0.0001547242136158528,0.01759630726897436,7.740700805038176e-05,0.008789040619800792,snare,snare,True
demographic_inertia_trap,institutional,-0.024506,12.480115535222172,14.383740822845299,2.8608955121035615,1.7202234670289231,0.8384838413925736,snare,rope,False
demographic_inertia_trap,analytical,0.79456,0.8977469763433186,0.5163946133052288,1.1522816131059774,0.3228573076334285,0.45798042820143464,snare,tangled_rope,False
denmark_asylum_outsourcing,powerless,0.630393,0.0008466731692892793,0.0008410906632607043,0.0410818129239425,0.0004219140031590942,0.019820265502986045,snare,snare,True
denmark_asylum_outsourcing,moderate,0.641765,0.0001525363479530036,0.00015351227808458668,0.01749107208157086,7.648391315304028e-05,0.008277779153339493,snare,snare,True
denmark_asylum_outsourcing,institutional,-0.024506,14.256628436200211,14.142066532616486,2.639840037209176,1.5034941399120751,0.8386016405799808,snare,rope,False
denmark_asylum_outsourcing,analytical,0.79456,1.017995896170704,0.6811414001011024,1.2794223714493755,0.39546359400473957,0.5491700697648784,snare,tangled_rope,False
devotional_transformation,powerless,0.413016,0.0014033586598038628,0.0009686544637176258,0.04807866779778056,0.000577861745141654,0.0021029736813447707,tangled_rope,tangled_rope,True
devotional_transformation,moderate,0.420467,0.001982263129854536,0.001258631068652681,0.05583562805585069,0.0007793537188192981,0.0023342903873918293,tangled_rope,tangled_rope,True
devotional_transformation,institutional,-0.016056,4.471662202551352,5.647640148651337,2.8194505785550215,1.6792490550157504,0.9858335693733266,tangled_rope,rope,False
devotional_transformation,analytical,0.520574,0.012766563081502936,0.0030534751689522597,0.1031287692841698,0.0026582966762706962,0.003094042763034613,tangled_rope,tangled_rope,True
digital_credentialing_verification,powerless,0.56518,0.04421875747633546,0.04683023926917067,0.301647858175195,0.022704768184582856,0.1445364428073025,tangled_rope,tangled_rope,True
digital_credentialing_verification,moderate,0.575376,0.057707594538411414,0.061295890922908415,0.34484686482406945,0.029656257715577946,0.16601679065891467,tangled_rope,tangled_rope,True
digital_credentialing_verification,institutional,-0.030475,7.699209235997402,12.017549440275415,2.575528083953054,1.4414628651926182,0.887837603106428,tangled_rope,rope,False
digital_credentialing_verification,analytical,0.712364,0.0008442050409779833,0.0008335699099327685,0.04089195602713298,0.000418023454152575,0.018305166171026566,tangled_rope,tangled_rope,True
digital_euro_cbdc,powerless,0.2704,2.7876738233464087,0.3970092214473974,1.1473930993360764,0.3201990980563005,0.29268257175318757,tangled_rope,tangled_rope,True
digital_euro_cbdc,moderate,0.490585,0.036717729899989095,0.03287718542270272,0.2635048856965169,0.01733361033137538,0.11135415382723146,tangled_rope,tangled_rope,True
digital_euro_cbdc,institutional,-0.021971,7.603840595161866,11.77257670051977,2.5349928307613805,1.4026577645899743,0.8723447249451269,tangled_rope,rope,False
digital_euro_cbdc,analytical,0.712364,0.0008442050409779833,0.0008335699099327685,0.04089195602713298,0.000418023454152575,0.018305166171026566,tangled_rope,tangled_rope,True
digital_identity_tether,powerless,0.630393,0.0008865956466750146,0.0008834714380283522,0.04207200633752718,0.00044249711137888726,0.020871191805839295,snare,snare,True
digital_identity_tether,moderate,0.641765,0.00015292057016963443,0.000152693958749983,0.01748133169568183,7.639875306103292e-05,0.008680812221841416,snare,snare,True
digital_identity_tether,institutional,-0.042575,13.06249290718506,14.904848192204614,2.7233818455295875,1.584830251934742,0.8963740650081777,snare,rope,False
digital_identity_tether,analytical,0.79456,0.9556340946088397,0.5833608235832104,1.2089498870220754,0.3543987670759751,0.4983995499442636,snare,tangled_rope,False
dionysaic_frenzy,powerless,0.2704,3.556700456197528,0.5152645280755648,1.3211429417288723,0.4207165517967485,0.3765726887082644,tangled_rope,tangled_rope,True
dionysaic_frenzy,moderate,0.575376,0.06268179334849551,0.06376316682470232,0.3555769454479713,0.03152556933235385,0.17639902736736968,tangled_rope,snare,False
dionysaic_frenzy,institutional,-0.021971,9.211305010249216,11.738069373391989,2.5284721464247064,1.3964378955701757,0.852246854333815,tangled_rope,rope,False
dionysaic_frenzy,analytical,0.712364,0.0009585819283254864,0.0009528670010176377,0.04366779169313024,0.0004767000697220546,0.0209141862334305,tangled_rope,tangled_rope,True
discover_core_2026,powerless,0.3016,2.860223659497747,0.4606214499289143,1.254441416496279,0.3806764188332022,0.34824324733157497,tangled_rope,tangled_rope,True
discover_core_2026,moderate,0.641765,0.0001625215704105067,0.00016741717056133695,0.018154385656934523,8.239486389634455e-05,0.008075976335080615,tangled_rope,tangled_rope,True
discover_core_2026,institutional,-0.024506,8.93562672046415,14.290334409376495,2.648949583325645,1.51232363366711,0.9088164531710502,tangled_rope,rope,False
discover_core_2026,analytical,0.79456,0.6733080659449923,0.3350217973624727,0.9554784388751437,0.22392672699499724,0.3245478603281996,tangled_rope,tangled_rope,True
disney_openai_ip_exclusivity,powerless,0.3016,4.203207447924743,0.8516368612491011,1.6099199228141745,0.6137198089780976,0.5226259929586583,snare,tangled_rope,False
disney_openai_ip_exclusivity,moderate,0.641765,0.00015503196632926474,0.00015452282735853312,0.017591183074102065,7.736193174248981e-05,0.008764878439966983,snare,snare,True
disney_openai_ip_exclusivity,institutional,-0.024506,13.161586304245796,13.891542064506849,2.9336760795153842,1.7924577272886921,0.7274456705616384,snare,rope,False
disney_openai_ip_exclusivity,analytical,0.79456,0.9231221078290248,0.5440229505444621,1.1765034100520675,0.33617581622943243,0.47514570809947493,snare,tangled_rope,False
dk_foreign_convict_expulsion,powerless,0.3016,4.553004315649656,0.8685549419369445,1.6978351020385958,0.678408036429523,0.5725781246656964,snare,tangled_rope,False
dk_foreign_convict_expulsion,moderate,0.641765,0.00015307661331721124,0.00015317378234686122,0.017498805592115422,7.655156093745314e-05,0.008585031042155411,snare,snare,True
dk_foreign_convict_expulsion,institutional,-0.008431,13.224453874743613,13.49764581102864,2.570734125072215,1.4368612523469482,0.8141071762480396,snare,rope,False
dk_foreign_convict_expulsion,analytical,0.79456,0.977698119148956,0.613718644442507,1.232258069100065,0.36775695928929264,0.5151062561416241,snare,tangled_rope,False
dldr_information_policy,powerless,0.571336,0.05763413730059618,0.05823558320213932,0.3403895349707298,0.028896406009393992,0.1691963852676065,tangled_rope,snare,False
dldr_information_policy,moderate,0.575376,0.06317230823630575,0.06374168518735344,0.35624290991837576,0.03164345650068084,0.1770532470677994,tangled_rope,snare,False
dldr_information_policy,institutional,-0.021971,9.538294283685563,11.742655729203673,2.5310511590249654,1.3988971686600122,0.8515052948782101,tangled_rope,rope,False
dldr_information_policy,analytical,0.712364,0.001044504832886698,0.00109955233030059,0.04610672060538768,0.0005314338844134175,0.021320774403396858,tangled_rope,tangled_rope,True
doomsday_clock_framework,powerless,0.3016,2.860223659497747,0.4606214499289143,1.254441416496279,0.3806764188332022,0.34824324733157497,tangled_rope,tangled_rope,True
doomsday_clock_framework,moderate,0.641765,0.0001625215704105067,0.00016741717056133695,0.018154385656934523,8.239486389634455e-05,0.008075976335080615,tangled_rope,tangled_rope,True
doomsday_clock_framework,institutional,0.010072,8.56686826442456,13.076887146688302,2.4829024775893442,1.3531532310730299,0.8396707575932139,tangled_rope,rope,False
doomsday_clock_framework,analytical,0.79456,0.6733080659449923,0.3350217973624727,0.9554784388751437,0.22392672699499724,0.3245478603281996,tangled_rope,tangled_rope,True
drc_rwanda_peace_deal_2024,powerless,0.165448,6.539526905722336,2.2177892583880863,1.4502936036021188,0.5031958711523673,0.3482859520633881,tangled_rope,tangled_rope,True
drc_rwanda_peace_deal_2024,moderate,0.641765,0.0001625215704105067,0.00016741717056133695,0.018154385656934523,8.239486389634455e-05,0.008075976335080615,tangled_rope,tangled_rope,True
drc_rwanda_peace_deal_2024,institutional,-0.024506,8.93562672046415,14.290334409376495,2.648949583325645,1.51232363366711,0.9088164531710502,tangled_rope,rope,False
drc_rwanda_peace_deal_2024,analytical,0.79456,0.6733080659449923,0.3350217973624727,0.9554784388751437,0.22392672699499724,0.3245478603281996,tangled_rope,tangled_rope,True
dunning_kruger_effect,powerless,0.413016,0.0005724154903402039,0.00040732400984770233,0.030889554163867308,0.00023853639732564926,0.0008365171904630001,tangled_rope,tangled_rope,True
dunning_kruger_effect,moderate,0.420467,0.0008116432058637934,0.0005402026068970767,0.03604325957908112,0.00032477035024259675,0.0009284003302381938,tangled_rope,tangled_rope,True
dunning_kruger_effect,institutional,0.247,0.0671241814279274,0.21931128966897512,0.4682044785306765,0.05455402663295313,0.06953202966365402,tangled_rope,tangled_rope,True
dunning_kruger_effect,analytical,0.520574,0.005786027013622608,0.003863271473571708,0.08150542077973219,0.0016605535667183894,0.001229997699372743,tangled_rope,tangled_rope,True
dutch_minority_govt_2026,powerless,0.56518,0.04421875747633546,0.04683023926917067,0.301647858175195,0.022704768184582856,0.1445364428073025,tangled_rope,tangled_rope,True
dutch_minority_govt_2026,moderate,0.575376,0.057707594538411414,0.061295890922908415,0.34484686482406945,0.029656257715577946,0.16601679065891467,tangled_rope,tangled_rope,True
dutch_minority_govt_2026,institutional,-0.007558,7.442726644075158,11.282402856157969,2.4592933632984253,1.3308585903107681,0.8407309616789541,tangled_rope,rope,False
dutch_minority_govt_2026,analytical,0.712364,0.0008442050409779833,0.0008335699099327685,0.04089195602713298,0.000418023454152575,0.018305166171026566,tangled_rope,tangled_rope,True
dwp_carers_allowance_cliff,powerless,0.630393,0.0008803757077638319,0.0008765960840084718,0.04191603174942918,0.00043922235210688663,0.02071756204312203,snare,snare,True
dwp_carers_allowance_cliff,moderate,0.641765,0.00015185079539423992,0.00015153474309026715,0.01741733932311622,7.58404479548801e-05,0.008622443073721064,snare,snare,True
dwp_carers_allowance_cliff,institutional,-0.024506,13.350957086787304,14.597803227046715,2.7346517314615566,1.5958611790586013,0.8685857301558844,snare,rope,False
dwp_carers_allowance_cliff,analytical,0.79456,0.969506465585993,0.6018923508863953,1.2234604488959304,0.3626887956502722,0.5089088812727118,snare,tangled_rope,False
e2ee_digital_privacy_2026,powerless,0.3016,4.108617623233043,0.9026902615936493,1.5918844942757928,0.6007763613296013,0.5084526560920606,snare,tangled_rope,False
e2ee_digital_privacy_2026,moderate,0.641765,0.00015650888658151266,0.00015557824707951372,0.017660075741321685,7.79690621942466e-05,0.008785426373660865,snare,snare,True
e2ee_digital_privacy_2026,institutional,-0.024506,13.212751706729797,13.157637505432191,2.9884856221739837,1.8470424705515383,0.6270612618030766,snare,rope,False
e2ee_digital_privacy_2026,analytical,0.79456,0.9059913493150238,0.525121147893593,1.1600637749261271,0.3271096512062287,0.46347536860610056,snare,tangled_rope,False
ec_meta_manus_block,powerless,0.56518,0.0487734083064664,0.049328865621335455,0.31320676320483615,0.024474538673038393,0.15573407673815115,tangled_rope,snare,False
ec_meta_manus_block,moderate,0.575376,0.06323375675176958,0.06372497592419347,0.3563063758469864,0.031654702452482655,0.1771157535987099,tangled_rope,snare,False
ec_meta_manus_block,institutional,-0.03817,9.752392626012346,12.271521355451435,2.6106103991730474,1.47523356054157,0.8863532599860034,tangled_rope,rope,False
ec_meta_manus_block,analytical,0.712364,0.0010811134094864897,0.0011654509829568185,0.04713314910187869,0.0005553577323109621,0.021392152008916032,tangled_rope,tangled_rope,True
edelman_2026_developing_volatility,powerless,0.739082,0.01475601720928851,0.020837852384654357,0.18656011024352293,0.008694861318442078,0.03206937809325139,snare,snare,True
edelman_2026_developing_volatility,moderate,0.752415,0.028885422381342406,0.04499899106238173,0.26682740844083336,0.017772831123820693,0.05076770441485878,snare,snare,True
edelman_2026_developing_volatility,institutional,-0.028731,22.65430893492139,20.556628396005127,3.126814630901565,1.9852221117852262,0.9933506544707366,snare,rope,False
edelman_2026_developing_volatility,analytical,0.931553,5.2766681093834595,4.28509133654873,2.759299543371896,1.6200306148665344,0.9791088668377607,snare,tangled_rope,False
edelman_2026_insularity,powerless,0.3016,4.590854111276769,0.8815254518754129,1.7084378767618853,0.6863846482101913,0.5779188458356345,snare,tangled_rope,False
edelman_2026_insularity,moderate,0.641765,0.0001547761801719798,0.00015531276292620017,0.01760722340655693,7.750307845658095e-05,0.008558586029067228,snare,snare,True
edelman_2026_insularity,institutional,-0.053908,13.642763275469157,15.194790528362695,2.7479241307106634,1.6088685882022786,0.9088480584993271,snare,rope,False
edelman_2026_insularity,analytical,0.79456,0.9832138324170167,0.6220743480444271,1.2382798182501984,0.37124420279070114,0.5192721647615954,snare,tangled_rope,False
educational_unbundling_implementation,powerless,0.2704,3.7278439862373474,0.5460799053152697,1.3593919160738088,0.4444722754532281,0.395471027379965,tangled_rope,tangled_rope,True
educational_unbundling_implementation,moderate,0.575376,0.06323375675176958,0.06372497592419347,0.3563063758469864,0.031654702452482655,0.1771157535987099,tangled_rope,snare,False
educational_unbundling_implementation,institutional,0.403807,0.8839477478694798,0.413256904835752,1.074901876080359,0.2819670842590698,0.3752588926903781,tangled_rope,tangled_rope,True
educational_unbundling_implementation,analytical,0.712364,0.0010811134094864897,0.0011654509829568185,0.04713314910187869,0.0005553577323109621,0.021392152008916032,tangled_rope,tangled_rope,True
ehrenfest_barrier,powerless,0.09084,2.026910696919324e-07,1.956927695787584e-07,0.0006311032707324072,9.957283415132512e-08,3.785681464751889e-06,mountain,mountain,True
ehrenfest_barrier,moderate,0.079998,2.3093065865718957e-14,2.28962918494325e-14,2.1490760299348777e-07,1.1497776216529816e-14,1.3206830073997367e-09,mountain,mountain,True
ehrenfest_barrier,institutional,-0.00955,0.05225489703994835,0.31934472327361857,0.44423409457143415,0.04913347937360198,0.05117249372040522,mountain,mountain,True
ehrenfest_barrier,analytical,0.110402,3.2579465519273214e-07,3.400217551338218e-07,0.0008158358283145231,1.6639702256925781e-07,5.184531822386724e-06,mountain,mountain,True
elencher_identity_transformation,powerless,0.36032,1.9303787820663207,3.4810302700745557,2.1697775192565367,1.065977861454818,0.8548305737129599,snare,tangled_rope,False
elencher_identity_transformation,moderate,0.641765,1.487508464401553e-05,1.6079440744903457e-05,0.00555314535259213,7.709350874067174e-06,0.00045037327634946805,snare,snare,True
elencher_identity_transformation,institutional,-0.024506,22.727443173409828,16.361337024608623,3.128260374249754,1.9866678194017533,0.9963898467717405,snare,rope,False
elencher_identity_transformation,analytical,0.79456,0.2122762354652049,0.49468178916300276,0.7824694424234885,0.15112214350546002,0.2207484596392686,snare,snare,True
elite_capture_2026,powerless,0.630393,0.000846731324507533,0.0008417949697589987,0.041090477565246405,0.0004220919889956138,0.019677216457403446,snare,snare,True
elite_capture_2026,moderate,0.641765,0.00016426996337572764,0.00016785656282097117,0.018216179516110462,8.295672554950964e-05,0.008234130903001735,snare,snare,True
elite_capture_2026,institutional,-0.024506,14.439798659048506,14.309590779546705,2.6658783839732627,1.5287587281306951,0.8519526812206717,snare,rope,False
elite_capture_2026,analytical,0.79456,1.0252842239420819,0.6963920748577435,1.2882920739168253,0.4007742464903634,0.5543674708071646,snare,tangled_rope,False
elite_identity_capture_2026,powerless,0.630393,0.0008750404663001636,0.0008709770978205468,0.04178499306526079,0.0004364805341705849,0.0205389838765066,snare,snare,True
elite_identity_capture_2026,moderate,0.641765,0.0001547761801719798,0.00015531276292620017,0.01760722340655693,7.750307845658095e-05,0.008558586029067228,snare,snare,True
elite_identity_capture_2026,institutional,-0.033992,13.51313096536894,14.60267700101802,2.6815649603475276,1.5440179889939714,0.8765117779042457,snare,rope,False
elite_identity_capture_2026,analytical,0.79456,0.9832138324170167,0.6220743480444271,1.2382798182501984,0.37124420279070114,0.5192721647615954,snare,tangled_rope,False
elite_overproduction_instability,powerless,0.630393,0.0008770609762233835,0.0008730797766710524,0.04183441701085397,0.00043751365921253124,0.020614059823820863,snare,snare,True
elite_overproduction_instability,moderate,0.641765,0.00015307661331721124,0.00015317378234686122,0.017498805592115422,7.655156093745314e-05,0.008585031042155411,snare,snare,True
elite_overproduction_instability,institutional,-0.024506,13.329546974072345,14.213703019261628,2.6382599983441137,1.501963718873946,0.8543300919553047,snare,rope,False
elite_overproduction_instability,analytical,0.79456,0.977698119148956,0.613718644442507,1.232258069100065,0.36775695928929264,0.5151062561416241,snare,tangled_rope,False
elliq_ai_companion,powerless,0.2704,3.705115663738418,0.5410761358850688,1.3542046046206728,0.44121699241478246,0.3929679953716248,tangled_rope,tangled_rope,True
elliq_ai_companion,moderate,0.46676,0.16345224558166202,0.13436242843044274,0.5437066902503608,0.07345020796233781,0.23722582290484684,tangled_rope,tangled_rope,True
elliq_ai_companion,institutional,-0.021971,9.538294283685563,11.742655729203673,2.5310511590249654,1.3988971686600122,0.8515052948782101,tangled_rope,rope,False
elliq_ai_companion,analytical,0.712364,0.001044504832886698,0.00109955233030059,0.04610672060538768,0.0005314338844134175,0.021320774403396858,tangled_rope,tangled_rope,True
emergency_oversight_bureau,powerless,0.31202,0.10816965236012986,0.11478535817884243,0.47200714362906665,0.05543964604515722,0.22983631091112267,rope,tangled_rope,False
emergency_oversight_bureau,moderate,0.282412,0.0005406907701714303,0.0005457923652687942,0.032961571005070814,0.00027161014288572114,0.0151531087375546,rope,rope,True
emergency_oversight_bureau,institutional,-0.011831,1.7290739501735148,0.3481700386948333,1.1119553553199322,0.301230293061883,0.2954821883074242,rope,rope,True
emergency_oversight_bureau,analytical,0.383581,1.177514874625933,0.8626653405197238,1.409792714516159,0.47664257665130927,0.6218071783925208,rope,tangled_rope,False
emergency_powers_ratchet,powerless,0.3016,4.767257344924391,0.9628662091307894,1.7600914777075807,0.7257682183615473,0.6029158651099327,snare,tangled_rope,False
emergency_powers_ratchet,moderate,0.641765,0.00035511329755203607,0.00039731405301881087,0.02737523985820606,0.00018734801431067737,0.00868656143411417,snare,snare,True
emergency_powers_ratchet,institutional,0.260901,6.37579918463979,1.0738382188957691,1.7845384139985871,0.7447058581530523,0.6030288255101938,snare,tangled_rope,False
emergency_powers_ratchet,analytical,0.79456,1.0368607618789376,0.7278197684674604,1.294532078272895,0.4045292454854476,0.5404544078737591,snare,tangled_rope,False
emergent_goal_misalignment,powerless,0.630393,0.0008865956466750146,0.0008834714380283522,0.04207200633752718,0.00044249711137888726,0.020871191805839295,snare,snare,True
emergent_goal_misalignment,moderate,0.641765,0.00015292057016963443,0.000152693958749983,0.01748133169568183,7.639875306103292e-05,0.008680812221841416,snare,snare,True
emergent_goal_misalignment,institutional,-0.024506,12.93464084178771,14.338070883597883,2.6582092074393184,1.5213089592689073,0.8666214905278807,snare,rope,False
emergent_goal_misalignment,analytical,0.79456,0.9556340946088397,0.5833608235832104,1.2089498870220754,0.3543987670759751,0.4983995499442636,snare,tangled_rope,False
emotional_cycles_of_change,powerless,0.413016,0.0004418879689082912,0.0004051125347102504,0.028659457175460305,0.00020533760767382518,0.0004939724787695547,tangled_rope,tangled_rope,True
emotional_cycles_of_change,moderate,0.420467,0.0006496337009325703,0.0006146405147666298,0.034744261403298955,0.00030178333537766414,0.0005482098883366742,tangled_rope,tangled_rope,True
emotional_cycles_of_change,institutional,-0.016056,3.0843761863446226,6.7083219275043735,2.658024502550222,1.5211296249691344,0.9537891174877331,tangled_rope,rope,False
emotional_cycles_of_change,analytical,0.520574,0.008653628320807044,0.021791474211881788,0.14747894169578105,0.005435046131609686,0.005942362107097742,tangled_rope,tangled_rope,True
empty_tomb_transformation,powerless,0.56518,0.04904751971961543,0.048958930927296314,0.313055811106459,0.024451001197903256,0.15560585534033133,tangled_rope,snare,False
empty_tomb_transformation,moderate,0.575376,0.06347343338222709,0.0630130080539833,0.35564081117847435,0.03153686520375284,0.17647443748855995,tangled_rope,snare,False
empty_tomb_transformation,institutional,-0.021971,10.853659763830636,12.139655634409499,2.8041717824354913,1.6641775326099064,0.9486541522243449,tangled_rope,rope,False
empty_tomb_transformation,analytical,0.82027,1.073534505766373,0.9369007931566578,1.310709063963901,0.4143361763358685,0.40330110557239496,tangled_rope,tangled_rope,True
endocrine_disruption_society,powerless,0.3016,4.913419709859274,0.9976192148909532,1.8013504719600217,0.7578382078243593,0.6245286172438945,snare,tangled_rope,False
endocrine_disruption_society,moderate,0.641765,0.00016426996337572764,0.00016785656282097117,0.018216179516110462,8.295672554950964e-05,0.008234130903001735,snare,snare,True
endocrine_disruption_society,institutional,-0.024506,14.439798659048506,14.309590779546705,2.6658783839732627,1.5287587281306951,0.8519526812206717,snare,rope,False
endocrine_disruption_society,analytical,0.79456,1.0252842239420819,0.6963920748577435,1.2882920739168253,0.4007742464903634,0.5543674708071646,snare,tangled_rope,False
english_chinese_tense_structure,powerless,0.413016,0.0004418879689082912,0.0004051125347102504,0.028659457175460305,0.00020533760767382518,0.0004939724787695547,tangled_rope,tangled_rope,True
english_chinese_tense_structure,moderate,0.420467,0.0006496337009325703,0.0006146405147666298,0.034744261403298955,0.00030178333537766414,0.0005482098883366742,tangled_rope,tangled_rope,True
english_chinese_tense_structure,institutional,-0.016056,3.0843761863446226,6.7083219275043735,2.658024502550222,1.5211296249691344,0.9537891174877331,tangled_rope,rope,False
english_chinese_tense_structure,analytical,0.520574,0.008653628320807044,0.021791474211881788,0.14747894169578105,0.005435046131609686,0.005942362107097742,tangled_rope,tangled_rope,True
epigenetics_complexity_2026,powerless,0.413016,0.0004909801252244756,0.0004505687295599714,0.030216463035452334,0.00022825431779171276,0.0005483482752362347,tangled_rope,tangled_rope,True
epigenetics_complexity_2026,moderate,0.420467,0.00072193351642639,0.0006839131120340436,0.03663752066046382,0.0003355675958158039,0.0006085596993946139,tangled_rope,tangled_rope,True
epigenetics_complexity_2026,institutional,-0.016056,3.181789293351769,6.65222332609449,2.6759800296320493,1.5385819321771255,0.9579053620689417,tangled_rope,rope,False
epigenetics_complexity_2026,analytical,0.520574,0.00963885718867528,0.024293562831004614,0.15571994285238175,0.006059113271970456,0.00662469969608963,tangled_rope,tangled_rope,True
epistemic_free_rider_problem,powerless,0.3016,3.7765274529202952,0.6522019896689741,1.490526333030465,0.530181085100465,0.4667656510895669,tangled_rope,tangled_rope,True
epistemic_free_rider_problem,moderate,0.641765,0.00015452586281065796,0.0001546560451071713,0.017582818010334865,7.728837450006789e-05,0.008761975470622074,tangled_rope,tangled_rope,True
epistemic_free_rider_problem,institutional,0.233383,5.952839942028186,0.8401605634133125,1.523274062321593,0.55258549172331,0.46683500894160573,tangled_rope,tangled_rope,True
epistemic_free_rider_problem,analytical,0.79456,0.8517608713095622,0.4713233678802467,1.1100217537264128,0.30021058254127275,0.428440966022577,tangled_rope,tangled_rope,True
epistemic_overload_collapse,powerless,0.3016,4.590854111276769,0.8815254518754129,1.7084378767618853,0.6863846482101913,0.5779188458356345,snare,tangled_rope,False
epistemic_overload_collapse,moderate,0.641765,0.0001547761801719798,0.00015531276292620017,0.01760722340655693,7.750307845658095e-05,0.008558586029067228,snare,snare,True
epistemic_overload_collapse,institutional,-0.024506,13.451264551256886,14.253966909424056,2.6459099470214937,1.5093763103179594,0.857166363758337,snare,rope,False
epistemic_overload_collapse,analytical,0.79456,0.9832138324170167,0.6220743480444271,1.2382798182501984,0.37124420279070114,0.5192721647615954,snare,tangled_rope,False
epistemic_process_of_verification,powerless,0.356594,0.0018302741302672048,0.002001203464308862,0.06182436063243751,0.0009554868026225961,0.01471221739744455,rope,rope,True
epistemic_process_of_verification,moderate,0.322757,7.225667107406777e-06,7.268074674062668e-06,0.0038070440312273166,3.6233949696826787e-06,0.0008608545704061887,rope,rope,True
epistemic_process_of_verification,institutional,-0.013521,0.04329241368874519,0.05709868199976022,0.3137572251770722,0.024560465780940663,0.09208366251881753,rope,rope,True
epistemic_process_of_verification,analytical,0.438378,0.04497275257478023,0.06649330674221199,0.3265052657184126,0.026592283169901497,0.09363117414868305,rope,rope,True
epstein_document_release_2026,powerless,0.3016,4.913419709859274,0.9976192148909532,1.8013504719600217,0.7578382078243593,0.6245286172438945,snare,tangled_rope,False
epstein_document_release_2026,moderate,0.641765,0.00016426996337572764,0.00016785656282097117,0.018216179516110462,8.295672554950964e-05,0.008234130903001735,snare,snare,True
epstein_document_release_2026,institutional,0.169004,11.133247165941361,1.9879695042532113,1.8848114199231227,0.8243128606847302,0.6246618063544815,snare,tangled_rope,False
epstein_document_release_2026,analytical,0.79456,1.0252842239420819,0.6963920748577435,1.2882920739168253,0.4007742464903634,0.5543674708071646,snare,tangled_rope,False
epstein_files_2026,powerless,0.3536,2.1287743249783837,3.538167433760093,2.224123410737992,1.114372187569108,0.8778321439497804,snare,tangled_rope,False
epstein_files_2026,moderate,0.752415,0.02888542238650561,0.04499899107064775,0.26682740846504793,0.017772831127041675,0.050767704419794946,snare,snare,True
epstein_files_2026,institutional,-0.009884,22.648589990662053,20.54481514679636,3.1240565217373786,1.9824640928400434,0.9953607622038864,snare,rope,False
epstein_files_2026,analytical,0.931553,5.276668110311296,4.285091336886762,2.7592995435787575,1.6200306150696278,0.9791088670144051,snare,tangled_rope,False
erasmus_rejoining_scaffold,powerless,0.31202,0.03033063799197474,0.03967257135652322,0.26279278529022243,0.01724018623792176,0.07225632347825484,rope,rope,True
erasmus_rejoining_scaffold,moderate,0.282412,0.00012526297161474863,0.00012797247083026588,0.0159126895437203,6.330308818565355e-05,0.0035390458728076224,rope,rope,True
erasmus_rejoining_scaffold,institutional,-0.011831,0.30349228342847806,0.054197187099330565,0.44381162067336866,0.0490404539469066,0.0501640931753843,rope,rope,True
erasmus_rejoining_scaffold,analytical,0.383581,0.6610015632873268,1.0892437886158695,1.2875590541386888,0.4003341639403446,0.5336318689132425,rope,tangled_rope,False
ergo_autolykos_asic_resistance,powerless,0.56518,0.04421875747633546,0.04683023926917067,0.301647858175195,0.022704768184582856,0.1445364428073025,tangled_rope,tangled_rope,True
ergo_autolykos_asic_resistance,moderate,0.575376,0.057707594538411414,0.061295890922908415,0.34484686482406945,0.029656257715577946,0.16601679065891467,tangled_rope,tangled_rope,True
ergo_autolykos_asic_resistance,institutional,0.151521,5.682177654985166,1.8886405194246128,1.3583779395581632,0.44383513378358963,0.2926919850860625,tangled_rope,tangled_rope,True
ergo_autolykos_asic_resistance,analytical,0.712364,0.0008442050409779833,0.0008335699099327685,0.04089195602713298,0.000418023454152575,0.018305166171026566,tangled_rope,tangled_rope,True
ergo_dexy_gold_protocol,powerless,0.3016,2.860223659497747,0.4606214499289143,1.254441416496279,0.3806764188332022,0.34824324733157497,tangled_rope,tangled_rope,True
ergo_dexy_gold_protocol,moderate,0.641765,0.0001625215704105067,0.00016741717056133695,0.018154385656934523,8.239486389634455e-05,0.008075976335080615,tangled_rope,tangled_rope,True
ergo_dexy_gold_protocol,institutional,0.112235,7.678049643819648,5.5901945263631365,1.75481641452536,0.721706805208382,0.373563298746577,tangled_rope,tangled_rope,True
ergo_dexy_gold_protocol,analytical,0.79456,0.6733080659449923,0.3350217973624727,0.9554784388751437,0.22392672699499724,0.3245478603281996,tangled_rope,tangled_rope,True
ergo_lets_protocol,powerless,0.200584,2.9916354872313883e-05,2.9715983422475434e-05,0.007722164665489551,1.4907938259553918e-05,0.0023473534175798283,rope,rope,True
ergo_lets_protocol,moderate,0.181551,3.438908294807995e-07,3.4364445208667294e-07,0.0008291774330653242,1.7188380135811362e-07,0.00025318494829397464,rope,rope,True
ergo_lets_protocol,institutional,-0.007605,0.10834886907201281,0.14124250325382234,0.49626049577715514,0.06125337625802804,0.19321214186786592,rope,rope,True
ergo_lets_protocol,analytical,0.246588,5.2682342919450073e-08,5.9063257029586024e-08,0.000332183073393491,2.7586398292856666e-08,9.1404857591737e-05,rope,rope,True
ergo_nipopows,powerless,0.413016,0.0015521446224157334,0.0010715650183877419,0.05056603835370211,0.0006391970080601886,0.0023268629897549298,tangled_rope,tangled_rope,True
ergo_nipopows,moderate,0.420467,0.002192465869939665,0.001392393288885272,0.05872529556972363,0.0008621031426653984,0.0025827988827581416,tangled_rope,tangled_rope,True
ergo_nipopows,institutional,-0.016056,4.570407170961754,5.558634792543722,2.824195527169275,1.683933483702188,0.9865933728145425,tangled_rope,rope,False
ergo_nipopows,analytical,0.520574,0.014117852504598806,0.003366900995867142,0.10842682148688759,0.0029383741188763034,0.003419799214119329,tangled_rope,tangled_rope,True
ergo_rosen_bridge_protocol,powerless,0.413016,0.0006303252391491641,0.0004459116870587332,0.03237698913937499,0.00026206163320823813,0.0009247368667511148,tangled_rope,tangled_rope,True
ergo_rosen_bridge_protocol,moderate,0.420467,0.0008930776339286329,0.0005891015849198266,0.03774441205065863,0.0003561495895499789,0.0010263201643221343,tangled_rope,tangled_rope,True
ergo_rosen_bridge_protocol,institutional,0.087765,1.7420392966227982,4.991639176757737,2.209623579817048,1.101394831452675,0.8256325321973856,tangled_rope,rope,False
ergo_rosen_bridge_protocol,analytical,0.520574,0.006245193133827538,0.0036911993879696937,0.0825712598059088,0.001704261139298924,0.0013597729092840376,tangled_rope,tangled_rope,True
ergo_storage_rent,powerless,0.413016,0.003812862088287187,0.0027315377532422104,0.07989820349794553,0.0015957184922658022,0.005684031821665547,tangled_rope,tangled_rope,True
ergo_storage_rent,moderate,0.420467,0.005407789156024509,0.0036220798963839972,0.09326393091638857,0.0021741461789650004,0.006280882856592784,tangled_rope,tangled_rope,True
ergo_storage_rent,institutional,-0.016056,5.578316068734344,4.7214699797739925,2.837498348445235,1.6970760336394,0.9876588184811397,tangled_rope,rope,False
ergo_storage_rent,analytical,0.520574,0.03802643501611389,0.023079717521136668,0.20633380280441008,0.010633972712923996,0.007573101060930415,tangled_rope,tangled_rope,True
ergo_storage_rent_mechanism,powerless,0.413016,0.0062249978409242394,0.004362709705071601,0.10166132874684668,0.002583200172108925,0.00965839960231829,tangled_rope,tangled_rope,True
ergo_storage_rent_mechanism,moderate,0.420467,0.008805152445523228,0.005697415771997034,0.11825756460816172,0.00349519439008213,0.010749388502298007,tangled_rope,tangled_rope,True
ergo_storage_rent_mechanism,institutional,-0.016056,6.013436735783749,4.227894183551765,2.8091400159428397,1.6690762588435846,0.9831867041099296,tangled_rope,rope,False
ergo_storage_rent_mechanism,analytical,0.520574,0.057322396311645,0.01575739653525135,0.22423758956772413,0.012557461277759722,0.014104584105843254,tangled_rope,tangled_rope,True
ergodic_theorems,powerless,0.413016,0.0004515210537191685,0.0004200841980635544,0.02906905014390395,0.00021124870012807445,0.00049468548679392,tangled_rope,tangled_rope,True
ergodic_theorems,moderate,0.420467,0.0006653635662773131,0.0006414272760356766,0.035317431926223296,0.0003118221463744689,0.0005490012172197198,tangled_rope,tangled_rope,True
ergodic_theorems,institutional,-0.016056,3.084246886046877,6.707249586813736,2.6579477912059835,1.5210551453299095,0.9537602553194766,tangled_rope,rope,False
ergodic_theorems,analytical,0.520574,0.009126556343486709,0.02353200511002367,0.15279984060388804,0.005834109211164034,0.006432564205141266,tangled_rope,tangled_rope,True
eu_affordable_housing_initiative,powerless,0.2704,2.7876738233464087,0.3970092214473974,1.1473930993360764,0.3201990980563005,0.29268257175318757,tangled_rope,tangled_rope,True
eu_affordable_housing_initiative,moderate,0.575376,0.057707594538411414,0.061295890922908415,0.34484686482406945,0.029656257715577946,0.16601679065891467,tangled_rope,tangled_rope,True
eu_affordable_housing_initiative,institutional,0.490585,0.036717729899989095,0.03287718542270272,0.2635048856965169,0.01733361033137538,0.11135415382723146,tangled_rope,tangled_rope,True
eu_affordable_housing_initiative,analytical,0.712364,0.0008442050409779833,0.0008335699099327685,0.04089195602713298,0.000418023454152575,0.018305166171026566,tangled_rope,tangled_rope,True
eu_deforestation_regulation,powerless,0.392468,0.8135804871106007,0.30717797972199146,0.9640917118577949,0.22790333299105212,0.2846679511138405,tangled_rope,tangled_rope,True
eu_deforestation_regulation,moderate,0.575376,0.057707594538411414,0.061295890922908415,0.34484686482406945,0.029656257715577946,0.16601679065891467,tangled_rope,tangled_rope,True
eu_deforestation_regulation,institutional,-0.021971,7.603840595161866,11.77257670051977,2.5349928307613805,1.4026577645899743,0.8723447249451269,tangled_rope,rope,False
eu_deforestation_regulation,analytical,0.712364,0.0008442050409779833,0.0008335699099327685,0.04089195602713298,0.000418023454152575,0.018305166171026566,tangled_rope,tangled_rope,True
eu_digital_services_act,powerless,0.56518,0.015735682030402015,0.01863339133175189,0.18489135306452306,0.008540118377482935,0.054556274914784875,tangled_rope,tangled_rope,True
eu_digital_services_act,moderate,0.575376,0.020899998923317203,0.025277630213041264,0.21415937858789622,0.011455108168398169,0.06441714067843596,tangled_rope,tangled_rope,True
eu_digital_services_act,institutional,-0.021971,3.757999189346797,11.760093726149362,2.595835431515737,1.4609907014487429,0.922272834686685,tangled_rope,rope,False
eu_digital_services_act,analytical,0.712364,0.00035312701733769634,0.0003966827466325528,0.026941111476974387,0.000181453128067164,0.00573448843836008,tangled_rope,tangled_rope,True
eu_irgc_terrorist_designation,powerless,0.3016,4.590854111276769,0.8815254518754129,1.7084378767618853,0.6863846482101913,0.5779188458356345,snare,tangled_rope,False
eu_irgc_terrorist_designation,moderate,0.641765,0.0001547761801719798,0.00015531276292620017,0.01760722340655693,7.750307845658095e-05,0.008558586029067228,snare,snare,True
eu_irgc_terrorist_designation,institutional,0.4504,0.6898133850336021,0.5041021407941493,1.081058313609152,0.28512699452824425,0.47714004894017,snare,tangled_rope,False
eu_irgc_terrorist_designation,analytical,0.79456,0.9832138324170167,0.6220743480444271,1.2382798182501984,0.37124420279070114,0.5192721647615954,snare,tangled_rope,False
eu_renewable_energy_mandate,powerless,0.56518,0.00017933387386411516,0.00021593415930302415,0.01978421573950742,9.785300016253825e-05,0.000608633015695054,tangled_rope,tangled_rope,True
eu_renewable_energy_mandate,moderate,0.575376,0.00024012922499901733,0.00029648524314383247,0.023015973672791044,0.00013243229947456484,0.000726741394571193,tangled_rope,tangled_rope,True
eu_renewable_energy_mandate,institutional,-0.021971,3.7116401157431365,11.355418986677236,2.8209781130181426,1.6807569106040132,0.9746735226654418,tangled_rope,rope,False
eu_renewable_energy_mandate,analytical,0.712364,6.53215314826504e-05,2.242506638553963e-05,0.007270413467114871,1.3214713443470132e-05,5.981524817772095e-05,tangled_rope,tangled_rope,True
eu_russian_asset_freeze_2025,powerless,0.3224,2.8731791719221165,0.625998317412182,1.3720076034633664,0.45243284245035714,0.40717294152040884,tangled_rope,tangled_rope,True
eu_russian_asset_freeze_2025,moderate,0.686025,0.029800048760207386,0.028315751268581494,0.24101242757217298,0.014504182636063536,0.11459708924297585,tangled_rope,tangled_rope,True
eu_russian_asset_freeze_2025,institutional,-0.026196,11.340468019965607,14.267737228231594,2.9731047591471422,1.8317113291445857,0.5890524478386544,tangled_rope,rope,False
eu_russian_asset_freeze_2025,analytical,0.849357,1.6915564692143752,0.5038125536696955,1.2747140582313659,0.3926573504513071,0.4043366030007467,tangled_rope,tangled_rope,True
eu_unanimity_rule_foreign_policy,powerless,0.3016,3.865411587305191,0.6736212430470538,1.5136070598006262,0.5459311583659556,0.4785735511706349,tangled_rope,tangled_rope,True
eu_unanimity_rule_foreign_policy,moderate,0.641765,0.00015656196881375765,0.00015700465324590532,0.017706397814048615,7.837861894770385e-05,0.008784261883068356,tangled_rope,tangled_rope,True
eu_unanimity_rule_foreign_policy,institutional,-0.008431,11.281822410646681,13.58772017559272,2.553585612592839,1.4204274555771406,0.838601576937607,tangled_rope,rope,False
eu_unanimity_rule_foreign_policy,analytical,0.79456,0.8678888969219173,0.4867897045093421,1.1246988755932348,0.3079904302635196,0.43847277614858204,tangled_rope,tangled_rope,True
euler_characteristic_topology,powerless,0.09084,2.026910696919324e-07,1.956927695787584e-07,0.0006311032707324072,9.957283415132512e-08,3.785681464751889e-06,mountain,mountain,True
euler_characteristic_topology,moderate,0.079998,2.3093065865718957e-14,2.28962918494325e-14,2.1490760299348777e-07,1.1497776216529816e-14,1.3206830073997367e-09,mountain,mountain,True
euler_characteristic_topology,institutional,-0.00955,0.05225489703994835,0.31934472327361857,0.44423409457143415,0.04913347937360198,0.05117249372040522,mountain,mountain,True
euler_characteristic_topology,analytical,0.110402,3.2579465519273214e-07,3.400217551338218e-07,0.0008158358283145231,1.6639702256925781e-07,5.184531822386724e-06,mountain,mountain,True
eurozone_fragmentation_2026,powerless,0.630393,0.0008750404663001636,0.0008709770978205468,0.04178499306526079,0.0004364805341705849,0.0205389838765066,snare,snare,True
eurozone_fragmentation_2026,moderate,0.641765,0.0001547761801719798,0.00015531276292620017,0.01760722340655693,7.750307845658095e-05,0.008558586029067228,snare,snare,True
eurozone_fragmentation_2026,institutional,-0.042575,13.569116173523632,14.879469592636685,2.7115374537944934,1.5732512146639879,0.8917163692905876,snare,rope,False
eurozone_fragmentation_2026,analytical,0.79456,0.9832138324170167,0.6220743480444271,1.2382798182501984,0.37124420279070114,0.5192721647615954,snare,tangled_rope,False
evidence_half_life,powerless,0.630393,4.872308811617182e-05,4.785389746738005e-05,0.00982502159640268,2.4132713810237605e-05,0.0010598325700214,snare,snare,True
evidence_half_life,moderate,0.641765,1.487508464401553e-05,1.6079440744903457e-05,0.00555314535259213,7.709350874067174e-06,0.00045037327634946805,snare,snare,True
evidence_half_life,institutional,-0.024506,22.727443173409828,16.361337024608623,3.128260374249754,1.9866678194017533,0.9963898467717405,snare,rope,False
evidence_half_life,analytical,0.79456,0.2122762354652049,0.49468178916300276,0.7824694424234885,0.15112214350546002,0.2207484596392686,snare,snare,True
evolutionary_knowledge,powerless,0.347803,0.0025240637031677753,0.001890847583648472,0.06592525311018935,0.0010864363731598167,0.004998685727003682,tangled_rope,tangled_rope,True
evolutionary_knowledge,moderate,0.354077,0.003609460446365826,0.002532016676228918,0.0774452474590077,0.0014992542374378135,0.005650722154922905,tangled_rope,tangled_rope,True
evolutionary_knowledge,institutional,-0.013521,3.4743736829088467,4.495598000846335,2.616371594418881,1.4807950746566818,0.962824451642961,tangled_rope,rope,False
evolutionary_knowledge,analytical,0.111892,1.1930638241444147,2.8005295218777464,1.826757774149882,0.7778507858872349,0.7049759394289647,tangled_rope,rope,False
evolutionary_mismatch_load,powerless,0.3016,4.401900459700516,0.8232293469561432,1.6563791781976476,0.6475787752837242,0.5513983557578446,snare,tangled_rope,False
evolutionary_mismatch_load,moderate,0.641765,0.00015292057016963443,0.000152693958749983,0.01748133169568183,7.639875306103292e-05,0.008680812221841416,snare,snare,True
evolutionary_mismatch_load,institutional,-0.042575,13.06249290718506,14.904848192204614,2.7233818455295875,1.584830251934742,0.8963740650081777,snare,rope,False
evolutionary_mismatch_load,analytical,0.79456,0.9556340946088397,0.5833608235832104,1.2089498870220754,0.3543987670759751,0.4983995499442636,snare,tangled_rope,False
exoplanet_habitability_arbitrage,powerless,0.413016,0.0015521446224157334,0.0010715650183877419,0.05056603835370211,0.0006391970080601886,0.0023268629897549298,tangled_rope,tangled_rope,True
exoplanet_habitability_arbitrage,moderate,0.420467,0.002192465869939665,0.001392393288885272,0.05872529556972363,0.0008621031426653984,0.0025827988827581416,tangled_rope,tangled_rope,True
exoplanet_habitability_arbitrage,institutional,-0.016056,4.570407170961754,5.558634792543722,2.824195527169275,1.683933483702188,0.9865933728145425,tangled_rope,rope,False
exoplanet_habitability_arbitrage,analytical,0.520574,0.014117852504598806,0.003366900995867142,0.10842682148688759,0.0029383741188763034,0.003419799214119329,tangled_rope,tangled_rope,True
expert_disempowerment,powerless,0.630393,0.0008750404663001636,0.0008709770978205468,0.04178499306526079,0.0004364805341705849,0.0205389838765066,snare,snare,True
expert_disempowerment,moderate,0.641765,0.0001547761801719798,0.00015531276292620017,0.01760722340655693,7.750307845658095e-05,0.008558586029067228,snare,snare,True
expert_disempowerment,institutional,0.112235,12.75822258861012,4.539385378175397,1.9593992854775415,0.8854560648952498,0.578028457455381,snare,tangled_rope,False
expert_disempowerment,analytical,0.79456,0.9832138324170167,0.6220743480444271,1.2382798182501984,0.37124420279070114,0.5192721647615954,snare,tangled_rope,False
exploration_vs_exploitation,powerless,0.56518,0.00017358271465656958,0.0002083043918823481,0.019444124546971454,9.451775037300965e-05,0.0005855669884973123,tangled_rope,tangled_rope,True
exploration_vs_exploitation,moderate,0.46676,0.0003997685055256514,0.000313289315383099,0.02618082928285633,0.0001713565085074174,0.00047767071400067404,tangled_rope,tangled_rope,True
exploration_vs_exploitation,institutional,-0.021971,3.812987093518001,11.288054893690651,2.8364127898821017,1.6960030437494535,0.9770821833181691,tangled_rope,rope,False
exploration_vs_exploitation,analytical,0.712364,6.66872654325084e-05,1.4556523479476388e-05,0.006602067040325509,1.0896812406365188e-05,6.350635792584658e-05,tangled_rope,tangled_rope,True
extraordinary_narrative_shift,powerless,0.56518,0.01626373060740003,0.019229491628570083,0.18789959318761745,0.008820073836806845,0.05634931370490315,tangled_rope,tangled_rope,True
extraordinary_narrative_shift,moderate,0.575376,0.021596724317573267,0.02607351333990087,0.2176066115524475,0.01182648545386387,0.06650962916954128,tangled_rope,tangled_rope,True
extraordinary_narrative_shift,institutional,-0.021971,3.91218836821958,11.776995950045052,2.6272055968336203,1.4912652060316638,0.9308107292931446,tangled_rope,rope,False
extraordinary_narrative_shift,analytical,0.712364,0.0006075172755381812,0.0008529055127589971,0.037267312839533814,0.0003472031052718087,0.005960940985988747,tangled_rope,tangled_rope,True
faint_blue_neural_bifurcation,powerless,0.630393,5.118102598685084e-05,5.1939923290432836e-05,0.010149512211686121,2.5753094265059875e-05,0.0008765343697257535,snare,snare,True
faint_blue_neural_bifurcation,moderate,0.641765,3.637454583930968e-05,4.2217694318609625e-05,0.008840994920427484,1.954076597573698e-05,0.00037323562914145895,snare,snare,True
faint_blue_neural_bifurcation,institutional,0.4504,0.08836032707922623,0.18235473919991177,0.49490382021322976,0.06092063380120298,0.1082027110186794,snare,snare,True
faint_blue_neural_bifurcation,analytical,0.79456,0.2127243325798266,0.5677293685535186,0.7974388713520677,0.15688217219134454,0.21663957971057335,snare,snare,True
family_estrangement_ratio,powerless,0.3016,4.913419709859274,0.9976192148909532,1.8013504719600217,0.7578382078243593,0.6245286172438945,snare,tangled_rope,False
family_estrangement_ratio,moderate,0.641765,0.00016426996337572764,0.00016785656282097117,0.018216179516110462,8.295672554950964e-05,0.008234130903001735,snare,snare,True
family_estrangement_ratio,institutional,-0.024506,14.439798659048506,14.309590779546705,2.6658783839732627,1.5287587281306951,0.8519526812206717,snare,rope,False
family_estrangement_ratio,analytical,0.79456,1.0252842239420819,0.6963920748577435,1.2882920739168253,0.4007742464903634,0.5543674708071646,snare,tangled_rope,False
family_succession_and_decadence,powerless,0.3016,4.866100294040117,0.9774423367537308,1.7872237287327157,0.7467975011837821,0.6175892774107397,snare,tangled_rope,False
family_succession_and_decadence,moderate,0.641765,0.0001525363479530036,0.00015351227808458668,0.01749107208157086,7.648391315304028e-05,0.008277779153339493,snare,snare,True
family_succession_and_decadence,institutional,0.206809,9.015855258354094,1.291860070187208,1.8298917028960062,0.7803330186901951,0.617718457084998,snare,tangled_rope,False
family_succession_and_decadence,analytical,0.79456,1.017995896170704,0.6811414001011024,1.2794223714493755,0.39546359400473957,0.5491700697648784,snare,tangled_rope,False
fast_growing_hierarchy,powerless,0.09084,2.026910696919324e-07,1.956927695787584e-07,0.0006311032707324072,9.957283415132512e-08,3.785681464751889e-06,mountain,mountain,True
fast_growing_hierarchy,moderate,0.079998,2.3093065865718957e-14,2.28962918494325e-14,2.1490760299348777e-07,1.1497776216529816e-14,1.3206830073997367e-09,mountain,mountain,True
fast_growing_hierarchy,institutional,-0.00955,0.05225489703994835,0.31934472327361857,0.44423409457143415,0.04913347937360198,0.05117249372040522,mountain,mountain,True
fast_growing_hierarchy,analytical,0.110402,3.2579465519273214e-07,3.400217551338218e-07,0.0008158358283145231,1.6639702256925781e-07,5.184531822386724e-06,mountain,mountain,True
fatf_grey_list_russia,powerless,0.3016,4.590854111276769,0.8815254518754129,1.7084378767618853,0.6863846482101913,0.5779188458356345,snare,tangled_rope,False
fatf_grey_list_russia,moderate,0.641765,0.0001547761801719798,0.00015531276292620017,0.01760722340655693,7.750307845658095e-05,0.008558586029067228,snare,snare,True
fatf_grey_list_russia,institutional,0.063872,12.933066517601798,8.439933378383763,2.20120010136225,1.0938774595737055,0.578028457455381,snare,rope,False
fatf_grey_list_russia,analytical,0.79456,0.9832138324170167,0.6220743480444271,1.2382798182501984,0.37124420279070114,0.5192721647615954,snare,tangled_rope,False
fb_creator_monetization_indonesia,powerless,0.3016,4.60890240321557,0.8879982389886178,1.7135298390698241,0.6902285371217315,0.5804703032362672,snare,tangled_rope,False
fb_creator_monetization_indonesia,moderate,0.641765,0.00015636221439389666,0.00015727051780184566,0.017706807349165528,7.838224463876557e-05,0.00854642793593241,snare,snare,True
fb_creator_monetization_indonesia,institutional,-0.042575,13.63069580657578,14.902574387058683,2.716801220826705,1.5783952318684105,0.8937879660849052,snare,rope,False
fb_creator_monetization_indonesia,analytical,0.79456,0.985921946818423,0.6263520922588168,1.2412584679999572,0.37297462302636963,0.5212606973425843,snare,tangled_rope,False
fcc_dji_covered_list,powerless,0.3016,4.866100294040117,0.9774423367537308,1.7872237287327157,0.7467975011837821,0.6175892774107397,snare,tangled_rope,False
fcc_dji_covered_list,moderate,0.641765,0.0001525363479530036,0.00015351227808458668,0.01749107208157086,7.648391315304028e-05,0.008277779153339493,snare,snare,True
fcc_dji_covered_list,institutional,0.406545,1.5937097183391542,0.8279294321358869,1.483089532049461,0.5251478780345269,0.5914740945350835,snare,tangled_rope,False
fcc_dji_covered_list,analytical,0.79456,1.017995896170704,0.6811414001011024,1.2794223714493755,0.39546359400473957,0.5491700697648784,snare,tangled_rope,False
fda_accelerated_approval_alz,powerless,0.2704,3.7278439862373474,0.5460799053152697,1.3593919160738088,0.4444722754532281,0.395471027379965,tangled_rope,tangled_rope,True
fda_accelerated_approval_alz,moderate,0.575376,0.06323375675176958,0.06372497592419347,0.3563063758469864,0.031654702452482655,0.1771157535987099,tangled_rope,snare,False
fda_accelerated_approval_alz,institutional,-0.021971,9.600678573422705,11.768717972503136,2.5377907324202584,1.4053285427494289,0.8541575446616818,tangled_rope,rope,False
fda_accelerated_approval_alz,analytical,0.712364,0.0010811134094864897,0.0011654509829568185,0.04713314910187869,0.0005553577323109621,0.021392152008916032,tangled_rope,tangled_rope,True
fda_component_efficacy_standard,powerless,0.413016,0.0004515210537191685,0.0004200841980635544,0.02906905014390395,0.00021124870012807445,0.00049468548679392,tangled_rope,tangled_rope,True
fda_component_efficacy_standard,moderate,0.420467,0.0006653635662773131,0.0006414272760356766,0.035317431926223296,0.0003118221463744689,0.0005490012172197198,tangled_rope,tangled_rope,True
fda_component_efficacy_standard,institutional,-0.016056,3.084246886046877,6.707249586813736,2.6579477912059835,1.5210551453299095,0.9537602553194766,tangled_rope,rope,False
fda_component_efficacy_standard,analytical,0.520574,0.009126556343486709,0.02353200511002367,0.15279984060388804,0.005834109211164034,0.006432564205141266,tangled_rope,tangled_rope,True
fda_gonorrhea_efficacy_standard,powerless,0.630393,0.0008199452120670491,0.0008273983278140975,0.040586581783482345,0.0004118035225961961,0.019332547076940543,tangled_rope,tangled_rope,True
fda_gonorrhea_efficacy_standard,moderate,0.641765,0.00014720511567843303,0.00014918500633564693,0.01721181580207176,7.406119370805863e-05,0.007970301462721041,tangled_rope,tangled_rope,True
fda_gonorrhea_efficacy_standard,institutional,-0.024506,8.740910410076559,14.215728010451755,2.6224495241756163,1.4866670145259373,0.8998761965159114,tangled_rope,rope,False
fda_gonorrhea_efficacy_standard,analytical,0.79456,0.6609021777559156,0.32471147142960155,0.9441391753318671,0.21874181676951296,0.3185068097297649,tangled_rope,tangled_rope,True
fed_shutdown_2026,powerless,0.3016,4.808084625461087,1.0093407790628242,1.7746810236778667,0.7370471772506091,0.6085895833357491,snare,tangled_rope,False
fed_shutdown_2026,moderate,0.641765,0.0009233382751110204,0.0010810063426155113,0.04464607443928956,0.0004982972976515653,0.00944320487899536,snare,snare,True
fed_shutdown_2026,institutional,0.023865,14.226638744184589,13.81073136645051,2.7293313908723085,1.590652026785115,0.8912554950331514,snare,rope,False
fed_shutdown_2026,analytical,0.79456,1.124995867804222,0.9070384180175927,1.3750290911144634,0.45434856928577155,0.5503177183668071,snare,tangled_rope,False
feigenbaum_universality,powerless,0.13626,3.4346537563711765e-05,4.5223191572931926e-05,0.008857106121077471,1.96120501570497e-05,9.590132227277337e-05,mountain,mountain,True
feigenbaum_universality,moderate,0.119997,5.20001217344988e-13,5.201083342946381e-13,1.0198318143051182e-06,2.6001892869159244e-13,8.784403426886911e-09,mountain,mountain,True
feigenbaum_universality,institutional,-0.014325,0.1284401449351297,0.7827068540665388,0.6936118460530667,0.11907367763998677,0.12101574044094598,mountain,mountain,True
feigenbaum_universality,analytical,0.165603,0.0016492319606454511,0.004548428894057699,0.07145182586297744,0.0012762051067322904,0.0018905568153703145,mountain,mountain,True
fermats_last_theorem,powerless,0.13626,3.4346537563711765e-05,4.5223191572931926e-05,0.008857106121077471,1.96120501570497e-05,9.590132227277337e-05,mountain,mountain,True
fermats_last_theorem,moderate,0.119997,5.20001217344988e-13,5.201083342946381e-13,1.0198318143051182e-06,2.6001892869159244e-13,8.784403426886911e-09,mountain,mountain,True
fermats_last_theorem,institutional,-0.014325,0.1284401449351297,0.7827068540665388,0.6936118460530667,0.11907367763998677,0.12101574044094598,mountain,mountain,True
fermats_last_theorem,analytical,0.165603,0.0016492319606454511,0.004548428894057699,0.07145182586297744,0.0012762051067322904,0.0018905568153703145,mountain,mountain,True
fgh_hierarchy_2026,powerless,0.13626,3.4346537563711765e-05,4.5223191572931926e-05,0.008857106121077471,1.96120501570497e-05,9.590132227277337e-05,mountain,mountain,True
fgh_hierarchy_2026,moderate,0.119997,5.20001217344988e-13,5.201083342946381e-13,1.0198318143051182e-06,2.6001892869159244e-13,8.784403426886911e-09,mountain,mountain,True
fgh_hierarchy_2026,institutional,-0.014325,0.1284401449351297,0.7827068540665388,0.6936118460530667,0.11907367763998677,0.12101574044094598,mountain,mountain,True
fgh_hierarchy_2026,analytical,0.165603,0.0016492319606454511,0.004548428894057699,0.07145182586297744,0.0012762051067322904,0.0018905568153703145,mountain,mountain,True
fiat_currency_lifecycle,powerless,0.24288,6.899332316000403,1.002985826402475,1.7403439830055678,0.7106098407583661,0.5805789059533442,snare,tangled_rope,False
fiat_currency_lifecycle,moderate,0.641765,0.00015636221439389666,0.00015727051780184566,0.017706807349165528,7.838224463876557e-05,0.00854642793593241,snare,snare,True
fiat_currency_lifecycle,institutional,-0.024506,13.513276065126751,14.286708333831768,2.6518467853528613,1.5151338970472574,0.8597395684384596,snare,rope,False
fiat_currency_lifecycle,analytical,0.79456,0.985921946818423,0.6263520922588168,1.2412584679999572,0.37297462302636963,0.5212606973425843,snare,tangled_rope,False
financialization_drag,powerless,0.437752,0.8975561025690367,0.591215736919856,1.1973442578495828,0.3478306810706792,0.509386787918429,snare,tangled_rope,False
financialization_drag,moderate,0.641765,0.0001547761801719798,0.00015531276292620017,0.01760722340655693,7.750307845658095e-05,0.008558586029067228,snare,snare,True
financialization_drag,institutional,-0.024506,13.451264551256886,14.253966909424056,2.6459099470214937,1.5093763103179594,0.857166363758337,snare,rope,False
financialization_drag,analytical,0.79456,0.9832138324170167,0.6220743480444271,1.2382798182501984,0.37124420279070114,0.5192721647615954,snare,tangled_rope,False
finite_pool_of_worry,powerless,0.413016,0.0014018124872959433,0.0009676052264889008,0.04805247203803454,0.0005772322486817649,0.002100712199553989,tangled_rope,tangled_rope,True
finite_pool_of_worry,moderate,0.420467,0.0019800740022140675,0.0012572624718624958,0.055805177411820145,0.0007785039455485189,0.0023316486838093065,tangled_rope,tangled_rope,True
finite_pool_of_worry,institutional,-0.016056,4.471551339400721,5.648665940017088,2.8194950034928024,1.679292904999877,0.9858517329169382,tangled_rope,rope,False
finite_pool_of_worry,analytical,0.520574,0.012750054022197997,0.0030449816352485413,0.10304488139144137,0.0026539747222977237,0.0030895978423567433,tangled_rope,tangled_rope,True
finite_simple_groups_classification,powerless,0.13626,3.4346537563711765e-05,4.5223191572931926e-05,0.008857106121077471,1.96120501570497e-05,9.590132227277337e-05,mountain,mountain,True
finite_simple_groups_classification,moderate,0.119997,5.20001217344988e-13,5.201083342946381e-13,1.0198318143051182e-06,2.6001892869159244e-13,8.784403426886911e-09,mountain,mountain,True
finite_simple_groups_classification,institutional,-0.014325,0.1284401449351297,0.7827068540665388,0.6936118460530667,0.11907367763998677,0.12101574044094598,mountain,mountain,True
finite_simple_groups_classification,analytical,0.165603,0.0016492319606454511,0.004548428894057699,0.07145182586297744,0.0012762051067322904,0.0018905568153703145,mountain,mountain,True
finnish_debt_adjustment,powerless,0.413016,0.0005707536560602569,0.000405224523113563,0.030830868426504805,0.00023763090612999925,0.0008353134833366966,tangled_rope,tangled_rope,True
finnish_debt_adjustment,moderate,0.420467,0.0008090471370607584,0.0005366241577535005,0.03596210214036446,0.000323309486461159,0.0009270643247084521,tangled_rope,tangled_rope,True
finnish_debt_adjustment,institutional,-0.016056,3.585220075186527,6.386983159893552,2.738972115263682,1.6000933781918905,0.9714060164741113,tangled_rope,rope,False
finnish_debt_adjustment,analytical,0.520574,0.0057244265473393235,0.0036558951493693252,0.08030796819576845,0.0016121258132306246,0.0012282283021063322,tangled_rope,tangled_rope,True
finnish_ubi_experiment,powerless,0.474909,0.0003123948030964799,0.0002455860334708614,0.023321715029632113,0.00013597405720765576,0.000482756871113639,tangled_rope,tangled_rope,True
finnish_ubi_experiment,moderate,0.575376,0.00026134267951070386,0.00032308000709228526,0.024022411049459205,0.00014426732370233507,0.0007930443703932921,tangled_rope,tangled_rope,True
finnish_ubi_experiment,institutional,-0.021971,3.7121516804073105,11.357015735862644,2.8209494937991852,1.6807286583652674,0.9751526731795039,tangled_rope,rope,False
finnish_ubi_experiment,analytical,0.712364,0.00016026051422275025,0.00019647611489420597,0.01743221805888062,7.597007565380365e-05,0.00015370154386984216,tangled_rope,tangled_rope,True
fiscal_dominance_trap,powerless,0.3016,3.515799615167044,0.608516251014786,1.4248829637178926,0.48646364597763275,0.43225034504074505,tangled_rope,tangled_rope,True
fiscal_dominance_trap,moderate,0.641765,0.0001521879877267945,0.0001522859434725551,0.017448057859343686,7.61081980556502e-05,0.008649145410708214,tangled_rope,tangled_rope,True
fiscal_dominance_trap,institutional,0.620043,0.001436683597178041,0.0014422653002475086,0.05365566093483045,0.0007196893207194195,0.02666467899803765,tangled_rope,tangled_rope,True
fiscal_dominance_trap,analytical,0.79456,0.8028376410797939,0.4284104839559752,1.0665191470854087,0.27769066650385865,0.39874847665941904,tangled_rope,tangled_rope,True
fiscal_equalization_friction,powerless,0.413016,0.0005492925061211559,0.0003909721762615822,0.03026077011383873,0.00022892418464698697,0.0008024740732123826,tangled_rope,tangled_rope,True
fiscal_equalization_friction,moderate,0.420467,0.0007788791194926963,0.0005186042958121335,0.03531093478036353,0.000311707431635335,0.0008906145814926818,tangled_rope,tangled_rope,True
fiscal_equalization_friction,institutional,-0.016056,3.545608316050921,6.4148267381217385,2.7335771491640624,1.594808822485525,0.9703297611499088,tangled_rope,rope,False
fiscal_equalization_friction,analytical,0.520574,0.0055560960380448155,0.0037285056053478365,0.07995157751411369,0.00159785088078936,0.0011799229486310406,tangled_rope,tangled_rope,True
floating_wall_2026,powerless,0.3016,4.913419709859274,0.9976192148909532,1.8013504719600217,0.7578382078243593,0.6245286172438945,snare,tangled_rope,False
floating_wall_2026,moderate,0.641765,0.00016426996337572764,0.00016785656282097117,0.018216179516110462,8.295672554950964e-05,0.008234130903001735,snare,snare,True
floating_wall_2026,institutional,-0.024506,14.439798659048506,14.309590779546705,2.6658783839732627,1.5287587281306951,0.8519526812206717,snare,rope,False
floating_wall_2026,analytical,0.79456,1.0252842239420819,0.6963920748577435,1.2882920739168253,0.4007742464903634,0.5543674708071646,snare,tangled_rope,False
fmeca_procedures_1980,powerless,0.413016,0.0004515210537191685,0.0004200841980635544,0.02906905014390395,0.00021124870012807445,0.00049468548679392,tangled_rope,tangled_rope,True
fmeca_procedures_1980,moderate,0.420467,0.0006653635662773131,0.0006414272760356766,0.035317431926223296,0.0003118221463744689,0.0005490012172197198,tangled_rope,tangled_rope,True
fmeca_procedures_1980,institutional,-0.027894,3.2894433222951025,6.79469844554068,2.7004240037044047,1.562400345972219,0.9621920102341531,tangled_rope,rope,False
fmeca_procedures_1980,analytical,0.520574,0.009126556343486709,0.02353200511002367,0.15279984060388804,0.005834109211164034,0.006432564205141266,tangled_rope,tangled_rope,True
fmt_oncology_realignment_2026,powerless,0.56518,0.000182874685766742,0.00018863175055742356,0.019086863457232213,9.10763979080883e-05,0.00044698985140838754,tangled_rope,tangled_rope,True
fmt_oncology_realignment_2026,moderate,0.575376,0.0002469218645054516,0.00025473672531045296,0.02209491471311736,0.00012204507277511445,0.0005337468641957184,tangled_rope,tangled_rope,True
fmt_oncology_realignment_2026,institutional,-0.021971,5.697083483367752,9.528675130700277,3.008562906931463,1.8670683239747712,0.99604792983337,tangled_rope,rope,False
fmt_oncology_realignment_2026,analytical,0.712364,0.00043427420932784294,7.494617384184642e-05,0.01651649242166418,6.819824289198589e-05,0.00011895874009326679,tangled_rope,tangled_rope,True
fnl_shadow_probe,powerless,0.413016,0.0004909801252244756,0.0004505687295599714,0.030216463035452334,0.00022825431779171276,0.0005483482752362347,tangled_rope,tangled_rope,True
fnl_shadow_probe,moderate,0.420467,0.00072193351642639,0.0006839131120340436,0.03663752066046382,0.0003355675958158039,0.0006085596993946139,tangled_rope,tangled_rope,True
fnl_shadow_probe,institutional,-0.016056,3.181789293351769,6.65222332609449,2.6759800296320493,1.5385819321771255,0.9579053620689417,tangled_rope,rope,False
fnl_shadow_probe,analytical,0.520574,0.00963885718867528,0.024293562831004614,0.15571994285238175,0.006059113271970456,0.00662469969608963,tangled_rope,tangled_rope,True
four_color_theorem_topological_bound,powerless,0.09084,2.026910696919324e-07,1.956927695787584e-07,0.0006311032707324072,9.957283415132512e-08,3.785681464751889e-06,mountain,mountain,True
four_color_theorem_topological_bound,moderate,0.079998,2.3093065865718957e-14,2.28962918494325e-14,2.1490760299348777e-07,1.1497776216529816e-14,1.3206830073997367e-09,mountain,mountain,True
four_color_theorem_topological_bound,institutional,-0.00955,0.05225489703994835,0.31934472327361857,0.44423409457143415,0.04913347937360198,0.05117249372040522,mountain,mountain,True
four_color_theorem_topological_bound,analytical,0.110402,3.2579465519273214e-07,3.400217551338218e-07,0.0008158358283145231,1.6639702256925781e-07,5.184531822386724e-06,mountain,mountain,True
fptp_electoral_system,powerless,0.3016,2.3549077886440646,0.4064603493697098,1.1262644420467034,0.3088256699358866,0.2842699261097412,tangled_rope,tangled_rope,True
fptp_electoral_system,moderate,0.641765,0.0001269561414612645,0.00012730112230445367,0.015942766613313876,6.354261534667976e-05,0.007208590534564685,tangled_rope,tangled_rope,True
fptp_electoral_system,institutional,-0.024506,8.233043221185838,14.167800654604786,2.7955300555087894,1.6556616612774302,0.8981007619265257,tangled_rope,rope,False
fptp_electoral_system,analytical,0.79456,0.561318170418004,0.26160318816000533,0.8571785955996167,0.18089414883886692,0.2665088257390914,tangled_rope,tangled_rope,True
fragile_middle_layer_collapse,powerless,0.630393,0.0008856784689267521,0.0008884636906138897,0.042120268759333904,0.0004435128671480704,0.020918683649674086,tangled_rope,tangled_rope,True
fragile_middle_layer_collapse,moderate,0.641765,0.0001521879877267945,0.0001522859434725551,0.017448057859343686,7.61081980556502e-05,0.008649145410708214,tangled_rope,tangled_rope,True
fragile_middle_layer_collapse,institutional,0.662133,0.001671455821368094,0.0016605892370309993,0.05772291809756425,0.000832925998192902,0.0284654381738485,tangled_rope,tangled_rope,True
fragile_middle_layer_collapse,analytical,0.79456,0.8028376410797939,0.4284104839559752,1.0665191470854087,0.27769066650385865,0.39874847665941904,tangled_rope,tangled_rope,True
france_cordon_sanitaire_2026,powerless,0.304328,0.06421004465588777,0.06234993066269613,0.3554612972576955,0.03150511985454405,0.1723569802042717,rope,tangled_rope,False
france_cordon_sanitaire_2026,moderate,0.238048,0.16454332873442404,0.14696410049799044,0.5572266993900007,0.07712455425153492,0.26357099162368736,rope,rope,True
france_cordon_sanitaire_2026,institutional,-0.011831,2.5595931835419474,0.6747446063731397,1.4788698225331318,0.5223010533891488,0.49779131980037683,rope,rope,True
france_cordon_sanitaire_2026,analytical,0.383581,1.1155176745802755,1.2042489821855222,1.3635663608475075,0.4470995366042937,0.4663209372784344,rope,tangled_rope,False
franchisee_corporate_squeeze,powerless,0.630393,0.0008856784689267521,0.0008884636906138897,0.042120268759333904,0.0004435128671480704,0.020918683649674086,tangled_rope,tangled_rope,True
franchisee_corporate_squeeze,moderate,0.641765,0.0001521879877267945,0.0001522859434725551,0.017448057859343686,7.61081980556502e-05,0.008649145410708214,tangled_rope,tangled_rope,True
franchisee_corporate_squeeze,institutional,-0.024506,10.78756801164802,14.476613374965394,2.7421437989849107,1.6032015126713373,0.8977504597785195,tangled_rope,rope,False
franchisee_corporate_squeeze,analytical,0.79456,0.8028376410797939,0.4284104839559752,1.0665191470854087,0.27769066650385865,0.39874847665941904,tangled_rope,tangled_rope,True
frankenstein_creation_hubris,powerless,0.630393,0.0008783002850511332,0.0008744013643902462,0.04186504796700693,0.0004381545611002895,0.02065183978014873,snare,snare,True
frankenstein_creation_hubris,moderate,0.641765,0.00015269739340484598,0.00015267240161400062,0.017473888788967776,7.633371177818297e-05,0.008598837815198102,snare,snare,True
frankenstein_creation_hubris,institutional,-0.024506,13.269938394868158,14.206946855599782,2.6366165064383322,1.5003721672341053,0.8540824533567102,snare,rope,False
frankenstein_creation_hubris,analytical,0.79456,0.9748454828322008,0.6095509754850228,1.2291730857799055,0.3659761506302549,0.5129254154315126,snare,tangled_rope,False
fraser_river_salmon_regulation,powerless,0.630393,0.0008744019079212669,0.0008703579369613134,0.041769847880971975,0.0004361641938108254,0.02050213050061589,snare,snare,True
fraser_river_salmon_regulation,moderate,0.641765,0.00015636221439389666,0.00015727051780184566,0.017706807349165528,7.838224463876557e-05,0.00854642793593241,snare,snare,True
fraser_river_salmon_regulation,institutional,0.4504,0.6911908598214922,0.5067227468301617,1.0830670916164946,0.2861615559709344,0.47873753699410027,snare,tangled_rope,False
fraser_river_salmon_regulation,analytical,0.79456,0.985921946818423,0.6263520922588168,1.2412584679999572,0.37297462302636963,0.5212606973425843,snare,tangled_rope,False
french_ag_land_concentration,powerless,0.3016,2.3549077886440646,0.4064603493697098,1.1262644420467034,0.3088256699358866,0.2842699261097412,tangled_rope,tangled_rope,True
french_ag_land_concentration,moderate,0.641765,0.0001269561414612645,0.00012730112230445367,0.015942766613313876,6.354261534667976e-05,0.007208590534564685,tangled_rope,tangled_rope,True
french_ag_land_concentration,institutional,0.169004,5.427720794945208,3.4489007161697516,1.4955482603003323,0.5335914115777557,0.2843015248769242,tangled_rope,tangled_rope,True
french_ag_land_concentration,analytical,0.79456,0.561318170418004,0.26160318816000533,0.8571785955996167,0.18089414883886692,0.2665088257390914,tangled_rope,tangled_rope,True
french_local_elections_march_2026,powerless,0.304328,0.013998586522612098,0.011241058144696113,0.15815392650777324,0.006249908289372358,0.03441562965555656,tangled_rope,tangled_rope,True
french_local_elections_march_2026,moderate,0.146565,1.0011134949164835,1.4029177363643581,1.5255350677526756,0.5541467522175567,0.6643542094707913,tangled_rope,rope,False
french_local_elections_march_2026,institutional,-0.011831,3.8771149616114906,2.58442440812831,2.3929910819017848,1.2687563689956722,0.9195055016037118,tangled_rope,rope,False
french_local_elections_march_2026,analytical,0.383581,0.15662187242957143,0.05919838227709162,0.42469737228665716,0.04492277854331325,0.06579859727362913,tangled_rope,tangled_rope,True
fundamental_material_limits_nbre,powerless,0.13626,2.730279028570617e-05,3.5949374266308514e-05,0.007896875560758833,1.5590140650892342e-05,7.623432689174425e-05,mountain,mountain,True
fundamental_material_limits_nbre,moderate,0.119997,4.132238557376591e-13,4.13497107665991e-13,9.088486839519166e-07,2.066924304130193e-13,6.982801670218919e-09,mountain,mountain,True
fundamental_material_limits_nbre,institutional,-0.014325,0.10340849699810349,0.6392197195539203,0.6237856691241498,0.09649112264130194,0.09863579103813724,mountain,mountain,True
fundamental_material_limits_nbre,analytical,0.165603,0.0013112644818884492,0.0036172414796492025,0.06371445995193167,0.0010147972723359908,0.0015034062402410342,mountain,mountain,True
fundamental_theorem_of_algebra,powerless,0.09084,2.026910696919324e-07,1.956927695787584e-07,0.0006311032707324072,9.957283415132512e-08,3.785681464751889e-06,mountain,mountain,True
fundamental_theorem_of_algebra,moderate,0.079998,2.3093065865718957e-14,2.28962918494325e-14,2.1490760299348777e-07,1.1497776216529816e-14,1.3206830073997367e-09,mountain,mountain,True
fundamental_theorem_of_algebra,institutional,-0.00955,0.05225489703994835,0.31934472327361857,0.44423409457143415,0.04913347937360198,0.05117249372040522,mountain,mountain,True
fundamental_theorem_of_algebra,analytical,0.110402,3.2579465519273214e-07,3.400217551338218e-07,0.0008158358283145231,1.6639702256925781e-07,5.184531822386724e-06,mountain,mountain,True
fundamental_theorem_of_calculus,powerless,0.056775,7.525398342146527e-06,6.643641539220736e-06,0.0037587010650608097,3.531957384729822e-06,3.785421093194241e-05,mountain,mountain,True
fundamental_theorem_of_calculus,moderate,0.049999,2.187270778120907e-13,2.186223096504091e-13,6.617189440481251e-07,1.0935060226233221e-13,7.282078717807394e-09,mountain,mountain,True
fundamental_theorem_of_calculus,institutional,-0.005969,0.031121890624229376,0.1438103653298823,0.33435812796230496,0.027883805245355768,0.03129542708772581,mountain,mountain,True
fundamental_theorem_of_calculus,analytical,0.069001,3.606732297897397e-05,2.6902785662937592e-05,0.007871672484675334,1.549078692950877e-05,7.11837857311215e-05,mountain,mountain,True
fungal_shift_grassland_loss,powerless,0.2704,8.179886865931014,10.92085805735864,3.0949151566211426,1.9533267404327768,0.9989496565439534,snare,rope,False
fungal_shift_grassland_loss,moderate,0.575376,0.00018777855037753612,0.00013529925805507557,0.017704022918419843,7.835759520935803e-05,0.00040243710619281003,snare,snare,True
fungal_shift_grassland_loss,institutional,-0.041734,23.01071741978431,11.005407308151462,3.1332777837734187,1.99168515413634,0.9992273322496955,snare,rope,False
fungal_shift_grassland_loss,analytical,0.712364,0.00012037467286805688,1.9849313078687977e-05,0.008397543340547277,1.762965763827218e-05,7.125000998591381e-05,snare,snare,True
fused_quartz_5d_archival,powerless,0.31202,0.0003308412385669736,0.00034609542762154086,0.026012898301701445,0.0001691653347174164,0.004688812962340361,rope,rope,True
fused_quartz_5d_archival,moderate,0.282412,1.2143686631856782e-06,1.2177802856442287e-06,0.0015595336487103809,6.080362695569975e-07,0.00027220407647721157,rope,rope,True
fused_quartz_5d_archival,institutional,-0.011831,0.03602769322410606,0.051764448958365794,0.29265509779706944,0.021373573565516984,0.07019046151217657,rope,rope,True
fused_quartz_5d_archival,analytical,0.383581,0.008418192326068788,0.010318405105211276,0.1363388794911517,0.004645273187052856,0.028017313354290474,rope,rope,True
future_dsm_integration_2026,powerless,0.56518,0.015872216520847984,0.01878779088151114,0.1856745111663598,0.008612567556066503,0.05501930328651883,tangled_rope,tangled_rope,True
future_dsm_integration_2026,moderate,0.575376,0.021080092333267825,0.025483787129420475,0.21505664376883316,0.01155120365791853,0.06495740428309094,tangled_rope,tangled_rope,True
future_dsm_integration_2026,institutional,-0.021971,3.7880930867772906,11.764275089303009,2.6012637514739083,1.4662201475502483,0.9238111053287396,tangled_rope,rope,False
future_dsm_integration_2026,analytical,0.712364,0.0003898028284946038,0.00046152477347610006,0.02864727877977024,0.0002051631376158526,0.00579000993126981,tangled_rope,tangled_rope,True
g7_debt_trap,powerless,0.3016,4.670654038135315,0.9079324989778924,1.7308733053665815,0.7033845608572581,0.5892779098442138,snare,tangled_rope,False
g7_debt_trap,moderate,0.662133,0.0016686744900436881,0.0016785384369100154,0.05785457737965207,0.0008367296813881365,0.028591338697711577,snare,snare,True
g7_debt_trap,institutional,-0.024506,13.681634164399453,14.219487096234637,2.644851072658454,1.5083498594950966,0.8467404083674074,snare,rope,False
g7_debt_trap,analytical,0.79456,0.9932204023452846,0.6370505167955566,1.2496124921582175,0.3778470616535396,0.5279560150459273,snare,tangled_rope,False
gale_shapley,powerless,0.413016,0.0011327957399180576,0.0007833355712205581,0.04321135420971944,0.00046678712451108214,0.001693364417482024,tangled_rope,tangled_rope,True
gale_shapley,moderate,0.420467,0.0016004143277698235,0.001019122990978235,0.05019710855441164,0.0006299043590703416,0.0018785469646334096,tangled_rope,tangled_rope,True
gale_shapley,institutional,0.015636,3.6805311632073523,5.724309569272167,2.7266723894508615,1.5880496784363538,0.9729427459169132,tangled_rope,rope,False
gale_shapley,analytical,0.520574,0.010369541208254464,0.0027692694717271777,0.09409220752586697,0.0022129276714145394,0.0024878782946480397,tangled_rope,tangled_rope,True
galois_theory,powerless,0.13626,3.4346537563711765e-05,4.5223191572931926e-05,0.008857106121077471,1.96120501570497e-05,9.590132227277337e-05,mountain,mountain,True
galois_theory,moderate,0.119997,5.20001217344988e-13,5.201083342946381e-13,1.0198318143051182e-06,2.6001892869159244e-13,8.784403426886911e-09,mountain,mountain,True
galois_theory,institutional,-0.014325,0.1284401449351297,0.7827068540665388,0.6936118460530667,0.11907367763998677,0.12101574044094598,mountain,mountain,True
galois_theory,analytical,0.165603,0.0016492319606454511,0.004548428894057699,0.07145182586297744,0.0012762051067322904,0.0018905568153703145,mountain,mountain,True
galois_theory_symmetry,powerless,0.09084,2.026910696919324e-07,1.956927695787584e-07,0.0006311032707324072,9.957283415132512e-08,3.785681464751889e-06,mountain,mountain,True
galois_theory_symmetry,moderate,0.079998,2.3093065865718957e-14,2.28962918494325e-14,2.1490760299348777e-07,1.1497776216529816e-14,1.3206830073997367e-09,mountain,mountain,True
galois_theory_symmetry,institutional,-0.00955,0.05225489703994835,0.31934472327361857,0.44423409457143415,0.04913347937360198,0.05117249372040522,mountain,mountain,True
galois_theory_symmetry,analytical,0.110402,3.2579465519273214e-07,3.400217551338218e-07,0.0008158358283145231,1.6639702256925781e-07,5.184531822386724e-06,mountain,mountain,True
gauss_bonnet_topology,powerless,0.09084,4.83596133785333e-05,4.6716028683876724e-05,0.009749576474812126,2.3763513300721043e-05,0.0009027831817305376,mountain,mountain,True
gauss_bonnet_topology,moderate,0.079998,5.48001902669933e-12,5.480022519331948e-12,3.3103391581925025e-06,2.7400390107999023e-12,3.1461443250613286e-07,mountain,mountain,True
gauss_bonnet_topology,institutional,-0.00955,2.570995014946064,4.11078649603599,2.4113201452874273,1.2858468611934433,0.9199721172873245,mountain,rope,False
gauss_bonnet_topology,analytical,0.110402,7.749509032067569e-05,8.081161066928392e-05,0.012579924378357588,3.956349390168251e-05,0.0012324788335269649,mountain,mountain,True
gaza_aid_permit_revocation,powerless,0.3536,2.1398597752537403,0.5741381718848,1.367325172200161,0.4494710001457141,0.4360578225680113,tangled_rope,tangled_rope,True
gaza_aid_permit_revocation,moderate,0.752415,0.2272996445637328,0.18455100242422984,0.6390363811242769,0.10122626192718813,0.2835756942132878,tangled_rope,tangled_rope,True
gaza_aid_permit_revocation,institutional,-0.049915,11.119626037215445,18.65677569848708,2.8173363549047727,1.6771623773102453,0.8441264994544118,tangled_rope,rope,False
gaza_aid_permit_revocation,analytical,0.931553,3.5633036329239687,0.5749810898880212,1.4301497213222958,0.4899116817149827,0.4375736150663541,tangled_rope,tangled_rope,True
gaza_border_control_rafah,powerless,0.739082,0.042301482918394764,0.0307570798477573,0.2677181171384486,0.01789150823655785,0.06590615438274347,tangled_rope,tangled_rope,True
gaza_border_control_rafah,moderate,0.752415,0.06688793660872429,0.04383764348558036,0.3271921375360162,0.026704035756851707,0.07618240540191161,tangled_rope,tangled_rope,True
gaza_border_control_rafah,institutional,-0.028731,3.6917611410384055,17.039947630337885,2.375318502945003,1.2523361392236856,0.8404924724559815,tangled_rope,rope,False
gaza_border_control_rafah,analytical,0.931553,0.8614832598395383,0.12052123439334181,0.6534389585982814,0.10579943815592786,0.1020925175652392,tangled_rope,tangled_rope,True
gbff_funding_mechanism,powerless,0.3016,2.860223659497747,0.4606214499289143,1.254441416496279,0.3806764188332022,0.34824324733157497,tangled_rope,tangled_rope,True
gbff_funding_mechanism,moderate,0.641765,0.0001625215704105067,0.00016741717056133695,0.018154385656934523,8.239486389634455e-05,0.008075976335080615,tangled_rope,tangled_rope,True
gbff_funding_mechanism,institutional,-0.008431,8.763884745913913,13.804175044653906,2.5779290147868976,1.4437686721737186,0.8814242592094242,tangled_rope,rope,False
gbff_funding_mechanism,analytical,0.79456,0.6733080659449923,0.3350217973624727,0.9554784388751437,0.22392672699499724,0.3245478603281996,tangled_rope,tangled_rope,True
gemini_scientific_advancement,powerless,0.56518,0.00017933387386411516,0.00021593415930302415,0.01978421573950742,9.785300016253825e-05,0.000608633015695054,tangled_rope,tangled_rope,True
gemini_scientific_advancement,moderate,0.575376,0.00024012922499901733,0.00029648524314383247,0.023015973672791044,0.00013243229947456484,0.000726741394571193,tangled_rope,tangled_rope,True
gemini_scientific_advancement,institutional,-0.021971,3.7116401157431365,11.355418986677236,2.8209781130181426,1.6807569106040132,0.9746735226654418,tangled_rope,rope,False
gemini_scientific_advancement,analytical,0.712364,6.53215314826504e-05,2.242506638553963e-05,0.007270413467114871,1.3214713443470132e-05,5.981524817772095e-05,tangled_rope,tangled_rope,True
genai_mil_platform,powerless,0.630393,0.0008528216464304038,0.0008472779906294947,0.04123195337013967,0.000425003441499215,0.020029487021858305,snare,snare,True
genai_mil_platform,moderate,0.641765,0.0001486511223278155,0.0001485541477184099,0.017238684713784185,7.429260271176986e-05,0.00835517194602875,snare,snare,True
genai_mil_platform,institutional,-0.024506,14.0185351267185,14.049511558978057,2.624050617040153,1.4882146351561942,0.8323316582236672,snare,rope,False
genai_mil_platform,analytical,0.79456,1.008923523463826,0.6637648737103753,1.2682177436688584,0.38880005212751,0.5414708281801591,snare,tangled_rope,False
genetic_algorithms_evolution,powerless,0.167153,4.967003416032965e-05,4.852121024640399e-05,0.009904976645995005,2.452709045760507e-05,0.0019071740842102614,rope,rope,True
genetic_algorithms_evolution,moderate,0.151292,3.7441614936296907e-07,3.7369294123140435e-07,0.0008649310742646826,1.870264380254615e-07,0.0001681458715825368,rope,rope,True
genetic_algorithms_evolution,institutional,-0.006338,0.04070480876862776,0.05699115815992781,0.3092445371772848,0.02386045099920256,0.081514393202135,rope,rope,True
genetic_algorithms_evolution,analytical,0.20549,0.00021720853782506225,0.00020480765655981866,0.020454242115933094,0.00010459309347887035,0.0038967800621987347,rope,rope,True
genetic_predisposition,powerless,0.3016,5.0988777163262755,5.22609592948451,2.777861406484902,1.6382705144688892,0.9814534377563682,snare,tangled_rope,False
genetic_predisposition,moderate,0.641765,1.487508464401553e-05,1.6079440744903457e-05,0.00555314535259213,7.709350874067174e-06,0.00045037327634946805,snare,snare,True
genetic_predisposition,institutional,0.260901,7.93522097290816,7.205867640027928,2.9122876302831506,1.7711970232766303,0.9864689082666008,snare,tangled_rope,False
genetic_predisposition,analytical,0.79456,0.2122762354652049,0.49468178916300276,0.7824694424234885,0.15112214350546002,0.2207484596392686,snare,snare,True
geophysics_superionic_core,powerless,0.13626,2.730279028570617e-05,3.5949374266308514e-05,0.007896875560758833,1.5590140650892342e-05,7.623432689174425e-05,mountain,mountain,True
geophysics_superionic_core,moderate,0.119997,4.132238557376591e-13,4.13497107665991e-13,9.088486839519166e-07,2.066924304130193e-13,6.982801670218919e-09,mountain,mountain,True
geophysics_superionic_core,institutional,-0.014325,0.10340849699810349,0.6392197195539203,0.6237856691241498,0.09649112264130194,0.09863579103813724,mountain,mountain,True
geophysics_superionic_core,analytical,0.165603,0.0013112644818884492,0.0036172414796492025,0.06371445995193167,0.0010147972723359908,0.0015034062402410342,mountain,mountain,True
geopolitical_insularity_2026,powerless,0.3016,4.913419709859274,0.9976192148909532,1.8013504719600217,0.7578382078243593,0.6245286172438945,snare,tangled_rope,False
geopolitical_insularity_2026,moderate,0.641765,0.00016426996337572764,0.00016785656282097117,0.018216179516110462,8.295672554950964e-05,0.008234130903001735,snare,snare,True
geopolitical_insularity_2026,institutional,-0.042575,14.544023125163653,14.954429084191537,2.7284047434740186,1.5897450402970779,0.8876580709283265,snare,rope,False
geopolitical_insularity_2026,analytical,0.79456,1.0252842239420819,0.6963920748577435,1.2882920739168253,0.4007742464903634,0.5543674708071646,snare,tangled_rope,False
german_board_gender_quota,powerless,0.413016,0.0006303252391491641,0.0004459116870587332,0.03237698913937499,0.00026206163320823813,0.0009247368667511148,tangled_rope,tangled_rope,True
german_board_gender_quota,moderate,0.420467,0.0008930776339286329,0.0005891015849198266,0.03774441205065863,0.0003561495895499789,0.0010263201643221343,tangled_rope,tangled_rope,True
german_board_gender_quota,institutional,-0.016056,3.6850207127421326,6.31424714307464,2.751819470302919,1.6126894505746259,0.9739081311401763,tangled_rope,rope,False
german_board_gender_quota,analytical,0.520574,0.006245193133827538,0.0036911993879696937,0.0825712598059088,0.001704261139298924,0.0013597729092840376,tangled_rope,tangled_rope,True
germany_tennet_takeover,powerless,0.413016,0.0006303252391491641,0.0004459116870587332,0.03237698913937499,0.00026206163320823813,0.0009247368667511148,tangled_rope,tangled_rope,True
germany_tennet_takeover,moderate,0.420467,0.0008930776339286329,0.0005891015849198266,0.03774441205065863,0.0003561495895499789,0.0010263201643221343,tangled_rope,tangled_rope,True
germany_tennet_takeover,institutional,-0.016056,3.6850207127421326,6.31424714307464,2.751819470302919,1.6126894505746259,0.9739081311401763,tangled_rope,rope,False
germany_tennet_takeover,analytical,0.520574,0.006245193133827538,0.0036911993879696937,0.0825712598059088,0.001704261139298924,0.0013597729092840376,tangled_rope,tangled_rope,True
germline_regulation_threshold_2026,powerless,0.3016,4.866100294040117,0.9774423367537308,1.7872237287327157,0.7467975011837821,0.6175892774107397,snare,tangled_rope,False
germline_regulation_threshold_2026,moderate,0.641765,0.0001525363479530036,0.00015351227808458668,0.01749107208157086,7.648391315304028e-05,0.008277779153339493,snare,snare,True
germline_regulation_threshold_2026,institutional,-0.042575,14.361359289419966,14.83749438334369,2.705119895718078,1.566983657422352,0.8770503347688775,snare,rope,False
germline_regulation_threshold_2026,analytical,0.79456,1.017995896170704,0.6811414001011024,1.2794223714493755,0.39546359400473957,0.5491700697648784,snare,tangled_rope,False
gilgamesh_mortality_limit,powerless,0.09084,2.026910696919324e-07,1.956927695787584e-07,0.0006311032707324072,9.957283415132512e-08,3.785681464751889e-06,mountain,mountain,True
gilgamesh_mortality_limit,moderate,0.079998,2.3093065865718957e-14,2.28962918494325e-14,2.1490760299348777e-07,1.1497776216529816e-14,1.3206830073997367e-09,mountain,mountain,True
gilgamesh_mortality_limit,institutional,-0.00955,0.05225489703994835,0.31934472327361857,0.44423409457143415,0.04913347937360198,0.05117249372040522,mountain,mountain,True
gilgamesh_mortality_limit,analytical,0.110402,3.2579465519273214e-07,3.400217551338218e-07,0.0008158358283145231,1.6639702256925781e-07,5.184531822386724e-06,mountain,mountain,True
gita_kurukshetra,powerless,0.3016,4.913419709859274,0.9976192148909532,1.8013504719600217,0.7578382078243593,0.6245286172438945,snare,tangled_rope,False
gita_kurukshetra,moderate,0.641765,0.00016426996337572764,0.00016785656282097117,0.018216179516110462,8.295672554950964e-05,0.008234130903001735,snare,snare,True
gita_kurukshetra,institutional,-0.042575,14.544023125163653,14.954429084191537,2.7284047434740186,1.5897450402970779,0.8876580709283265,snare,rope,False
gita_kurukshetra,analytical,0.79456,1.0252842239420819,0.6963920748577435,1.2882920739168253,0.4007742464903634,0.5543674708071646,snare,tangled_rope,False
global_economic_anxiety_2026,powerless,0.3536,2.494982029841652,0.7238509702403153,1.5186708815961822,0.5494126405298972,0.518466902940227,snare,tangled_rope,False
global_economic_anxiety_2026,moderate,0.726947,0.08344821124389742,0.07985585776500798,0.40402738399042304,0.04067093558397856,0.19805536878905566,snare,tangled_rope,False
global_economic_anxiety_2026,institutional,-0.028731,12.203407862365701,17.748313557225543,2.597170888659326,1.4622768655266114,0.846331396691825,snare,rope,False
global_economic_anxiety_2026,analytical,0.931553,4.190139216431334,0.7390938319590792,1.594769980387192,0.6028395634271096,0.5205825331681926,snare,tangled_rope,False
global_food_market_fragility,powerless,0.39448,1.0083662522747954,0.3266658736234052,1.0174875310328613,0.2532858321476568,0.2899351113184331,tangled_rope,tangled_rope,True
global_food_market_fragility,moderate,0.641765,0.0001293232520092051,0.00012974058866065924,0.016093575840562063,6.475044644603796e-05,0.0073525632212825265,tangled_rope,tangled_rope,True
global_food_market_fragility,institutional,-0.024506,8.191518715328883,14.286488457519429,2.737569278465984,1.5987189695725423,0.911855134898928,tangled_rope,rope,False
global_food_market_fragility,analytical,0.79456,0.5786828790715073,0.2719043947757168,0.8724395691540549,0.1872893242713274,0.2754683245445602,tangled_rope,tangled_rope,True
global_hoarding_scaling_laws,powerless,0.3536,2.494982029841652,0.7238509702403153,1.5186708815961822,0.5494126405298972,0.518466902940227,snare,tangled_rope,False
global_hoarding_scaling_laws,moderate,0.752415,0.2473430161627569,0.21452108857160468,0.678190394320069,0.11388796069272043,0.3179925569060218,snare,tangled_rope,False
global_hoarding_scaling_laws,institutional,0.198142,7.884517939340766,1.30853898415394,1.645537081193206,0.6396112231737127,0.520667192884423,snare,tangled_rope,False
global_hoarding_scaling_laws,analytical,0.931553,4.190139216431334,0.7390938319590792,1.594769980387192,0.6028395634271096,0.5205825331681926,snare,tangled_rope,False
global_protocol_entrenchment,powerless,0.56518,0.04829203007749851,0.0492459233807494,0.31229717810588387,0.024332880398419243,0.1548382227248548,tangled_rope,snare,False
global_protocol_entrenchment,moderate,0.575376,0.06268179334849551,0.06376316682470232,0.3555769454479713,0.03152556933235385,0.17639902736736968,tangled_rope,snare,False
global_protocol_entrenchment,institutional,0.233911,4.540255187847217,0.6097350384455733,1.3396495451528527,0.4321390647572174,0.37658541822281366,tangled_rope,tangled_rope,True
global_protocol_entrenchment,analytical,0.712364,0.0009585819283254864,0.0009528670010176377,0.04366779169313024,0.0004767000697220546,0.0209141862334305,tangled_rope,tangled_rope,True
global_stimulus_spree,powerless,0.3016,4.533199320264565,0.8620553222554574,1.6923247735233027,0.6742771948681852,0.5697892422375538,snare,tangled_rope,False
global_stimulus_spree,moderate,0.641765,0.00015269739340484598,0.00015267240161400062,0.017473888788967776,7.633371177818297e-05,0.008598837815198102,snare,snare,True
global_stimulus_spree,institutional,0.4504,0.6852537282532868,0.49576455691323523,1.074563495791172,0.2817938757469968,0.4719857622618514,snare,tangled_rope,False
global_stimulus_spree,analytical,0.79456,0.9748454828322008,0.6095509754850228,1.2291730857799055,0.3659761506302549,0.5129254154315126,snare,tangled_rope,False
global_water_bankruptcy,powerless,0.3016,3.7765274529202952,0.6522019896689741,1.490526333030465,0.530181085100465,0.4667656510895669,tangled_rope,tangled_rope,True
global_water_bankruptcy,moderate,0.641765,0.00015452586281065796,0.0001546560451071713,0.017582818010334865,7.728837450006789e-05,0.008761975470622074,tangled_rope,tangled_rope,True
global_water_bankruptcy,institutional,0.206809,6.929666454305387,1.085423713939899,1.5454302475773567,0.5679641351870542,0.4668355982488892,tangled_rope,tangled_rope,True
global_water_bankruptcy,analytical,0.79456,0.8517608713095622,0.4713233678802467,1.1100217537264128,0.30021058254127275,0.428440966022577,tangled_rope,tangled_rope,True
glp1_payload_efficiency_pivot,powerless,0.413016,0.002503461707035937,0.0017307056552821201,0.06424314799755089,0.001031706802377864,0.0037629820824444105,tangled_rope,tangled_rope,True
glp1_payload_efficiency_pivot,moderate,0.420467,0.0035367847705525487,0.002249645818214906,0.07461969764759736,0.0013918633489890782,0.00417823243152371,tangled_rope,tangled_rope,True
glp1_payload_efficiency_pivot,institutional,-0.016056,5.034914856953089,5.121922615078507,2.835599548982348,1.6951992772708648,0.9883042871238747,tangled_rope,rope,False
glp1_payload_efficiency_pivot,analytical,0.520574,0.022785446841842964,0.00542455876843914,0.13783628951830862,0.004747830995370717,0.005538363617923481,tangled_rope,tangled_rope,True
goal_boundary_poisoning,powerless,0.2704,3.1735877683737934,0.5101928511633282,1.2442598349808454,0.3747218909031872,0.3337139774502922,tangled_rope,tangled_rope,True
goal_boundary_poisoning,moderate,0.575376,0.060672262326776805,0.06307371518525322,0.35172102963505675,0.03084729659358129,0.17263001070399114,tangled_rope,snare,False
goal_boundary_poisoning,institutional,0.233911,4.061278966361374,0.7343570452222066,1.283223781248851,0.3977357948613304,0.3337244572629812,tangled_rope,tangled_rope,True
goal_boundary_poisoning,analytical,0.712364,0.0009082830859146406,0.0008865545609246353,0.0422660662615892,0.0004465884682126004,0.019730809091304535,tangled_rope,tangled_rope,True
godels_incompleteness_theorems,powerless,0.09084,1.3468414487096588e-06,1.300286930222996e-06,0.0016268102795383656,6.616278847186579e-07,2.513172465057334e-05,mountain,mountain,True
godels_incompleteness_theorems,moderate,0.079998,1.5285891536206874e-13,1.5256865782383174e-13,5.527507362065157e-07,7.63483627406917e-14,8.765720815873124e-09,mountain,mountain,True
godels_incompleteness_theorems,institutional,-0.00955,0.30441971905114545,1.611121073605155,1.047472365275063,0.26808661582108406,0.26372930977201436,mountain,mountain,True
godels_incompleteness_theorems,analytical,0.110402,2.1603945683061705e-06,2.2546654458851707e-06,0.002100844510651439,1.1033868130839613e-06,3.43724292978687e-05,mountain,mountain,True
gold_fomo_cycle,powerless,0.3016,3.981531879210117,0.7072863270745438,1.5443491781187355,0.5672096694210625,0.49403440078592836,tangled_rope,tangled_rope,True
gold_fomo_cycle,moderate,0.641765,0.00017318872437118552,0.0001769761467998158,0.018704831190202373,8.746703991593524e-05,0.00882513050637096,tangled_rope,snare,False
gold_fomo_cycle,institutional,-0.053908,12.037048872230773,15.135808252984843,2.7651224594180945,1.6257490807930968,0.930654765785938,tangled_rope,rope,False
gold_fomo_cycle,analytical,0.79456,0.8900765950232121,0.5112345572560263,1.1455155306340752,0.31918080587850584,0.4515758483706998,tangled_rope,tangled_rope,True
gold_piton_2026,powerless,0.245158,0.00025439278095513486,0.00030849143361785217,0.02364171074492728,0.00013973099464351538,0.0009766472154265626,rope,rope,True
gold_piton_2026,moderate,0.221895,1.1085993777309026e-06,1.1242750169686893e-06,0.0014942525603260258,5.581976528070858e-07,5.350183567653932e-05,rope,rope,True
gold_piton_2026,institutional,-0.016149,0.0027021188332513038,0.0009960063008685619,0.054950822036021585,0.0007548507225278876,0.0011952845783699262,rope,rope,True
gold_piton_2026,analytical,0.301385,0.005741026089558182,0.011068422034154778,0.12447837801784686,0.003872466336553894,0.008253091923502653,rope,rope,True
goldbach_conjecture,powerless,0.13626,2.730279028570617e-05,3.5949374266308514e-05,0.007896875560758833,1.5590140650892342e-05,7.623432689174425e-05,mountain,mountain,True
goldbach_conjecture,moderate,0.119997,4.132238557376591e-13,4.13497107665991e-13,9.088486839519166e-07,2.066924304130193e-13,6.982801670218919e-09,mountain,mountain,True
goldbach_conjecture,institutional,-0.014325,0.10340849699810349,0.6392197195539203,0.6237856691241498,0.09649112264130194,0.09863579103813724,mountain,mountain,True
goldbach_conjecture,analytical,0.165603,0.0013112644818884492,0.0036172414796492025,0.06371445995193167,0.0010147972723359908,0.0015034062402410342,mountain,mountain,True
golden_handcuffs,powerless,0.56518,0.013208840509082108,0.015749299752220173,0.1696753263178879,0.007193113210367848,0.04596060616998633,tangled_rope,tangled_rope,True
golden_handcuffs,moderate,0.575376,0.017564415003294722,0.021416896843779155,0.19670585295966736,0.009665502936283488,0.054370588998981506,tangled_rope,tangled_rope,True
golden_handcuffs,institutional,-0.021971,4.08966993328967,11.659625576398586,2.7329746309504666,1.5942188173943597,0.9290173146564774,tangled_rope,rope,False
golden_handcuffs,analytical,0.712364,0.0002477840913967535,0.00021651623183862264,0.02113197166221572,0.00011163901796225952,0.004773523881164143,tangled_rope,tangled_rope,True
goodharts_law,powerless,0.630393,0.0008348389266855385,0.0008431999176051142,0.04096220011009432,0.0004194607963649924,0.01952256913061501,tangled_rope,tangled_rope,True
goodharts_law,moderate,0.641765,0.0001625215704105067,0.00016741717056133695,0.018154385656934523,8.239486389634455e-05,0.008075976335080615,tangled_rope,tangled_rope,True
goodharts_law,institutional,0.169004,6.418999896790059,2.0727172658239743,1.4364128378116423,0.49402564173162783,0.34828595150812924,tangled_rope,tangled_rope,True
goodharts_law,analytical,0.79456,0.6733080659449923,0.3350217973624727,0.9554784388751437,0.22392672699499724,0.3245478603281996,tangled_rope,tangled_rope,True
google_ai_search_overview,powerless,0.3016,2.4314588090155884,0.40097990905564584,1.143988582708184,0.31835376371286245,0.2940819549636708,tangled_rope,tangled_rope,True
google_ai_search_overview,moderate,0.641765,0.0001293232520092051,0.00012974058866065924,0.016093575840562063,6.475044644603796e-05,0.0073525632212825265,tangled_rope,tangled_rope,True
google_ai_search_overview,institutional,-0.024506,8.191518715328883,14.286488457519429,2.737569278465984,1.5987189695725423,0.911855134898928,tangled_rope,rope,False
google_ai_search_overview,analytical,0.79456,0.5786828790715073,0.2719043947757168,0.8724395691540549,0.1872893242713274,0.2754683245445602,tangled_rope,tangled_rope,True
google_universal_commerce_protocol,powerless,0.56518,0.013208840509082108,0.015749299752220173,0.1696753263178879,0.007193113210367848,0.04596060616998633,tangled_rope,tangled_rope,True
google_universal_commerce_protocol,moderate,0.575376,0.017564415003294722,0.021416896843779155,0.19670585295966736,0.009665502936283488,0.054370588998981506,tangled_rope,tangled_rope,True
google_universal_commerce_protocol,institutional,-0.03817,4.357017925001844,11.818145733837524,2.787098406594504,1.64735900341853,0.9327641423322546,tangled_rope,rope,False
google_universal_commerce_protocol,analytical,0.712364,0.0002477840913967535,0.00021651623183862264,0.02113197166221572,0.00011163901796225952,0.004773523881164143,tangled_rope,tangled_rope,True
governance_latency_gap,powerless,0.3016,3.981531879210117,0.7072863270745438,1.5443491781187355,0.5672096694210625,0.49403440078592836,tangled_rope,tangled_rope,True
governance_latency_gap,moderate,0.641765,0.00017318872437118552,0.0001769761467998158,0.018704831190202373,8.746703991593524e-05,0.00882513050637096,tangled_rope,snare,False
governance_latency_gap,institutional,0.4504,0.6318379466428516,0.41921078903036113,1.0077415129840268,0.2485594945720294,0.42002716172254867,tangled_rope,tangled_rope,True
governance_latency_gap,analytical,0.79456,0.8900765950232121,0.5112345572560263,1.1455155306340752,0.31918080587850584,0.4515758483706998,tangled_rope,tangled_rope,True
governance_overfitting,powerless,0.56518,0.0456667624388137,0.04785055154886819,0.30574110281388517,0.023323930165248648,0.1484564411031184,tangled_rope,tangled_rope,True
governance_overfitting,moderate,0.575376,0.05950481555521146,0.06243657547964706,0.3491209566929233,0.030394063830766115,0.1701183320542472,tangled_rope,tangled_rope,True
governance_overfitting,institutional,-0.021971,8.130805884920767,11.881868446395423,2.5718651113579454,1.4379465698984746,0.8851096712420413,tangled_rope,rope,False
governance_overfitting,analytical,0.712364,0.0011888913737262425,0.0014389410964694416,0.05061605084805256,0.0006404619653165224,0.019281650972716224,tangled_rope,tangled_rope,True
gpt5_codex_dev_cycle,powerless,0.2704,3.556700456197528,0.5152645280755648,1.3211429417288723,0.4207165517967485,0.3765726887082644,tangled_rope,tangled_rope,True
gpt5_codex_dev_cycle,moderate,0.575376,0.06268179334849551,0.06376316682470232,0.3555769454479713,0.03152556933235385,0.17639902736736968,tangled_rope,snare,False
gpt5_codex_dev_cycle,institutional,-0.03817,9.368119784585522,12.240920767921661,2.6026444376258433,1.4675508791867093,0.8838743754954357,tangled_rope,rope,False
gpt5_codex_dev_cycle,analytical,0.712364,0.0009585819283254864,0.0009528670010176377,0.04366779169313024,0.0004767000697220546,0.0209141862334305,tangled_rope,tangled_rope,True
gpt_store_marketplace,powerless,0.630393,0.0008199452120670491,0.0008273983278140975,0.040586581783482345,0.0004118035225961961,0.019332547076940543,tangled_rope,tangled_rope,True
gpt_store_marketplace,moderate,0.641765,0.00014720511567843303,0.00014918500633564693,0.01721181580207176,7.406119370805863e-05,0.007970301462721041,tangled_rope,tangled_rope,True
gpt_store_marketplace,institutional,-0.024506,8.740910410076559,14.215728010451755,2.6224495241756163,1.4866670145259373,0.8998761965159114,tangled_rope,rope,False
gpt_store_marketplace,analytical,0.79456,0.6609021777559156,0.32471147142960155,0.9441391753318671,0.21874181676951296,0.3185068097297649,tangled_rope,tangled_rope,True
gravitational_lensing_cosmic_dawn,powerless,0.13626,2.730279028570617e-05,3.5949374266308514e-05,0.007896875560758833,1.5590140650892342e-05,7.623432689174425e-05,mountain,mountain,True
gravitational_lensing_cosmic_dawn,moderate,0.119997,4.132238557376591e-13,4.13497107665991e-13,9.088486839519166e-07,2.066924304130193e-13,6.982801670218919e-09,mountain,mountain,True
gravitational_lensing_cosmic_dawn,institutional,-0.014325,0.10340849699810349,0.6392197195539203,0.6237856691241498,0.09649112264130194,0.09863579103813724,mountain,mountain,True
gravitational_lensing_cosmic_dawn,analytical,0.165603,0.0013112644818884492,0.0036172414796492025,0.06371445995193167,0.0010147972723359908,0.0015034062402410342,mountain,mountain,True
great_mongolian_road_economic_dependency,powerless,0.56518,0.04421875747633546,0.04683023926917067,0.301647858175195,0.022704768184582856,0.1445364428073025,tangled_rope,tangled_rope,True
great_mongolian_road_economic_dependency,moderate,0.575376,0.057707594538411414,0.061295890922908415,0.34484686482406945,0.029656257715577946,0.16601679065891467,tangled_rope,tangled_rope,True
great_mongolian_road_economic_dependency,institutional,-0.021971,7.603840595161866,11.77257670051977,2.5349928307613805,1.4026577645899743,0.8723447249451269,tangled_rope,rope,False
great_mongolian_road_economic_dependency,analytical,0.712364,0.0008442050409779833,0.0008335699099327685,0.04089195602713298,0.000418023454152575,0.018305166171026566,tangled_rope,tangled_rope,True
greenland_defence_pact_2026,powerless,0.56518,0.048006563310710494,0.049149775138238656,0.31168062431801913,0.024237091029204478,0.15423219427174745,tangled_rope,snare,False
greenland_defence_pact_2026,moderate,0.575376,0.06234616816009826,0.0637094112988158,0.35502316268107864,0.03142770646184028,0.17585558189627576,tangled_rope,snare,False
greenland_defence_pact_2026,institutional,-0.021971,9.082741449836115,11.824391048942035,2.552013571909883,1.4189230481779025,0.8616428503782315,tangled_rope,rope,False
greenland_defence_pact_2026,analytical,0.712364,0.0009440949799579914,0.0009328542453278237,0.04327853659763938,0.0004682396606692084,0.020688528338595025,tangled_rope,tangled_rope,True
greenland_seizure_trade_war,powerless,0.3016,4.913419709859274,0.9976192148909532,1.8013504719600217,0.7578382078243593,0.6245286172438945,snare,tangled_rope,False
greenland_seizure_trade_war,moderate,0.641765,0.00016426996337572764,0.00016785656282097117,0.018216179516110462,8.295672554950964e-05,0.008234130903001735,snare,snare,True
greenland_seizure_trade_war,institutional,-0.008431,14.3478752877149,13.583821096235797,2.6025615041582273,1.4674709391598948,0.8110577884407794,snare,rope,False
greenland_seizure_trade_war,analytical,0.79456,1.0252842239420819,0.6963920748577435,1.2882920739168253,0.4007742464903634,0.5543674708071646,snare,tangled_rope,False
greshams_law,powerless,0.413016,0.009504128616875749,0.006669100549954642,0.12567391189898333,0.0039471839941280906,0.01477455852015852,tangled_rope,tangled_rope,True
greshams_law,moderate,0.420467,0.013447062284621562,0.008705912576769316,0.14619978775673098,0.005341215408655582,0.016458328156733648,tangled_rope,tangled_rope,True
greshams_law,institutional,-0.035319,6.745518457953631,3.8502762696717805,2.7848105610609006,1.6451072332113326,0.9765576711083704,tangled_rope,rope,False
greshams_law,analytical,0.520574,0.08726018259904007,0.021846446491824732,0.27396388490263485,0.018734730097636355,0.02223448993355559,tangled_rope,tangled_rope,True
grete_samsa_transition,powerless,0.630393,0.0008783002850511332,0.0008744013643902462,0.04186504796700693,0.0004381545611002895,0.02065183978014873,snare,snare,True
grete_samsa_transition,moderate,0.4504,0.6852537282532868,0.49576455691323523,1.074563495791172,0.2817938757469968,0.4719857622618514,snare,tangled_rope,False
grete_samsa_transition,institutional,-0.024506,13.269938394868158,14.206946855599782,2.6366165064383322,1.5003721672341053,0.8540824533567102,snare,rope,False
grete_samsa_transition,analytical,0.79456,0.9748454828322008,0.6095509754850228,1.2291730857799055,0.3659761506302549,0.5129254154315126,snare,tangled_rope,False
grievance_stack_overflow,powerless,0.630393,0.0008744019079212669,0.0008703579369613134,0.041769847880971975,0.0004361641938108254,0.02050213050061589,snare,snare,True
grievance_stack_overflow,moderate,0.641765,0.00015636221439389666,0.00015727051780184566,0.017706807349165528,7.838224463876557e-05,0.00854642793593241,snare,snare,True
grievance_stack_overflow,institutional,-0.024506,13.513276065126751,14.286708333831768,2.6518467853528613,1.5151338970472574,0.8597395684384596,snare,rope,False
grievance_stack_overflow,analytical,0.79456,0.985921946818423,0.6263520922588168,1.2412584679999572,0.37297462302636963,0.5212606973425843,snare,tangled_rope,False
gs1_gln_identification,powerless,0.413016,0.0006890724250161383,0.0005628266958503896,0.03487851376114369,0.00030411997282107017,0.0008804836833597235,tangled_rope,tangled_rope,True
gs1_gln_identification,moderate,0.420467,0.0009954533716374078,0.0008081171122484161,0.04155973438485939,0.00043178734294830023,0.0009772017975154949,tangled_rope,tangled_rope,True
gs1_gln_identification,institutional,0.341094,0.0017659520976736577,0.0026184135612391567,0.06511320086166938,0.001059838613559539,0.0033435043457863177,tangled_rope,tangled_rope,True
gs1_gln_identification,analytical,0.520574,0.010297422045955122,0.01962476134804111,0.14571109127656567,0.0053055831017423715,0.005172330710485656,tangled_rope,tangled_rope,True
guano_wealth_extraction,powerless,0.3744,0.8367042936195895,0.29724042281798685,0.9262379647411538,0.21067304993442265,0.2436518966315051,tangled_rope,tangled_rope,True
guano_wealth_extraction,moderate,0.796674,0.2893996146474085,0.16879257341047757,0.6583220588424408,0.10737225376517687,0.21111694705787076,tangled_rope,tangled_rope,True
guano_wealth_extraction,institutional,-0.030421,8.695283314942053,17.553349259397578,2.9778479513744025,1.8364381688414806,0.7439299439373539,tangled_rope,rope,False
guano_wealth_extraction,analytical,0.98635,2.8031359550829094,0.2840105540032094,1.0386151877825163,0.2636739710694219,0.2472525050154173,tangled_rope,tangled_rope,True
guinea_worm_eradication,powerless,0.133723,0.0002050610063090248,0.000201664284778213,0.020166882533643283,0.00010167492628707351,0.006334129873948879,rope,rope,True
guinea_worm_eradication,moderate,0.121034,1.3623536807524147e-06,1.360530492596954e-06,0.001650116129690041,6.807207718662149e-07,0.000524222497336746,rope,rope,True
guinea_worm_eradication,institutional,-0.00507,0.07345477780639076,0.09159882401450178,0.40439662617386385,0.04074505464236658,0.1562536039484464,rope,rope,True
guinea_worm_eradication,analytical,0.164392,0.0014111483787350443,0.001348847904382779,0.05252418643254166,0.0006896579007866601,0.0161625049880596,rope,rope,True
hagia_sophia_status,powerless,0.3016,4.913419709859274,0.9976192148909532,1.8013504719600217,0.7578382078243593,0.6245286172438945,snare,tangled_rope,False
hagia_sophia_status,moderate,0.260901,6.573812626393907,1.0519003324827092,1.8221301447171692,0.7741909541450068,0.6246524510041461,snare,tangled_rope,False
hagia_sophia_status,institutional,-0.024506,14.439798659048506,14.309590779546705,2.6658783839732627,1.5287587281306951,0.8519526812206717,snare,rope,False
hagia_sophia_status,analytical,0.79456,1.0252842239420819,0.6963920748577435,1.2882920739168253,0.4007742464903634,0.5543674708071646,snare,tangled_rope,False
halting_problem_undecidability,powerless,0.09084,2.026910696919324e-07,1.956927695787584e-07,0.0006311032707324072,9.957283415132512e-08,3.785681464751889e-06,mountain,mountain,True
halting_problem_undecidability,moderate,0.079998,2.3093065865718957e-14,2.28962918494325e-14,2.1490760299348777e-07,1.1497776216529816e-14,1.3206830073997367e-09,mountain,mountain,True
halting_problem_undecidability,institutional,-0.00955,0.05225489703994835,0.31934472327361857,0.44423409457143415,0.04913347937360198,0.05117249372040522,mountain,mountain,True
halting_problem_undecidability,analytical,0.110402,3.2579465519273214e-07,3.400217551338218e-07,0.0008158358283145231,1.6639702256925781e-07,5.184531822386724e-06,mountain,mountain,True
hamiltonian_path_complexity,powerless,0.13626,3.4346537563711765e-05,4.5223191572931926e-05,0.008857106121077471,1.96120501570497e-05,9.590132227277337e-05,mountain,mountain,True
hamiltonian_path_complexity,moderate,0.119997,5.20001217344988e-13,5.201083342946381e-13,1.0198318143051182e-06,2.6001892869159244e-13,8.784403426886911e-09,mountain,mountain,True
hamiltonian_path_complexity,institutional,-0.014325,0.1284401449351297,0.7827068540665388,0.6936118460530667,0.11907367763998677,0.12101574044094598,mountain,mountain,True
hamiltonian_path_complexity,analytical,0.165603,0.0016492319606454511,0.004548428894057699,0.07145182586297744,0.0012762051067322904,0.0018905568153703145,mountain,mountain,True
hanlons_razor,powerless,0.56518,0.04421875747633546,0.04683023926917067,0.301647858175195,0.022704768184582856,0.1445364428073025,tangled_rope,tangled_rope,True
hanlons_razor,moderate,0.338,1.5827755050493146,0.3466436565988824,1.0967970446586803,0.2932789992402392,0.2921218738877255,tangled_rope,tangled_rope,True
hanlons_razor,institutional,-0.021971,7.603840595161866,11.77257670051977,2.5349928307613805,1.4026577645899743,0.8723447249451269,tangled_rope,rope,False
hanlons_razor,analytical,0.712364,0.0008442050409779833,0.0008335699099327685,0.04089195602713298,0.000418023454152575,0.018305166171026566,tangled_rope,tangled_rope,True
happiness_of_others,powerless,0.3016,4.60890240321557,0.8879982389886178,1.7135298390698241,0.6902285371217315,0.5804703032362672,snare,tangled_rope,False
happiness_of_others,moderate,0.641765,0.00015636221439389666,0.00015727051780184566,0.017706807349165528,7.838224463876557e-05,0.00854642793593241,snare,snare,True
happiness_of_others,institutional,-0.042575,13.63069580657578,14.902574387058683,2.716801220826705,1.5783952318684105,0.8937879660849052,snare,rope,False
happiness_of_others,analytical,0.79456,0.985921946818423,0.6263520922588168,1.2412584679999572,0.37297462302636963,0.5212606973425843,snare,tangled_rope,False
harlequin_historical_line_discontinuation,powerless,0.3016,6.149469403100578,5.31146069037892,2.708605647613907,1.5703873860377864,0.9565174749061072,snare,tangled_rope,False
harlequin_historical_line_discontinuation,moderate,0.641765,2.5872679883134982e-05,2.4959584256067865e-05,0.007115616468846143,1.2657986081075852e-05,0.001396235854215333,snare,snare,True
harlequin_historical_line_discontinuation,institutional,-0.024506,22.168495925517785,14.154911567213443,3.1262419142439986,1.9846494113757622,0.9656668805076893,snare,rope,False
harlequin_historical_line_discontinuation,analytical,0.79456,0.5019256318109805,0.8836535686906913,1.1391096235354568,0.31571774087413595,0.4487147842460547,snare,snare,True
harry_potter_liberalism,powerless,0.56518,0.00019489413260625538,0.00023493178984259445,0.020632727480481557,0.00010642641692577795,0.0006624511441667424,tangled_rope,tangled_rope,True
harry_potter_liberalism,moderate,0.575376,0.00026134267951070386,0.00032308000709228526,0.024022411049459205,0.00014426732370233507,0.0007930443703932921,tangled_rope,tangled_rope,True
harry_potter_liberalism,institutional,-0.021971,3.7121516804073105,11.357015735862644,2.8209494937991852,1.6807286583652674,0.9751526731795039,tangled_rope,rope,False
harry_potter_liberalism,analytical,0.712364,0.00016026051422275025,0.00019647611489420597,0.01743221805888062,7.597007565380365e-05,0.00015370154386984216,tangled_rope,tangled_rope,True
hasbro_licensing_restriction,powerless,0.56518,0.013208840509082108,0.015749299752220173,0.1696753263178879,0.007193113210367848,0.04596060616998633,tangled_rope,tangled_rope,True
hasbro_licensing_restriction,moderate,0.575376,0.017564415003294722,0.021416896843779155,0.19670585295966736,0.009665502936283488,0.054370588998981506,tangled_rope,tangled_rope,True
hasbro_licensing_restriction,institutional,-0.021971,4.08966993328967,11.659625576398586,2.7329746309504666,1.5942188173943597,0.9290173146564774,tangled_rope,rope,False
hasbro_licensing_restriction,analytical,0.712364,0.0002477840913967535,0.00021651623183862264,0.02113197166221572,0.00011163901796225952,0.004773523881164143,tangled_rope,tangled_rope,True
hawthorne_effect,powerless,0.413016,0.0015549073336314282,0.0010734023896395058,0.050610039945049784,0.0006403098664987491,0.0023303005290457018,tangled_rope,tangled_rope,True
hawthorne_effect,moderate,0.420467,0.0021963791629358016,0.0013947809073310532,0.05877633664409683,0.0008636022794257192,0.0025866870515322106,tangled_rope,tangled_rope,True
hawthorne_effect,institutional,-0.016056,4.569665140489697,5.55691184402507,2.824024560430504,1.6837646665224055,0.9865295223234066,tangled_rope,rope,False
hawthorne_effect,analytical,0.520574,0.014149527356071103,0.003384273863894288,0.10858545440607066,0.0029469762202323107,0.0034288697728726268,tangled_rope,tangled_rope,True
hd101584_stellar_evolution,powerless,0.09084,2.5502136669810094e-07,2.4621542780288636e-07,0.000707898567893733,1.252800942856084e-07,4.762730103302637e-06,mountain,mountain,True
hd101584_stellar_evolution,moderate,0.079998,2.9021800587739735e-14,2.8837512224529756e-14,2.4211521162497896e-07,1.4465518576616884e-14,1.6615144815546046e-09,mountain,mountain,True
hd101584_stellar_evolution,institutional,-0.00955,0.06530817894203941,0.39612815999951073,0.4960344611027112,0.06119787635430219,0.06354276510022416,mountain,mountain,True
hd101584_stellar_evolution,analytical,0.110402,4.0984538724431726e-07,4.277421260830949e-07,0.0009150411551939853,2.0932507545079904e-07,6.521976276312912e-06,mountain,mountain,True
hegemonic_entropy_2026,powerless,0.3016,4.413908845791949,0.8255080916063559,1.659559381034524,0.6499233660587159,0.5530908692733635,snare,tangled_rope,False
hegemonic_entropy_2026,moderate,0.641765,0.0001569234028775753,0.00015754901293651242,0.017731204993919992,7.859839281958138e-05,0.008680895690289958,snare,snare,True
hegemonic_entropy_2026,institutional,0.063872,12.384722353918509,8.567270123962045,2.1858762666614173,1.0802433073928275,0.5531899282926994,snare,rope,False
hegemonic_entropy_2026,analytical,0.79456,0.9580127632404387,0.587002954084751,1.2114102974402874,0.35579833734562744,0.49978080687073356,snare,tangled_rope,False
heine_borel_theorem,powerless,0.09084,2.026910696919324e-07,1.956927695787584e-07,0.0006311032707324072,9.957283415132512e-08,3.785681464751889e-06,mountain,mountain,True
heine_borel_theorem,moderate,0.079998,2.3093065865718957e-14,2.28962918494325e-14,2.1490760299348777e-07,1.1497776216529816e-14,1.3206830073997367e-09,mountain,mountain,True
heine_borel_theorem,institutional,-0.00955,0.05225489703994835,0.31934472327361857,0.44423409457143415,0.04913347937360198,0.05117249372040522,mountain,mountain,True
heine_borel_theorem,analytical,0.110402,3.2579465519273214e-07,3.400217551338218e-07,0.0008158358283145231,1.6639702256925781e-07,5.184531822386724e-06,mountain,mountain,True
heisenberg_uncertainty,powerless,0.09084,2.026910696919324e-07,1.956927695787584e-07,0.0006311032707324072,9.957283415132512e-08,3.785681464751889e-06,mountain,mountain,True
heisenberg_uncertainty,moderate,0.079998,2.3093065865718957e-14,2.28962918494325e-14,2.1490760299348777e-07,1.1497776216529816e-14,1.3206830073997367e-09,mountain,mountain,True
heisenberg_uncertainty,institutional,-0.00955,0.05225489703994835,0.31934472327361857,0.44423409457143415,0.04913347937360198,0.05117249372040522,mountain,mountain,True
heisenberg_uncertainty,analytical,0.110402,3.2579465519273214e-07,3.400217551338218e-07,0.0008158358283145231,1.6639702256925781e-07,5.184531822386724e-06,mountain,mountain,True
help_to_buy_uk,powerless,0.3016,3.981531879210117,0.7072863270745438,1.5443491781187355,0.5672096694210625,0.49403440078592836,tangled_rope,tangled_rope,True
help_to_buy_uk,moderate,0.493099,0.20101978113173155,0.17525799962683256,0.612255657106338,0.09298466644615905,0.2862628058047054,tangled_rope,tangled_rope,True
help_to_buy_uk,institutional,-0.024506,11.800671783749909,14.391771685985526,2.6645534159383755,1.5274711679309507,0.8896636410748406,tangled_rope,rope,False
help_to_buy_uk,analytical,0.79456,0.8900765950232121,0.5112345572560263,1.1455155306340752,0.31918080587850584,0.4515758483706998,tangled_rope,tangled_rope,True
helsinki_bus_theory,powerless,0.56518,0.04421875747633546,0.04683023926917067,0.301647858175195,0.022704768184582856,0.1445364428073025,tangled_rope,tangled_rope,True
helsinki_bus_theory,moderate,0.575376,0.057707594538411414,0.061295890922908415,0.34484686482406945,0.029656257715577946,0.16601679065891467,tangled_rope,tangled_rope,True
helsinki_bus_theory,institutional,-0.021971,7.603840595161866,11.77257670051977,2.5349928307613805,1.4026577645899743,0.8723447249451269,tangled_rope,rope,False
helsinki_bus_theory,analytical,0.712364,0.0008442050409779833,0.0008335699099327685,0.04089195602713298,0.000418023454152575,0.018305166171026566,tangled_rope,tangled_rope,True
hershey_salt_strategy,powerless,0.3016,6.149469403100578,5.31146069037892,2.708605647613907,1.5703873860377864,0.9565174749061072,snare,tangled_rope,False
hershey_salt_strategy,moderate,0.641765,2.5872679883134982e-05,2.4959584256067865e-05,0.007115616468846143,1.2657986081075852e-05,0.001396235854215333,snare,snare,True
hershey_salt_strategy,institutional,-0.042575,22.182289085304873,14.14302079543331,3.1282869553645622,1.9866943999271425,0.9578920435401901,snare,rope,False
hershey_salt_strategy,analytical,0.79456,0.5019256318109805,0.8836535686906913,1.1391096235354568,0.31571774087413595,0.4487147842460547,snare,snare,True
heuristic_optimization,powerless,0.413016,0.0014018124872959433,0.0009676052264889008,0.04805247203803454,0.0005772322486817649,0.002100712199553989,tangled_rope,tangled_rope,True
heuristic_optimization,moderate,0.420467,0.0019800740022140675,0.0012572624718624958,0.055805177411820145,0.0007785039455485189,0.0023316486838093065,tangled_rope,tangled_rope,True
heuristic_optimization,institutional,0.041847,3.3722289308535056,5.435114817281531,2.6632518358469484,1.5262065372864815,0.963640295308974,tangled_rope,rope,False
heuristic_optimization,analytical,0.520574,0.012750054022197997,0.0030449816352485413,0.10304488139144137,0.0026539747222977237,0.0030895978423567433,tangled_rope,tangled_rope,True
hhs_fetal_tissue_research_ban_2019,powerless,0.3224,3.9584413615880796,4.82651603659687,2.6586593202953024,1.5217460014700614,0.9699206321860975,snare,tangled_rope,False
hhs_fetal_tissue_research_ban_2019,moderate,0.686025,0.0019876365459155416,0.002339909069773237,0.06561967395559411,0.0010763888375730428,0.008528529440946397,snare,snare,True
hhs_fetal_tissue_research_ban_2019,institutional,-0.04976,22.73573216531096,17.9419281670891,3.131769234898503,1.9901766208068092,0.9980942905839459,snare,rope,False
hhs_fetal_tissue_research_ban_2019,analytical,0.849357,1.3157452706777717,2.7114866046051938,1.8726487489469201,0.8144953691279253,0.7403746063471585,snare,tangled_rope,False
hicbc_uk,powerless,0.413016,0.0004418879689082912,0.0004051125347102504,0.028659457175460305,0.00020533760767382518,0.0004939724787695547,tangled_rope,tangled_rope,True
hicbc_uk,moderate,0.420467,0.0006496337009325703,0.0006146405147666298,0.034744261403298955,0.00030178333537766414,0.0005482098883366742,tangled_rope,tangled_rope,True
hicbc_uk,institutional,-0.016056,3.0843761863446226,6.7083219275043735,2.658024502550222,1.5211296249691344,0.9537891174877331,tangled_rope,rope,False
hicbc_uk,analytical,0.520574,0.008653628320807044,0.021791474211881788,0.14747894169578105,0.005435046131609686,0.005942362107097742,tangled_rope,tangled_rope,True
hilberts_hotel,powerless,0.09084,2.026910696919324e-07,1.956927695787584e-07,0.0006311032707324072,9.957283415132512e-08,3.785681464751889e-06,mountain,mountain,True
hilberts_hotel,moderate,0.079998,2.3093065865718957e-14,2.28962918494325e-14,2.1490760299348777e-07,1.1497776216529816e-14,1.3206830073997367e-09,mountain,mountain,True
hilberts_hotel,institutional,-0.00955,0.05225489703994835,0.31934472327361857,0.44423409457143415,0.04913347937360198,0.05117249372040522,mountain,mountain,True
hilberts_hotel,analytical,0.110402,3.2579465519273214e-07,3.400217551338218e-07,0.0008158358283145231,1.6639702256925781e-07,5.184531822386724e-06,mountain,mountain,True
hilberts_hotel_infinity,powerless,0.09084,2.026910696919324e-07,1.956927695787584e-07,0.0006311032707324072,9.957283415132512e-08,3.785681464751889e-06,mountain,mountain,True
hilberts_hotel_infinity,moderate,0.079998,2.3093065865718957e-14,2.28962918494325e-14,2.1490760299348777e-07,1.1497776216529816e-14,1.3206830073997367e-09,mountain,mountain,True
hilberts_hotel_infinity,institutional,-0.00955,0.05225489703994835,0.31934472327361857,0.44423409457143415,0.04913347937360198,0.05117249372040522,mountain,mountain,True
hilberts_hotel_infinity,analytical,0.110402,3.2579465519273214e-07,3.400217551338218e-07,0.0008158358283145231,1.6639702256925781e-07,5.184531822386724e-06,mountain,mountain,True
hiv_prep_prevention_2026,powerless,0.413016,0.0004418879689082912,0.0004051125347102504,0.028659457175460305,0.00020533760767382518,0.0004939724787695547,tangled_rope,tangled_rope,True
hiv_prep_prevention_2026,moderate,0.420467,0.0006496337009325703,0.0006146405147666298,0.034744261403298955,0.00030178333537766414,0.0005482098883366742,tangled_rope,tangled_rope,True
hiv_prep_prevention_2026,institutional,-0.005523,2.899011148142166,6.614100244252432,2.615522995039566,1.4799756157846002,0.9445322664076827,tangled_rope,rope,False
hiv_prep_prevention_2026,analytical,0.520574,0.008653628320807044,0.021791474211881788,0.14747894169578105,0.005435046131609686,0.005942362107097742,tangled_rope,tangled_rope,True
hk_nsl_civic_party_disbandment,powerless,0.4056,0.012637415794804895,0.006182099830573391,0.1251781417765123,0.003916113131759746,0.007091191915784667,tangled_rope,tangled_rope,True
hk_nsl_civic_party_disbandment,moderate,0.863064,0.01802707140743679,0.016687198578178394,0.17693546109402647,0.0078214361198069,0.014191216685039983,tangled_rope,tangled_rope,True
hk_nsl_civic_party_disbandment,institutional,-0.032957,2.062748134519203,19.52013675904553,2.3910186148202426,1.2669208245584755,0.8645659398885264,tangled_rope,rope,False
hk_nsl_civic_party_disbandment,analytical,1.068546,1.310143812324737,3.375188740530041,1.9040874878765741,0.8399610743971238,0.7173752155977681,tangled_rope,piton,False
hoa_covenants,powerless,0.2704,3.705115663738418,0.5410761358850688,1.3542046046206728,0.44121699241478246,0.3929679953716248,tangled_rope,tangled_rope,True
hoa_covenants,moderate,0.575376,0.06317230823630575,0.06374168518735344,0.35624290991837576,0.03164345650068084,0.1770532470677994,tangled_rope,snare,False
hoa_covenants,institutional,-0.021971,9.538294283685563,11.742655729203673,2.5310511590249654,1.3988971686600122,0.8515052948782101,tangled_rope,rope,False
hoa_covenants,analytical,0.712364,0.001044504832886698,0.00109955233030059,0.04610672060538768,0.0005314338844134175,0.021320774403396858,tangled_rope,tangled_rope,True
hominin_evolutionary_bottleneck,powerless,0.413016,0.004666704306088769,0.007255099944018885,0.10708806474058452,0.0028662785113296807,0.008340038439182778,tangled_rope,tangled_rope,True
hominin_evolutionary_bottleneck,moderate,0.420467,0.0076132841530480565,0.012937406599952335,0.13943265824012355,0.0048583982679723985,0.011977529076035876,tangled_rope,tangled_rope,True
hominin_evolutionary_bottleneck,institutional,0.015636,1.6945193895718096,6.167865166879147,2.2065864588651403,1.098682566564837,0.8089513450882504,tangled_rope,rope,False
hominin_evolutionary_bottleneck,analytical,0.520574,0.20739834573082835,0.67545424248411,0.819504450826947,0.16556088015006334,0.19584869583691794,tangled_rope,tangled_rope,True
horizon_liability_contract,powerless,0.3536,1.0732593868890372,0.23776752812667948,0.9092875356323411,0.20316495640053733,0.21071486625554253,tangled_rope,tangled_rope,True
horizon_liability_contract,moderate,0.752415,0.13030682452901768,0.09086822117509925,0.4645369217686986,0.05370653569361539,0.1522758849145977,tangled_rope,tangled_rope,True
horizon_liability_contract,institutional,-0.028731,5.848567358840117,17.24877651821353,2.4408428641364206,1.3135001015456507,0.8422673194714158,tangled_rope,rope,False
horizon_liability_contract,analytical,0.931553,1.7613955940251667,0.23982399458200854,0.947241358864501,0.2201546164020487,0.21123741953756375,tangled_rope,tangled_rope,True
hu_2026_electoral_parity,powerless,0.413016,0.0005707536560602569,0.000405224523113563,0.030830868426504805,0.00023763090612999925,0.0008353134833366966,tangled_rope,tangled_rope,True
hu_2026_electoral_parity,moderate,0.358504,0.0004048585879743448,0.0005106694592878574,0.030099857458789233,0.00022649607959114536,0.0012787366112010736,tangled_rope,tangled_rope,True
hu_2026_electoral_parity,institutional,-0.016056,3.585220075186527,6.386983159893552,2.738972115263682,1.6000933781918905,0.9714060164741113,tangled_rope,rope,False
hu_2026_electoral_parity,analytical,0.520574,0.0057244265473393235,0.0036558951493693252,0.08030796819576845,0.0016121258132306246,0.0012282283021063322,tangled_rope,tangled_rope,True
huang_expectation_resilience_2026,powerless,0.2704,6.080976985205662,12.592808732377641,3.0324221922537857,1.8908837436822086,0.997166942988654,snare,rope,False
huang_expectation_resilience_2026,moderate,0.575376,0.00011784861030646234,9.145498130502654e-05,0.01436576953284564,5.159361174099839e-05,0.00028720041515106765,snare,snare,True
huang_expectation_resilience_2026,institutional,-0.007558,23.01343176670408,13.16693493916122,3.138387489284937,1.996794837067098,0.9998700863110631,snare,rope,False
huang_expectation_resilience_2026,analytical,0.712364,3.727247906054399e-05,4.4647920057760726e-05,0.008326295945917104,1.7331776012032086e-05,8.191426601555918e-05,snare,snare,True
hub_short_form_tv_market_fragmentation,powerless,0.56518,0.00022463015069293932,0.00021002032985438794,0.020589729412996388,0.00010598330327329408,0.0004223723461910687,tangled_rope,tangled_rope,True
hub_short_form_tv_market_fragmentation,moderate,0.575376,0.00030505167554817223,0.00028039637034866897,0.023772838813817563,0.00014128530282409927,0.0005043536266838333,tangled_rope,tangled_rope,True
hub_short_form_tv_market_fragmentation,institutional,-0.03817,6.649713331168427,8.823844651172601,3.0451280128517006,1.9035727567726468,0.9980663972906176,tangled_rope,rope,False
hub_short_form_tv_market_fragmentation,analytical,0.712364,0.0008127662936067277,0.00015075631487750554,0.023268701510023727,0.00013535659067910564,0.00019602719505806832,tangled_rope,tangled_rope,True
hydra_game,powerless,0.13626,2.730279028570617e-05,3.5949374266308514e-05,0.007896875560758833,1.5590140650892342e-05,7.623432689174425e-05,mountain,mountain,True
hydra_game,moderate,0.119997,4.132238557376591e-13,4.13497107665991e-13,9.088486839519166e-07,2.066924304130193e-13,6.982801670218919e-09,mountain,mountain,True
hydra_game,institutional,-0.014325,0.10340849699810349,0.6392197195539203,0.6237856691241498,0.09649112264130194,0.09863579103813724,mountain,mountain,True
hydra_game,analytical,0.165603,0.0013112644818884492,0.0036172414796492025,0.06371445995193167,0.0010147972723359908,0.0015034062402410342,mountain,mountain,True
hypercompression_of_time_horizons,powerless,0.3016,4.553004315649656,0.8685549419369445,1.6978351020385958,0.678408036429523,0.5725781246656964,snare,tangled_rope,False
hypercompression_of_time_horizons,moderate,0.641765,0.00015307661331721124,0.00015317378234686122,0.017498805592115422,7.655156093745314e-05,0.008585031042155411,snare,snare,True
hypercompression_of_time_horizons,institutional,0.063872,12.807741304610373,8.354298063433498,2.189347742441147,1.083327299119746,0.5726853688230794,snare,rope,False
hypercompression_of_time_horizons,analytical,0.79456,0.977698119148956,0.613718644442507,1.232258069100065,0.36775695928929264,0.5151062561416241,snare,tangled_rope,False
ibm_shield_contract_2026,powerless,0.3016,4.401900459700516,0.8232293469561432,1.6563791781976476,0.6475787752837242,0.5513983557578446,snare,tangled_rope,False
ibm_shield_contract_2026,moderate,0.641765,0.00015292057016963443,0.000152693958749983,0.01748133169568183,7.639875306103292e-05,0.008680812221841416,snare,snare,True
ibm_shield_contract_2026,institutional,0.169004,9.91639759907868,1.9720131878342668,1.757646595773986,0.7238847341037977,0.5514967150605995,snare,tangled_rope,False
ibm_shield_contract_2026,analytical,0.79456,0.9556340946088397,0.5833608235832104,1.2089498870220754,0.3543987670759751,0.4983995499442636,snare,tangled_rope,False
ice_memory_archive,powerless,0.413016,0.0006303252391491641,0.0004459116870587332,0.03237698913937499,0.00026206163320823813,0.0009247368667511148,tangled_rope,tangled_rope,True
ice_memory_archive,moderate,0.420467,0.0008930776339286329,0.0005891015849198266,0.03774441205065863,0.0003561495895499789,0.0010263201643221343,tangled_rope,tangled_rope,True
ice_memory_archive,institutional,-0.016056,3.6850207127421326,6.31424714307464,2.751819470302919,1.6126894505746259,0.9739081311401763,tangled_rope,rope,False
ice_memory_archive,analytical,0.520574,0.006245193133827538,0.0036911993879696937,0.0825712598059088,0.001704261139298924,0.0013597729092840376,tangled_rope,tangled_rope,True
ice_safe_departure,powerless,0.56518,0.04829203007749851,0.0492459233807494,0.31229717810588387,0.024332880398419243,0.1548382227248548,tangled_rope,snare,False
ice_safe_departure,moderate,0.575376,0.06268179334849551,0.06376316682470232,0.3555769454479713,0.03152556933235385,0.17639902736736968,tangled_rope,snare,False
ice_safe_departure,institutional,-0.021971,9.211305010249216,11.738069373391989,2.5284721464247064,1.3964378955701757,0.852246854333815,tangled_rope,rope,False
ice_safe_departure,analytical,0.712364,0.0009585819283254864,0.0009528670010176377,0.04366779169313024,0.0004767000697220546,0.0209141862334305,tangled_rope,tangled_rope,True
identity_stack_incompatibility,powerless,0.2704,2.7876738233464087,0.3970092214473974,1.1473930993360764,0.3201990980563005,0.29268257175318757,tangled_rope,tangled_rope,True
identity_stack_incompatibility,moderate,0.575376,0.057707594538411414,0.061295890922908415,0.34484686482406945,0.029656257715577946,0.16601679065891467,tangled_rope,tangled_rope,True
identity_stack_incompatibility,institutional,0.20924,4.129198358845125,0.6844175074757562,1.198354962959116,0.3484004708716016,0.2926918821781516,tangled_rope,tangled_rope,True
identity_stack_incompatibility,analytical,0.712364,0.0008442050409779833,0.0008335699099327685,0.04089195602713298,0.000418023454152575,0.018305166171026566,tangled_rope,tangled_rope,True
idf_knock_on_roof_policy,powerless,0.630393,0.000846731324507533,0.0008417949697589987,0.041090477565246405,0.0004220919889956138,0.019677216457403446,snare,snare,True
idf_knock_on_roof_policy,moderate,0.641765,0.00016426996337572764,0.00016785656282097117,0.018216179516110462,8.295672554950964e-05,0.008234130903001735,snare,snare,True
idf_knock_on_roof_policy,institutional,-0.008431,14.3478752877149,13.583821096235797,2.6025615041582273,1.4674709391598948,0.8110577884407794,snare,rope,False
idf_knock_on_roof_policy,analytical,0.79456,1.0252842239420819,0.6963920748577435,1.2882920739168253,0.4007742464903634,0.5543674708071646,snare,tangled_rope,False
incentive_surface_warping,powerless,0.56518,0.00019489413260625538,0.00023493178984259445,0.020632727480481557,0.00010642641692577795,0.0006624511441667424,tangled_rope,tangled_rope,True
incentive_surface_warping,moderate,0.575376,0.00026134267951070386,0.00032308000709228526,0.024022411049459205,0.00014426732370233507,0.0007930443703932921,tangled_rope,tangled_rope,True
incentive_surface_warping,institutional,-0.030475,3.861008451023143,11.409871744260448,2.843730825445458,1.70323806794012,0.9785365206638355,tangled_rope,rope,False
incentive_surface_warping,analytical,0.712364,0.00016026051422275025,0.00019647611489420597,0.01743221805888062,7.597007565380365e-05,0.00015370154386984216,tangled_rope,tangled_rope,True
incumbent_steel_production,powerless,0.3016,2.4314588090155884,0.40097990905564584,1.143988582708184,0.31835376371286245,0.2940819549636708,tangled_rope,tangled_rope,True
incumbent_steel_production,moderate,0.641765,0.0001293232520092051,0.00012974058866065924,0.016093575840562063,6.475044644603796e-05,0.0073525632212825265,tangled_rope,tangled_rope,True
incumbent_steel_production,institutional,-0.024506,8.191518715328883,14.286488457519429,2.737569278465984,1.5987189695725423,0.911855134898928,tangled_rope,rope,False
incumbent_steel_production,analytical,0.79456,0.5786828790715073,0.2719043947757168,0.8724395691540549,0.1872893242713274,0.2754683245445602,tangled_rope,tangled_rope,True
independent_criticism_patronage,powerless,0.413016,0.0014018124872959433,0.0009676052264889008,0.04805247203803454,0.0005772322486817649,0.002100712199553989,tangled_rope,tangled_rope,True
independent_criticism_patronage,moderate,0.420467,0.0019800740022140675,0.0012572624718624958,0.055805177411820145,0.0007785039455485189,0.0023316486838093065,tangled_rope,tangled_rope,True
independent_criticism_patronage,institutional,0.110727,1.9812249949160508,4.603919638100282,2.2797204384195213,1.164556981227102,0.8626429518335721,tangled_rope,rope,False
independent_criticism_patronage,analytical,0.520574,0.012750054022197997,0.0030449816352485413,0.10304488139144137,0.0026539747222977237,0.0030895978423567433,tangled_rope,tangled_rope,True
indexical_relativity_core,powerless,0.09084,1.3468414487096588e-06,1.300286930222996e-06,0.0016268102795383656,6.616278847186579e-07,2.513172465057334e-05,mountain,mountain,True
indexical_relativity_core,moderate,0.079998,1.5285891536206874e-13,1.5256865782383174e-13,5.527507362065157e-07,7.63483627406917e-14,8.765720815873124e-09,mountain,mountain,True
indexical_relativity_core,institutional,-0.00955,0.30441971905114545,1.611121073605155,1.047472365275063,0.26808661582108406,0.26372930977201436,mountain,mountain,True
indexical_relativity_core,analytical,0.110402,2.1603945683061705e-06,2.2546654458851707e-06,0.002100844510651439,1.1033868130839613e-06,3.43724292978687e-05,mountain,mountain,True
india_france_horizon_2047,powerless,0.56518,0.015453923128445811,0.018314252182971523,0.18326333905022632,0.008390489594868879,0.05360091648731735,tangled_rope,tangled_rope,True
india_france_horizon_2047,moderate,0.575376,0.02052836551696137,0.02485139360073404,0.2122940946668015,0.011256620488542927,0.06330231565286426,tangled_rope,tangled_rope,True
india_france_horizon_2047,institutional,0.151521,1.5756273770198506,2.4164433943472705,1.1025870904403003,0.29630462113144646,0.22123313468768055,tangled_rope,tangled_rope,True
india_france_horizon_2047,analytical,0.712364,0.0003074409221034869,0.0003174078997256177,0.024673270679755138,0.0001521906413039751,0.005623033616383874,tangled_rope,tangled_rope,True
india_nuclear_liability_act_2010,powerless,0.56518,0.04829203007749851,0.0492459233807494,0.31229717810588387,0.024332880398419243,0.1548382227248548,tangled_rope,snare,False
india_nuclear_liability_act_2010,moderate,0.575376,0.06268179334849551,0.06376316682470232,0.3555769454479713,0.03152556933235385,0.17639902736736968,tangled_rope,snare,False
india_nuclear_liability_act_2010,institutional,-0.021971,9.211305010249216,11.738069373391989,2.5284721464247064,1.3964378955701757,0.852246854333815,tangled_rope,rope,False
india_nuclear_liability_act_2010,analytical,0.712364,0.0009585819283254864,0.0009528670010176377,0.04366779169313024,0.0004767000697220546,0.0209141862334305,tangled_rope,tangled_rope,True
india_semi_mission,powerless,0.413016,0.0008686977369306282,0.0006009558491094513,0.03784222188764347,0.0003579977586392034,0.0012982522485912914,tangled_rope,tangled_rope,True
india_semi_mission,moderate,0.420467,0.0012273701930039262,0.0007822060395980413,0.043963776969408855,0.00048318396453841196,0.0014409257488766296,tangled_rope,tangled_rope,True
india_semi_mission,institutional,-0.016056,4.009396839026887,6.054113228003532,2.7865767423331578,1.6468455241715123,0.9803193675779531,tangled_rope,rope,False
india_semi_mission,analytical,0.520574,0.007974144522264066,0.002229874494857442,0.08293499370473242,0.0017193069040295082,0.0019093528442778473,tangled_rope,tangled_rope,True
indian_ai_licensing_regime,powerless,0.3016,4.553004315649656,0.8685549419369445,1.6978351020385958,0.678408036429523,0.5725781246656964,snare,tangled_rope,False
indian_ai_licensing_regime,moderate,0.641765,0.00015307661331721124,0.00015317378234686122,0.017498805592115422,7.655156093745314e-05,0.008585031042155411,snare,snare,True
indian_ai_licensing_regime,institutional,-0.024506,13.329546974072345,14.213703019261628,2.6382599983441137,1.501963718873946,0.8543300919553047,snare,rope,False
indian_ai_licensing_regime,analytical,0.79456,0.977698119148956,0.613718644442507,1.232258069100065,0.36775695928929264,0.5151062561416241,snare,tangled_rope,False
indian_import_tariffs_eu,powerless,0.496034,0.18899031105315764,0.17599650936972325,0.6037908138770164,0.09045071528812836,0.2929422948911044,snare,tangled_rope,False
indian_import_tariffs_eu,moderate,0.641765,0.00015185079539423992,0.00015153474309026715,0.01741733932311622,7.58404479548801e-05,0.008622443073721064,snare,snare,True
indian_import_tariffs_eu,institutional,-0.024506,13.350957086787304,14.597803227046715,2.7346517314615566,1.5958611790586013,0.8685857301558844,snare,rope,False
indian_import_tariffs_eu,analytical,0.79456,0.969506465585993,0.6018923508863953,1.2234604488959304,0.3626887956502722,0.5089088812727118,snare,tangled_rope,False
individual_revolution_autonomy,powerless,0.597787,0.017242059326019202,0.017373785591376045,0.18605205594216825,0.008647602931739546,0.0927169450698897,tangled_rope,snare,False
individual_revolution_autonomy,moderate,0.608571,0.01938428312298641,0.019526923122493555,0.1972578260349278,0.009719779421401249,0.09831489532858662,tangled_rope,snare,False
individual_revolution_autonomy,institutional,0.022631,9.904565212532663,11.211038961642712,2.392215469614367,1.2680345123957133,0.7682604747962232,tangled_rope,rope,False
individual_revolution_autonomy,analytical,0.753462,0.24033773391202984,0.19162001117253874,0.6535119092007751,0.1058228520203182,0.28402000851936016,tangled_rope,tangled_rope,True
individual_vs_systemic_causation,powerless,0.56518,0.0456667624388137,0.04785055154886819,0.30574110281388517,0.023323930165248648,0.1484564411031184,tangled_rope,tangled_rope,True
individual_vs_systemic_causation,moderate,0.575376,0.05950481555521146,0.06243657547964706,0.3491209566929233,0.030394063830766115,0.1701183320542472,tangled_rope,tangled_rope,True
individual_vs_systemic_causation,institutional,-0.021971,8.130805884920767,11.881868446395423,2.5718651113579454,1.4379465698984746,0.8851096712420413,tangled_rope,rope,False
individual_vs_systemic_causation,analytical,0.712364,0.0011888913737262425,0.0014389410964694416,0.05061605084805256,0.0006404619653165224,0.019281650972716224,tangled_rope,tangled_rope,True
indo_german_defense_pact,powerless,0.56518,0.015453923128445811,0.018314252182971523,0.18326333905022632,0.008390489594868879,0.05360091648731735,tangled_rope,tangled_rope,True
indo_german_defense_pact,moderate,0.575376,0.02052836551696137,0.02485139360073404,0.2122940946668015,0.011256620488542927,0.06330231565286426,tangled_rope,tangled_rope,True
indo_german_defense_pact,institutional,0.082363,2.1796184145328303,7.047196203619055,1.8062177442376994,0.7616565899004409,0.589261791264447,tangled_rope,rope,False
indo_german_defense_pact,analytical,0.712364,0.0003074409221034869,0.0003174078997256177,0.024673270679755138,0.0001521906413039751,0.005623033616383874,tangled_rope,tangled_rope,True
indo_russian_submarine_lease_2025,powerless,0.56518,0.04829203007749851,0.0492459233807494,0.31229717810588387,0.024332880398419243,0.1548382227248548,tangled_rope,snare,False
indo_russian_submarine_lease_2025,moderate,0.575376,0.06268179334849551,0.06376316682470232,0.3555769454479713,0.03152556933235385,0.17639902736736968,tangled_rope,snare,False
indo_russian_submarine_lease_2025,institutional,-0.021971,9.211305010249216,11.738069373391989,2.5284721464247064,1.3964378955701757,0.852246854333815,tangled_rope,rope,False
indo_russian_submarine_lease_2025,analytical,0.712364,0.0009585819283254864,0.0009528670010176377,0.04366779169313024,0.0004767000697220546,0.0209141862334305,tangled_rope,tangled_rope,True
indonesia_penal_code_2023,powerless,0.3016,4.866100294040117,0.9774423367537308,1.7872237287327157,0.7467975011837821,0.6175892774107397,snare,tangled_rope,False
indonesia_penal_code_2023,moderate,0.641765,0.0001525363479530036,0.00015351227808458668,0.01749107208157086,7.648391315304028e-05,0.008277779153339493,snare,snare,True
indonesia_penal_code_2023,institutional,-0.024506,14.256628436200211,14.142066532616486,2.639840037209176,1.5034941399120751,0.8386016405799808,snare,rope,False
indonesia_penal_code_2023,analytical,0.79456,1.017995896170704,0.6811414001011024,1.2794223714493755,0.39546359400473957,0.5491700697648784,snare,tangled_rope,False
information_foraging_theory,powerless,0.413016,0.0014018124872959433,0.0009676052264889008,0.04805247203803454,0.0005772322486817649,0.002100712199553989,tangled_rope,tangled_rope,True
information_foraging_theory,moderate,0.420467,0.0019800740022140675,0.0012572624718624958,0.055805177411820145,0.0007785039455485189,0.0023316486838093065,tangled_rope,tangled_rope,True
information_foraging_theory,institutional,0.110727,1.9812249949160508,4.603919638100282,2.2797204384195213,1.164556981227102,0.8626429518335721,tangled_rope,rope,False
information_foraging_theory,analytical,0.520574,0.012750054022197997,0.0030449816352485413,0.10304488139144137,0.0026539747222977237,0.0030895978423567433,tangled_rope,tangled_rope,True
informational_time_2026,powerless,0.413016,0.0005492925061211559,0.0003909721762615822,0.03026077011383873,0.00022892418464698697,0.0008024740732123826,tangled_rope,tangled_rope,True
informational_time_2026,moderate,0.420467,0.0007788791194926963,0.0005186042958121335,0.03531093478036353,0.000311707431635335,0.0008906145814926818,tangled_rope,tangled_rope,True
informational_time_2026,institutional,-0.016056,3.545608316050921,6.4148267381217385,2.7335771491640624,1.594808822485525,0.9703297611499088,tangled_rope,rope,False
informational_time_2026,analytical,0.520574,0.0055560960380448155,0.0037285056053478365,0.07995157751411369,0.00159785088078936,0.0011799229486310406,tangled_rope,tangled_rope,True
infrastructure_interoperability_decay,powerless,0.2704,2.5323558191645623,0.39796033236861794,1.0946100705016304,0.29213990371874216,0.26464472480339785,tangled_rope,tangled_rope,True
infrastructure_interoperability_decay,moderate,0.575376,0.05506568161293547,0.059378692976364736,0.33811141883291607,0.028511830460909913,0.15965401746202756,tangled_rope,tangled_rope,True
infrastructure_interoperability_decay,institutional,-0.007558,7.266683892919872,11.666688347163657,2.61118953735818,1.4757924298917127,0.8811487967843735,tangled_rope,rope,False
infrastructure_interoperability_decay,analytical,0.712364,0.0007925270754015961,0.0007697857440317467,0.03942510431366474,0.00038857212952567415,0.017164046997790172,tangled_rope,tangled_rope,True
inner_models,powerless,0.56518,0.04852749922297043,0.04930280336221237,0.3127687103781009,0.024406265561888567,0.1553023997012114,tangled_rope,snare,False
inner_models,moderate,0.575376,0.06295467041429036,0.06377102488715672,0.3559756934391985,0.03159612836946664,0.17679068611482207,tangled_rope,snare,False
inner_models,institutional,-0.021971,9.364214806137696,11.707055888617946,2.5214880265716118,1.389783088126282,0.8483596832844696,tangled_rope,rope,False
inner_models,analytical,0.712364,0.0009842454912296983,0.0009939552983148788,0.04438902199579345,0.0004925760978399015,0.021119832043433262,tangled_rope,tangled_rope,True
innovators_dilemma,powerless,0.56518,0.00022463015069293932,0.00021002032985438794,0.020589729412996388,0.00010598330327329408,0.0004223723461910687,tangled_rope,tangled_rope,True
innovators_dilemma,moderate,0.575376,0.00030505167554817223,0.00028039637034866897,0.023772838813817563,0.00014128530282409927,0.0005043536266838333,tangled_rope,tangled_rope,True
innovators_dilemma,institutional,-0.03817,6.649713331168427,8.823844651172601,3.0451280128517006,1.9035727567726468,0.9980663972906176,tangled_rope,rope,False
innovators_dilemma,analytical,0.712364,0.0008127662936067277,0.00015075631487750554,0.023268701510023727,0.00013535659067910564,0.00019602719505806832,tangled_rope,tangled_rope,True
institutional_inertia_lock,powerless,0.2704,3.705115663738418,0.5410761358850688,1.3542046046206728,0.44121699241478246,0.3929679953716248,tangled_rope,tangled_rope,True
institutional_inertia_lock,moderate,0.575376,0.06317230823630575,0.06374168518735344,0.35624290991837576,0.03164345650068084,0.1770532470677994,tangled_rope,snare,False
institutional_inertia_lock,institutional,0.364488,1.5575487123275777,0.47895232458890313,1.2375123365769916,0.37079892629658673,0.3895094111908581,tangled_rope,tangled_rope,True
institutional_inertia_lock,analytical,0.712364,0.001044504832886698,0.00109955233030059,0.04610672060538768,0.0005314338844134175,0.021320774403396858,tangled_rope,tangled_rope,True
institutional_memory_loss,powerless,0.2704,4.003079306702942,0.7008312697403278,1.4336911700945734,0.4922360835909762,0.42455073492120743,tangled_rope,tangled_rope,True
institutional_memory_loss,moderate,0.575376,0.06347343338222709,0.0630130080539833,0.35564081117847435,0.03153686520375284,0.17647443748855995,tangled_rope,snare,False
institutional_memory_loss,institutional,0.185415,6.9030716628956155,2.2548267351035234,1.6187844432418936,0.6201229766780549,0.4245672950410075,tangled_rope,tangled_rope,True
institutional_memory_loss,analytical,0.712364,0.015648180060249383,0.027763072253015334,0.20163040579228025,0.010155099642399348,0.030589784771751838,tangled_rope,tangled_rope,True
institutional_mutation_domestication,powerless,0.56518,0.015735682030402015,0.01863339133175189,0.18489135306452306,0.008540118377482935,0.054556274914784875,tangled_rope,tangled_rope,True
institutional_mutation_domestication,moderate,0.575376,0.020899998923317203,0.025277630213041264,0.21415937858789622,0.011455108168398169,0.06441714067843596,tangled_rope,tangled_rope,True
institutional_mutation_domestication,institutional,-0.021971,3.757999189346797,11.760093726149362,2.595835431515737,1.4609907014487429,0.922272834686685,tangled_rope,rope,False
institutional_mutation_domestication,analytical,0.712364,0.00035312701733769634,0.0003966827466325528,0.026941111476974387,0.000181453128067164,0.00573448843836008,tangled_rope,tangled_rope,True
institutional_mutation_without_selection,powerless,0.3016,4.612760993911179,10.271282717158709,2.8433805293508216,1.7028916540805303,0.9839300084166801,snare,rope,False
institutional_mutation_without_selection,moderate,0.641765,0.0011982514529479938,0.0014343843363585317,0.05115273794785694,0.0006541149912454634,0.004774886523755011,snare,snare,True
institutional_mutation_without_selection,institutional,-0.008431,22.864045406736217,15.172740699195279,3.1279176977141887,1.9863251506773618,0.9939750711215651,snare,rope,False
institutional_mutation_without_selection,analytical,0.79456,1.1108727991002423,2.8183118456781684,1.7872625317739004,0.7468277421827239,0.6786008065616874,snare,piton,False
institutional_trust_decay,powerless,0.3016,4.612760993911179,10.271282717158709,2.8433805293508216,1.7028916540805303,0.9839300084166801,snare,rope,False
institutional_trust_decay,moderate,0.641765,0.0011982514529479938,0.0014343843363585317,0.05115273794785694,0.0006541149912454634,0.004774886523755011,snare,snare,True
institutional_trust_decay,institutional,-0.042575,22.86449006274947,15.177230274626623,3.1282498415828464,1.9866572869690522,0.9942654654082809,snare,rope,False
institutional_trust_decay,analytical,0.79456,1.1108727991002423,2.8183118456781684,1.7872625317739004,0.7468277421827239,0.6786008065616874,snare,piton,False
insult_wisdom_training,powerless,0.63726,2.4364359746294385e-05,2.4311694945422776e-05,0.006973487085513822,1.2157368215969463e-05,0.0007483227827821438,snare,snare,True
insult_wisdom_training,moderate,0.641765,1.1495492873671312e-05,1.1982901047700335e-05,0.004838431774693854,5.852602655268306e-06,0.00045990385183455364,snare,snare,True
insult_wisdom_training,institutional,-0.033992,22.723712722685544,16.36741629963518,3.1290990837384065,1.987506511403139,0.9963271431225599,snare,rope,False
insult_wisdom_training,analytical,0.79456,0.21128382018290431,0.4817345421837998,0.7785585857793441,0.14963435175980436,0.22052471857393496,snare,snare,True
integrated_digital_governance_stack,powerless,0.3744,0.8846590895829561,0.286122620553369,0.9524708183021443,0.2225459139419761,0.2593192534895995,tangled_rope,tangled_rope,True
integrated_digital_governance_stack,moderate,0.796674,0.30641545573071677,0.18145929851539466,0.6800678200782643,0.1145132871480572,0.2239021758693348,tangled_rope,tangled_rope,True
integrated_digital_governance_stack,institutional,-0.030421,6.82065626555153,18.707595664075292,2.435866615521427,1.308828319212859,0.8375235051525662,tangled_rope,rope,False
integrated_digital_governance_stack,analytical,0.98635,3.0867692036172754,0.7401684630512909,1.2208302833741753,0.36117974788339147,0.2629759968949778,tangled_rope,tangled_rope,True
interaction_explosion,powerless,0.2704,2.7876738233464087,0.3970092214473974,1.1473930993360764,0.3201990980563005,0.29268257175318757,tangled_rope,tangled_rope,True
interaction_explosion,moderate,0.575376,0.057707594538411414,0.061295890922908415,0.34484686482406945,0.029656257715577946,0.16601679065891467,tangled_rope,tangled_rope,True
interaction_explosion,institutional,0.021396,7.127513868449078,9.967997459688284,2.27954029627635,1.1643933119476662,0.7530099970176013,tangled_rope,rope,False
interaction_explosion,analytical,0.712364,0.0008442050409779833,0.0008335699099327685,0.04089195602713298,0.000418023454152575,0.018305166171026566,tangled_rope,tangled_rope,True
interface_contract_breakdown,powerless,0.56518,0.015735682030402015,0.01863339133175189,0.18489135306452306,0.008540118377482935,0.054556274914784875,tangled_rope,tangled_rope,True
interface_contract_breakdown,moderate,0.575376,0.020899998923317203,0.025277630213041264,0.21415937858789622,0.011455108168398169,0.06441714067843596,tangled_rope,tangled_rope,True
interface_contract_breakdown,institutional,-0.021971,3.757999189346797,11.760093726149362,2.595835431515737,1.4609907014487429,0.922272834686685,tangled_rope,rope,False
interface_contract_breakdown,analytical,0.712364,0.00035312701733769634,0.0003966827466325528,0.026941111476974387,0.000181453128067164,0.00573448843836008,tangled_rope,tangled_rope,True
internet_archive_preservation,powerless,0.630393,0.0008803757077638319,0.0008765960840084718,0.04191603174942918,0.00043922235210688663,0.02071756204312203,snare,snare,True
internet_archive_preservation,moderate,0.641765,0.00015185079539423992,0.00015153474309026715,0.01741733932311622,7.58404479548801e-05,0.008622443073721064,snare,snare,True
internet_archive_preservation,institutional,0.063872,12.745257550778401,9.895043389890436,2.307858677608048,1.1902045242288206,0.6131680153885207,snare,rope,False
internet_archive_preservation,analytical,0.79456,0.969506465585993,0.6018923508863953,1.2234604488959304,0.3626887956502722,0.5089088812727118,snare,tangled_rope,False
internet_evolution_lifecycle,powerless,0.630393,5.535246546048288e-05,5.7396069203388195e-05,0.010612047312104063,2.815382098501459e-05,0.0012042645781911165,tangled_rope,tangled_rope,True
internet_evolution_lifecycle,moderate,0.641765,1.818526559193989e-05,1.985468913741817e-05,0.006146073957893624,9.44354884191699e-06,0.0005109450119690218,tangled_rope,tangled_rope,True
internet_evolution_lifecycle,institutional,0.169004,0.5483720875211107,3.3779758498292596,1.1106329487305302,0.30053273267034264,0.2686131193604933,tangled_rope,tangled_rope,True
internet_evolution_lifecycle,analytical,0.79456,0.02926892326622616,0.012232784779045465,0.18703484622178634,0.008739136623240018,0.01289978183193782,tangled_rope,tangled_rope,True
intertemporal_responsibility_gap,powerless,0.3536,2.575773247200169,0.764885445177445,1.5546292247077613,0.5744008993995239,0.5380962663143172,snare,tangled_rope,False
intertemporal_responsibility_gap,moderate,0.752415,0.25076582606253384,0.2212678371790118,0.6858889619903449,0.11646273256257055,0.3247147998462463,snare,tangled_rope,False
intertemporal_responsibility_gap,institutional,-0.039852,12.701236054958546,18.318778461400402,2.652326551020723,1.5155993643578625,0.8719037599565609,snare,rope,False
intertemporal_responsibility_gap,analytical,0.931553,4.354075232537686,0.8467500752500021,1.6480507639670117,0.641454906521716,0.5403888847509984,snare,tangled_rope,False
inverse_spin_valve_signature,powerless,0.456492,0.00023748898400627436,0.00020314908853223942,0.0206400110280586,0.00010650156858050436,0.00022905003254491827,tangled_rope,tangled_rope,True
inverse_spin_valve_signature,moderate,0.464727,0.0003432501627589563,0.0002965464069931628,0.024676662498881386,0.00015223248675408753,0.000251246043692341,tangled_rope,tangled_rope,True
inverse_spin_valve_signature,institutional,-0.017746,3.6255177578882467,7.728342464117861,2.778845348550094,1.639238273077563,0.9730839174752842,tangled_rope,rope,False
inverse_spin_valve_signature,analytical,0.575371,0.0028873485302619863,0.004259214718810106,0.07333581104633834,0.0013443846542776818,0.0014939784902606515,tangled_rope,tangled_rope,True
iran_hijab_law,powerless,0.3536,1.1734989709029773,0.26325842526135124,0.9556699828105937,0.22401480181182892,0.23097240998084667,tangled_rope,tangled_rope,True
iran_hijab_law,moderate,0.752415,0.14153161762569016,0.10018857084234259,0.48601289073103787,0.05876210770126927,0.16576030946842896,tangled_rope,tangled_rope,True
iran_hijab_law,institutional,-0.009884,5.9668890740998535,15.91221284734011,2.3010727010740717,1.1840043585541873,0.7830008415787799,tangled_rope,rope,False
iran_hijab_law,analytical,0.931553,1.968220845758119,0.4085053834973373,1.0557462564341717,0.2722393543727016,0.23156128595573594,tangled_rope,tangled_rope,True
iran_mandatrophic_collapse,powerless,0.4056,0.037853765179216896,0.020390064887535395,0.22919426860322462,0.013118137593291355,0.030130457176062442,tangled_rope,tangled_rope,True
iran_mandatrophic_collapse,moderate,0.863064,0.08714867839796687,0.04778584603338118,0.3393712683080135,0.0287241932793334,0.029667428205234363,tangled_rope,tangled_rope,True
iran_mandatrophic_collapse,institutional,-0.057256,2.8176713109053133,20.43595496125714,2.5134395894356065,1.382123381418788,0.9012083971065927,tangled_rope,rope,False
iran_mandatrophic_collapse,analytical,1.068546,2.11544115808516,3.5914071294710226,2.091415661251089,0.9974208388697253,0.802659641708918,tangled_rope,piton,False
iran_nuclear_deal_informal_2023,powerless,0.2704,3.7278439862373474,0.5460799053152697,1.3593919160738088,0.4444722754532281,0.395471027379965,tangled_rope,tangled_rope,True
iran_nuclear_deal_informal_2023,moderate,0.575376,0.06323375675176958,0.06372497592419347,0.3563063758469864,0.031654702452482655,0.1771157535987099,tangled_rope,snare,False
iran_nuclear_deal_informal_2023,institutional,0.593637,0.08311549932613323,0.08326494165970105,0.40788900606357076,0.04144939274670534,0.202526223465627,tangled_rope,snare,False
iran_nuclear_deal_informal_2023,analytical,0.712364,0.0010811134094864897,0.0011654509829568185,0.04713314910187869,0.0005553577323109621,0.021392152008916032,tangled_rope,tangled_rope,True
iron_law_of_oligarchy,powerless,0.630393,0.000908529923391508,0.0009096793800850243,0.04263942804982413,0.0004545129898892709,0.021216545150394284,tangled_rope,snare,False
iron_law_of_oligarchy,moderate,0.641765,0.00017318872437118552,0.0001769761467998158,0.018704831190202373,8.746703991593524e-05,0.00882513050637096,tangled_rope,snare,False
iron_law_of_oligarchy,institutional,-0.024506,11.800671783749909,14.391771685985526,2.6645534159383755,1.5274711679309507,0.8896636410748406,tangled_rope,rope,False
iron_law_of_oligarchy,analytical,0.79456,0.8900765950232121,0.5112345572560263,1.1455155306340752,0.31918080587850584,0.4515758483706998,tangled_rope,tangled_rope,True
irreversible_policy_commitment,powerless,0.3016,4.498073957461461,0.8615950909766986,1.6833630089868357,0.667580475863961,0.5646779459816035,snare,tangled_rope,False
irreversible_policy_commitment,moderate,0.641765,0.00015185079539423992,0.00015153474309026715,0.01741733932311622,7.58404479548801e-05,0.008622443073721064,snare,snare,True
irreversible_policy_commitment,institutional,0.038896,12.901527092485935,11.742321868587876,2.451125471428366,1.3231670102980322,0.7217543318151586,snare,rope,False
irreversible_policy_commitment,analytical,0.79456,0.969506465585993,0.6018923508863953,1.2234604488959304,0.3626887956502722,0.5089088812727118,snare,tangled_rope,False
isa_education_scaffold,powerless,0.413016,0.0011327957399180576,0.0007833355712205581,0.04321135420971944,0.00046678712451108214,0.001693364417482024,tangled_rope,tangled_rope,True
isa_education_scaffold,moderate,0.420467,0.0016004143277698235,0.001019122990978235,0.05019710855441164,0.0006299043590703416,0.0018785469646334096,tangled_rope,tangled_rope,True
isa_education_scaffold,institutional,-0.016056,4.26995235747235,5.834288799024839,2.8076156456615866,1.6675729964624606,0.9838934980995474,tangled_rope,rope,False
isa_education_scaffold,analytical,0.520574,0.010369541208254464,0.0027692694717271777,0.09409220752586697,0.0022129276714145394,0.0024878782946480397,tangled_rope,tangled_rope,True
israel_electoral_threshold,powerless,0.3016,4.108617623233043,0.9026902615936493,1.5918844942757928,0.6007763613296013,0.5084526560920606,snare,tangled_rope,False
israel_electoral_threshold,moderate,0.641765,0.00015650888658151266,0.00015557824707951372,0.017660075741321685,7.79690621942466e-05,0.008785426373660865,snare,snare,True
israel_electoral_threshold,institutional,-0.024506,13.212751706729797,13.157637505432191,2.9884856221739837,1.8470424705515383,0.6270612618030766,snare,rope,False
israel_electoral_threshold,analytical,0.79456,0.9059913493150238,0.525121147893593,1.1600637749261271,0.3271096512062287,0.46347536860610056,snare,tangled_rope,False
israel_gaza_ceasefire_violation,powerless,0.3536,2.2406797790116526,3.477053140955846,2.2479726784370118,1.1358182232041754,0.8881740872254789,snare,tangled_rope,False
israel_gaza_ceasefire_violation,moderate,0.752415,0.033129397774167166,0.05135708198314134,0.285441575708771,0.02033467131496125,0.05802603697840347,snare,snare,True
israel_gaza_ceasefire_violation,institutional,-0.054575,22.606657871754315,20.52904013846302,3.1283540918191655,1.9867615349034922,0.99764077738871,snare,rope,False
israel_gaza_ceasefire_violation,analytical,0.931553,5.4104645449809805,4.19456226983734,2.7522156229647363,1.6130781115185164,0.9771802801417798,snare,tangled_rope,False
israel_norwegian_law,powerless,0.413016,0.0005724154903402039,0.00040732400984770233,0.030889554163867308,0.00023853639732564926,0.0008365171904630001,tangled_rope,tangled_rope,True
israel_norwegian_law,moderate,0.420467,0.0008116432058637934,0.0005402026068970767,0.03604325957908112,0.00032477035024259675,0.0009284003302381938,tangled_rope,tangled_rope,True
israel_norwegian_law,institutional,0.015636,3.00835318336496,6.173496667902613,2.626047740678281,1.4901455197896107,0.9500100836987917,tangled_rope,rope,False
israel_norwegian_law,analytical,0.520574,0.005786027013622608,0.003863271473571708,0.08150542077973219,0.0016605535667183894,0.001229997699372743,tangled_rope,tangled_rope,True
israel_override_clause,powerless,0.3016,4.401900459700516,0.8232293469561432,1.6563791781976476,0.6475787752837242,0.5513983557578446,snare,tangled_rope,False
israel_override_clause,moderate,0.641765,0.00015292057016963443,0.000152693958749983,0.01748133169568183,7.639875306103292e-05,0.008680812221841416,snare,snare,True
israel_override_clause,institutional,0.4504,0.6740379895356913,0.4769792758154373,1.0593639469894316,0.27406440023732853,0.4599908374155245,snare,tangled_rope,False
israel_override_clause,analytical,0.79456,0.9556340946088397,0.5833608235832104,1.2089498870220754,0.3543987670759751,0.4983995499442636,snare,tangled_rope,False
israel_surplus_vote_agreements,powerless,0.413016,0.015005819571058657,0.010584352578889377,0.158138507403205,0.00624869032300508,0.02333818956681899,tangled_rope,tangled_rope,True
israel_surplus_vote_agreements,moderate,0.420467,0.0212486638862114,0.013834070269683682,0.18407070968990363,0.008464529105965459,0.02602199539210226,tangled_rope,tangled_rope,True
israel_surplus_vote_agreements,institutional,-0.016056,6.667051131903242,3.353855246583776,2.7059028849330793,1.5677481079283557,0.9634409734143856,tangled_rope,rope,False
israel_surplus_vote_agreements,analytical,0.520574,0.13840164230876412,0.034484962178273786,0.34528458691100306,0.02973140503564405,0.03534076193474556,tangled_rope,tangled_rope,True
iss_ped_ban,powerless,0.413016,0.00771355347693657,0.012038025873926137,0.1378740471473847,0.004750431477231957,0.01394158708598456,tangled_rope,tangled_rope,True
iss_ped_ban,moderate,0.420467,0.0125897992241703,0.02143734925002733,0.1795023555563311,0.0080498680777815,0.019972589802212608,tangled_rope,tangled_rope,True
iss_ped_ban,institutional,-0.035319,2.352174518570726,7.253020632956122,2.4654276360862357,1.3366424872994387,0.8955116676755296,tangled_rope,rope,False
iss_ped_ban,analytical,0.520574,0.32484455024816156,0.9826467936736848,1.0123495057518639,0.25078896702940506,0.29025339759004826,tangled_rope,tangled_rope,True
iterated_function_systems,powerless,0.413016,0.0006303252391491641,0.0004459116870587332,0.03237698913937499,0.00026206163320823813,0.0009247368667511148,tangled_rope,tangled_rope,True
iterated_function_systems,moderate,0.420467,0.0008930776339286329,0.0005891015849198266,0.03774441205065863,0.0003561495895499789,0.0010263201643221343,tangled_rope,tangled_rope,True
iterated_function_systems,institutional,-0.016056,3.6850207127421326,6.31424714307464,2.751819470302919,1.6126894505746259,0.9739081311401763,tangled_rope,rope,False
iterated_function_systems,analytical,0.520574,0.006245193133827538,0.0036911993879696937,0.0825712598059088,0.001704261139298924,0.0013597729092840376,tangled_rope,tangled_rope,True
jevons_paradox,powerless,0.413016,0.0014018124872959433,0.0009676052264889008,0.04805247203803454,0.0005772322486817649,0.002100712199553989,tangled_rope,tangled_rope,True
jevons_paradox,moderate,0.420467,0.0019800740022140675,0.0012572624718624958,0.055805177411820145,0.0007785039455485189,0.0023316486838093065,tangled_rope,tangled_rope,True
jevons_paradox,institutional,0.041847,3.3722289308535056,5.435114817281531,2.6632518358469484,1.5262065372864815,0.963640295308974,tangled_rope,rope,False
jevons_paradox,analytical,0.520574,0.012750054022197997,0.0030449816352485413,0.10304488139144137,0.0026539747222977237,0.0030895978423567433,tangled_rope,tangled_rope,True
job_hunt_volume_system_2026,powerless,0.630393,0.0008750404663001636,0.0008709770978205468,0.04178499306526079,0.0004364805341705849,0.0205389838765066,snare,snare,True
job_hunt_volume_system_2026,moderate,0.641765,0.0001547761801719798,0.00015531276292620017,0.01760722340655693,7.750307845658095e-05,0.008558586029067228,snare,snare,True
job_hunt_volume_system_2026,institutional,0.169004,10.355639317792654,1.9100222455324756,1.798418556012291,0.7555416646123069,0.5780284521200517,snare,tangled_rope,False
job_hunt_volume_system_2026,analytical,0.79456,0.9832138324170167,0.6220743480444271,1.2382798182501984,0.37124420279070114,0.5192721647615954,snare,tangled_rope,False
jordan_microfinance,powerless,0.630393,0.0008750404663001636,0.0008709770978205468,0.04178499306526079,0.0004364805341705849,0.0205389838765066,snare,snare,True
jordan_microfinance,moderate,0.641765,0.0001547761801719798,0.00015531276292620017,0.01760722340655693,7.750307845658095e-05,0.008558586029067228,snare,snare,True
jordan_microfinance,institutional,-0.008431,13.3471673350526,13.547788998508947,2.579251633205234,1.44503923164695,0.817431852621246,snare,rope,False
jordan_microfinance,analytical,0.79456,0.9832138324170167,0.6220743480444271,1.2382798182501984,0.37124420279070114,0.5192721647615954,snare,tangled_rope,False
jp_eez_enforcement,powerless,0.36032,2.8212855191520356,0.9139146021196273,1.6742870982609326,0.6608257271608213,0.6041473671237765,snare,tangled_rope,False
jp_eez_enforcement,moderate,0.641765,0.0001486511223278155,0.0001485541477184099,0.017238684713784185,7.429260271176986e-05,0.00835517194602875,snare,snare,True
jp_eez_enforcement,institutional,-0.024506,14.0185351267185,14.049511558978057,2.624050617040153,1.4882146351561942,0.8323316582236672,snare,rope,False
jp_eez_enforcement,analytical,0.79456,1.008923523463826,0.6637648737103753,1.2682177436688584,0.38880005212751,0.5414708281801591,snare,tangled_rope,False
jupiter_composition_knowledge_gap,powerless,0.413016,0.0006303252391491641,0.0004459116870587332,0.03237698913937499,0.00026206163320823813,0.0009247368667511148,tangled_rope,tangled_rope,True
jupiter_composition_knowledge_gap,moderate,0.420467,0.0008930776339286329,0.0005891015849198266,0.03774441205065863,0.0003561495895499789,0.0010263201643221343,tangled_rope,tangled_rope,True
jupiter_composition_knowledge_gap,institutional,-0.016056,3.6850207127421326,6.31424714307464,2.751819470302919,1.6126894505746259,0.9739081311401763,tangled_rope,rope,False
jupiter_composition_knowledge_gap,analytical,0.520574,0.006245193133827538,0.0036911993879696937,0.0825712598059088,0.001704261139298924,0.0013597729092840376,tangled_rope,tangled_rope,True
juvenile_underclass_2026,powerless,0.739082,0.08148989049007577,0.06252011475294512,0.3769779566222526,0.03542303230818054,0.1299858768792247,tangled_rope,tangled_rope,True
juvenile_underclass_2026,moderate,0.752415,0.13030682452901768,0.09086822117509925,0.4645369217686986,0.05370653569361539,0.1522758849145977,tangled_rope,tangled_rope,True
juvenile_underclass_2026,institutional,-0.049915,6.104785813939016,18.164868695520948,2.549381011931332,1.4164045522353244,0.8803591972737034,tangled_rope,rope,False
juvenile_underclass_2026,analytical,0.931553,1.7613955940251667,0.23982399458200854,0.947241358864501,0.2201546164020487,0.21123741953756375,tangled_rope,tangled_rope,True
kardashev_scale_progress_narrative,powerless,0.56518,0.01626373060740003,0.019229491628570083,0.18789959318761745,0.008820073836806845,0.05634931370490315,tangled_rope,tangled_rope,True
kardashev_scale_progress_narrative,moderate,0.575376,0.021596724317573267,0.02607351333990087,0.2176066115524475,0.01182648545386387,0.06650962916954128,tangled_rope,tangled_rope,True
kardashev_scale_progress_narrative,institutional,0.100624,2.1235138385814785,6.111748681416944,1.6862822700073132,0.6697589754327717,0.5239493945953682,tangled_rope,rope,False
kardashev_scale_progress_narrative,analytical,0.712364,0.0006075172755381812,0.0008529055127589971,0.037267312839533814,0.0003472031052718087,0.005960940985988747,tangled_rope,tangled_rope,True
keltner_relationship_evaluation,powerless,0.413016,0.0014018124872959433,0.0009676052264889008,0.04805247203803454,0.0005772322486817649,0.002100712199553989,tangled_rope,tangled_rope,True
keltner_relationship_evaluation,moderate,0.420467,0.0019800740022140675,0.0012572624718624958,0.055805177411820145,0.0007785039455485189,0.0023316486838093065,tangled_rope,tangled_rope,True
keltner_relationship_evaluation,institutional,0.041847,3.3722289308535056,5.435114817281531,2.6632518358469484,1.5262065372864815,0.963640295308974,tangled_rope,rope,False
keltner_relationship_evaluation,analytical,0.520574,0.012750054022197997,0.0030449816352485413,0.10304488139144137,0.0026539747222977237,0.0030895978423567433,tangled_rope,tangled_rope,True
kidney_exchange_market,powerless,0.31202,0.00040528212633926563,0.0005020484569707849,0.029942545163811774,0.00022413481622826414,0.002977362434200992,rope,rope,True
kidney_exchange_market,moderate,0.282412,1.552677322643388e-06,1.5769008865500561e-06,0.0017690041798887072,7.823438962805079e-07,0.0001654586957999804,rope,rope,True
kidney_exchange_market,institutional,-0.011831,0.02103792349598833,0.02816013455174387,0.21619066973765214,0.011673228358331829,0.03734270177310058,rope,rope,True
kidney_exchange_market,analytical,0.383581,0.012093003285715252,0.02651326781864155,0.1830593730051723,0.008371836345912136,0.02315682404574737,rope,rope,True
kim_jong_un_succession,powerless,0.462493,0.1392034306460131,0.0852768642522872,0.4629662591093866,0.05334559189481009,0.1254911938799098,tangled_rope,tangled_rope,True
kim_jong_un_succession,moderate,0.752415,0.10768979037079636,0.09050281158811425,0.4385464554661457,0.04788841035794786,0.08827095440593355,tangled_rope,tangled_rope,True
kim_jong_un_succession,institutional,-0.028731,4.569238401465141,17.916887140720977,2.6018141042839003,1.4667505576260171,0.9154232648680619,tangled_rope,rope,False
kim_jong_un_succession,analytical,0.931553,2.3192356641449203,2.0789070949081836,1.860907806558451,0.805059874410784,0.7513390371915992,tangled_rope,piton,False
kirby_paris_theorem,powerless,0.13626,3.4346537563711765e-05,4.5223191572931926e-05,0.008857106121077471,1.96120501570497e-05,9.590132227277337e-05,mountain,mountain,True
kirby_paris_theorem,moderate,0.119997,5.20001217344988e-13,5.201083342946381e-13,1.0198318143051182e-06,2.6001892869159244e-13,8.784403426886911e-09,mountain,mountain,True
kirby_paris_theorem,institutional,-0.014325,0.1284401449351297,0.7827068540665388,0.6936118460530667,0.11907367763998677,0.12101574044094598,mountain,mountain,True
kirby_paris_theorem,analytical,0.165603,0.0016492319606454511,0.004548428894057699,0.07145182586297744,0.0012762051067322904,0.0018905568153703145,mountain,mountain,True
kjv_textual_authority,powerless,0.3016,4.808084625461087,1.0093407790628242,1.7746810236778667,0.7370471772506091,0.6085895833357491,snare,tangled_rope,False
kjv_textual_authority,moderate,0.641765,0.0009233382751110204,0.0010810063426155113,0.04464607443928956,0.0004982972976515653,0.00944320487899536,snare,snare,True
kjv_textual_authority,institutional,-0.024506,14.556476628424956,14.840878796505175,2.8699970829351584,1.7292384107288452,0.950623097188688,snare,rope,False
kjv_textual_authority,analytical,0.79456,1.124995867804222,0.9070384180175927,1.3750290911144634,0.45434856928577155,0.5503177183668071,snare,tangled_rope,False
kleene_recursion_theorem,powerless,0.09084,1.3468414487096588e-06,1.300286930222996e-06,0.0016268102795383656,6.616278847186579e-07,2.513172465057334e-05,mountain,mountain,True
kleene_recursion_theorem,moderate,0.079998,1.5285891536206874e-13,1.5256865782383174e-13,5.527507362065157e-07,7.63483627406917e-14,8.765720815873124e-09,mountain,mountain,True
kleene_recursion_theorem,institutional,-0.00955,0.30441971905114545,1.611121073605155,1.047472365275063,0.26808661582108406,0.26372930977201436,mountain,mountain,True
kleene_recursion_theorem,analytical,0.110402,2.1603945683061705e-06,2.2546654458851707e-06,0.002100844510651439,1.1033868130839613e-06,3.43724292978687e-05,mountain,mountain,True
kolmogorov_complexity,powerless,0.13626,3.4346537563711765e-05,4.5223191572931926e-05,0.008857106121077471,1.96120501570497e-05,9.590132227277337e-05,mountain,mountain,True
kolmogorov_complexity,moderate,0.119997,5.20001217344988e-13,5.201083342946381e-13,1.0198318143051182e-06,2.6001892869159244e-13,8.784403426886911e-09,mountain,mountain,True
kolmogorov_complexity,institutional,-0.014325,0.1284401449351297,0.7827068540665388,0.6936118460530667,0.11907367763998677,0.12101574044094598,mountain,mountain,True
kolmogorov_complexity,analytical,0.165603,0.0016492319606454511,0.004548428894057699,0.07145182586297744,0.0012762051067322904,0.0018905568153703145,mountain,mountain,True
labor_union_dues_structure,powerless,0.571336,0.05008311542299884,0.053916223790328684,0.3223212362750277,0.025916578195208123,0.15185975328807144,tangled_rope,tangled_rope,True
labor_union_dues_structure,moderate,0.575376,0.05506568161293547,0.059378692976364736,0.33811141883291607,0.028511830460909913,0.15965401746202756,tangled_rope,tangled_rope,True
labor_union_dues_structure,institutional,-0.021971,7.449198902300622,11.971250557041431,2.6739698845728,1.5366262486165365,0.8958042226211117,tangled_rope,rope,False
labor_union_dues_structure,analytical,0.712364,0.0007925270754015961,0.0007697857440317467,0.03942510431366474,0.00038857212952567415,0.017164046997790172,tangled_rope,tangled_rope,True
lagrange_multipliers,powerless,0.13626,3.4346537563711765e-05,4.5223191572931926e-05,0.008857106121077471,1.96120501570497e-05,9.590132227277337e-05,mountain,mountain,True
lagrange_multipliers,moderate,0.119997,5.20001217344988e-13,5.201083342946381e-13,1.0198318143051182e-06,2.6001892869159244e-13,8.784403426886911e-09,mountain,mountain,True
lagrange_multipliers,institutional,-0.014325,0.1284401449351297,0.7827068540665388,0.6936118460530667,0.11907367763998677,0.12101574044094598,mountain,mountain,True
lagrange_multipliers,analytical,0.165603,0.0016492319606454511,0.004548428894057699,0.07145182586297744,0.0012762051067322904,0.0018905568153703145,mountain,mountain,True
landscape_of_fear_2026,powerless,0.3016,10.689334957295655,8.710755073186021,3.105983598023447,1.9643928257561154,0.9994770194446128,snare,rope,False
landscape_of_fear_2026,moderate,0.641765,0.0002858907133359325,0.0001241278439665888,0.018960186821760868,8.98714979972063e-05,0.0001680754803760065,snare,snare,True
landscape_of_fear_2026,institutional,-0.046549,23.015521389714586,8.700375797438372,3.1156672127907616,1.974075285245999,0.9994996494672351,snare,rope,False
landscape_of_fear_2026,analytical,0.79456,0.006798082774408572,0.015497394016634485,0.13579550379392216,0.004608333896013963,0.006866724928718953,snare,snare,True
large_cardinals_foundations,powerless,0.413016,0.0005724154903402039,0.00040732400984770233,0.030889554163867308,0.00023853639732564926,0.0008365171904630001,tangled_rope,tangled_rope,True
large_cardinals_foundations,moderate,0.420467,0.0008116432058637934,0.0005402026068970767,0.03604325957908112,0.00032477035024259675,0.0009284003302381938,tangled_rope,tangled_rope,True
large_cardinals_foundations,institutional,0.041847,2.516945899489123,5.882872295675475,2.49878404645826,1.3682014706260048,0.9190357439304931,tangled_rope,rope,False
large_cardinals_foundations,analytical,0.520574,0.005786027013622608,0.003863271473571708,0.08150542077973219,0.0016605535667183894,0.001229997699372743,tangled_rope,tangled_rope,True
latent_goal_activation,powerless,0.3536,0.27673272187144493,2.8429191481634897,1.0077199148751297,0.24854906670012136,0.24316479400958746,snare,snare,True
latent_goal_activation,moderate,0.752415,0.0006874622536889221,0.0011792365073818986,0.04197723269170695,0.0004405058447138978,0.0011726471861703835,snare,snare,True
latent_goal_activation,institutional,-0.028731,23.018570899032788,20.631869626985353,3.1412053430141293,1.999612689426757,0.9998636884120666,snare,rope,False
latent_goal_activation,analytical,0.931553,3.0393632283439302,9.319175170219784,2.6786018909768616,1.541133458758582,0.9519756937863514,snare,piton,False
latent_regulatory_bomb,powerless,0.3016,4.401900459700516,0.8232293469561432,1.6563791781976476,0.6475787752837242,0.5513983557578446,snare,tangled_rope,False
latent_regulatory_bomb,moderate,0.641765,0.00015292057016963443,0.000152693958749983,0.01748133169568183,7.639875306103292e-05,0.008680812221841416,snare,snare,True
latent_regulatory_bomb,institutional,-0.042575,13.06249290718506,14.904848192204614,2.7233818455295875,1.584830251934742,0.8963740650081777,snare,rope,False
latent_regulatory_bomb,analytical,0.79456,0.9556340946088397,0.5833608235832104,1.2089498870220754,0.3543987670759751,0.4983995499442636,snare,tangled_rope,False
lcdm_hubble_tension,powerless,0.413016,0.0005724154903402039,0.00040732400984770233,0.030889554163867308,0.00023853639732564926,0.0008365171904630001,tangled_rope,tangled_rope,True
lcdm_hubble_tension,moderate,0.420467,0.0008116432058637934,0.0005402026068970767,0.03604325957908112,0.00032477035024259675,0.0009284003302381938,tangled_rope,tangled_rope,True
lcdm_hubble_tension,institutional,0.19891,0.24339948419908222,0.9587926694009425,0.9113489211184186,0.20407115221004868,0.22095986662208056,tangled_rope,tangled_rope,True
lcdm_hubble_tension,analytical,0.520574,0.005786027013622608,0.003863271473571708,0.08150542077973219,0.0016605535667183894,0.001229997699372743,tangled_rope,tangled_rope,True
legacy_system_technical_debt,powerless,0.3016,4.590854111276769,0.8815254518754129,1.7084378767618853,0.6863846482101913,0.5779188458356345,snare,tangled_rope,False
legacy_system_technical_debt,moderate,0.641765,0.0001547761801719798,0.00015531276292620017,0.01760722340655693,7.750307845658095e-05,0.008558586029067228,snare,snare,True
legacy_system_technical_debt,institutional,0.063872,12.933066517601798,8.439933378383763,2.20120010136225,1.0938774595737055,0.578028457455381,snare,rope,False
legacy_system_technical_debt,analytical,0.79456,0.9832138324170167,0.6220743480444271,1.2382798182501984,0.37124420279070114,0.5192721647615954,snare,tangled_rope,False
legal_formalism_overhang,powerless,0.413016,0.0004909801252244756,0.0004505687295599714,0.030216463035452334,0.00022825431779171276,0.0005483482752362347,tangled_rope,tangled_rope,True
legal_formalism_overhang,moderate,0.420467,0.00072193351642639,0.0006839131120340436,0.03663752066046382,0.0003355675958158039,0.0006085596993946139,tangled_rope,tangled_rope,True
legal_formalism_overhang,institutional,-0.016056,3.181789293351769,6.65222332609449,2.6759800296320493,1.5385819321771255,0.9579053620689417,tangled_rope,rope,False
legal_formalism_overhang,analytical,0.520574,0.00963885718867528,0.024293562831004614,0.15571994285238175,0.006059113271970456,0.00662469969608963,tangled_rope,tangled_rope,True
legibility_trap,powerless,0.3016,4.590854111276769,0.8815254518754129,1.7084378767618853,0.6863846482101913,0.5779188458356345,snare,tangled_rope,False
legibility_trap,moderate,0.547191,0.012842968893892668,0.012948900706631876,0.16059735173177153,0.006444413496849009,0.0799775726767159,snare,tangled_rope,False
legibility_trap,institutional,-0.024506,13.451264551256886,14.253966909424056,2.6459099470214937,1.5093763103179594,0.857166363758337,snare,rope,False
legibility_trap,analytical,0.79456,0.9832138324170167,0.6220743480444271,1.2382798182501984,0.37124420279070114,0.5192721647615954,snare,tangled_rope,False
legitimacy_without_capacity,powerless,0.3016,4.808084625461087,1.0093407790628242,1.7746810236778667,0.7370471772506091,0.6085895833357491,snare,tangled_rope,False
legitimacy_without_capacity,moderate,0.641765,0.0009233382751110204,0.0010810063426155113,0.04464607443928956,0.0004982972976515653,0.00944320487899536,snare,snare,True
legitimacy_without_capacity,institutional,-0.042575,14.675259035408175,15.049879336282936,2.907344304810953,1.7662868566178331,0.9622093694723028,snare,rope,False
legitimacy_without_capacity,analytical,0.79456,1.124995867804222,0.9070384180175927,1.3750290911144634,0.45434856928577155,0.5503177183668071,snare,tangled_rope,False
legitimacy_without_effectiveness,powerless,0.630393,0.001255038862241921,0.0013103597761914077,0.05061761698137669,0.0006405015974401737,0.019797344987662002,snare,snare,True
legitimacy_without_effectiveness,moderate,0.641765,0.0010229386604954979,0.0012013054453544813,0.04702956984504645,0.0005529196313976477,0.009139235226791054,snare,snare,True
legitimacy_without_effectiveness,institutional,-0.024506,15.225480917046255,14.922155869727314,2.859698342913896,1.7190381194434878,0.9406798652972304,snare,rope,False
legitimacy_without_effectiveness,analytical,0.79456,1.177185276077618,1.0131616402500843,1.4286512698570588,0.48892961006419766,0.5789042489396221,snare,tangled_rope,False
lehman_repo_105,powerless,0.4056,0.25896294307976275,0.6451406189289057,0.8497123232402349,0.17780393783478304,0.2742080006870039,piton,piton,True
lehman_repo_105,moderate,0.863064,0.09307166380480117,0.026241858745055618,0.29357066382547836,0.02150727583317089,0.03034661900386626,piton,piton,True
lehman_repo_105,institutional,-0.062601,3.765228436452252,22.145062874579217,2.7853945499378625,1.645681969580051,0.9678826089517255,piton,rope,False
lehman_repo_105,analytical,1.068546,0.46054037561341865,0.033481321321186926,0.3607668356954622,0.03245004532195743,0.03304057278227246,piton,piton,True
liar_paradox,powerless,0.09084,2.5502136669810094e-07,2.4621542780288636e-07,0.000707898567893733,1.252800942856084e-07,4.762730103302637e-06,mountain,mountain,True
liar_paradox,moderate,0.079998,2.9021800587739735e-14,2.8837512224529756e-14,2.4211521162497896e-07,1.4465518576616884e-14,1.6615144815546046e-09,mountain,mountain,True
liar_paradox,institutional,-0.00955,0.06530817894203941,0.39612815999951073,0.4960344611027112,0.06119787635430219,0.06354276510022416,mountain,mountain,True
liar_paradox,analytical,0.110402,4.0984538724431726e-07,4.277421260830949e-07,0.0009150411551939853,2.0932507545079904e-07,6.521976276312912e-06,mountain,mountain,True
lindy_effect,powerless,0.413016,0.0014018124872959433,0.0009676052264889008,0.04805247203803454,0.0005772322486817649,0.002100712199553989,tangled_rope,tangled_rope,True
lindy_effect,moderate,0.420467,0.0019800740022140675,0.0012572624718624958,0.055805177411820145,0.0007785039455485189,0.0023316486838093065,tangled_rope,tangled_rope,True
lindy_effect,institutional,-0.016056,4.471551339400721,5.648665940017088,2.8194950034928024,1.679292904999877,0.9858517329169382,tangled_rope,rope,False
lindy_effect,analytical,0.520574,0.012750054022197997,0.0030449816352485413,0.10304488139144137,0.0026539747222977237,0.0030895978423567433,tangled_rope,tangled_rope,True
linguistic_relativity_cultural_framing,powerless,0.56518,0.00017933387386411516,0.00021593415930302415,0.01978421573950742,9.785300016253825e-05,0.000608633015695054,tangled_rope,tangled_rope,True
linguistic_relativity_cultural_framing,moderate,0.575376,0.00024012922499901733,0.00029648524314383247,0.023015973672791044,0.00013243229947456484,0.000726741394571193,tangled_rope,tangled_rope,True
linguistic_relativity_cultural_framing,institutional,0.057264,2.2458790162885585,10.166797716740366,2.4705824970924453,1.3415077419526586,0.8925656790125859,tangled_rope,rope,False
linguistic_relativity_cultural_framing,analytical,0.712364,6.53215314826504e-05,2.242506638553963e-05,0.007270413467114871,1.3214713443470132e-05,5.981524817772095e-05,tangled_rope,tangled_rope,True
liquidity_illusion,powerless,0.630393,4.959301535461543e-05,4.891655165231288e-05,0.009922447538891176,2.46136908042211e-05,0.0010491158293482756,snare,snare,True
liquidity_illusion,moderate,0.641765,1.773550634765919e-05,1.953184402244412e-05,0.00609174228039033,9.277323830213891e-06,0.00044593206005273667,snare,snare,True
liquidity_illusion,institutional,-0.024506,22.730246926421614,16.351871080698935,3.128399379466066,1.9868068215616494,0.9965394230757163,snare,rope,False
liquidity_illusion,analytical,0.79456,0.2144463305175673,0.5078526412379671,0.7879688992756279,0.15322623914261693,0.22218525475093065,snare,snare,True
litany_of_the_real,powerless,0.356594,0.0010932984554608898,0.001209051016157519,0.04790724659660129,0.0005737486347267806,0.008672699640771109,rope,rope,True
litany_of_the_real,moderate,0.322757,4.2924538382705995e-06,4.320678479576164e-06,0.002934792996448472,2.1532520964392963e-06,0.0005034287448940633,rope,rope,True
litany_of_the_real,institutional,0.322757,4.2924538382705995e-06,4.320678479576164e-06,0.002934792996448472,2.1532520964392963e-06,0.0005034287448940633,rope,rope,True
litany_of_the_real,analytical,0.438378,0.027900015769542784,0.0440711825105508,0.2604269664207938,0.016931607186403973,0.05797847649246202,rope,rope,True
litchfield_sensitive_locations_2026,powerless,0.3536,2.494982029841652,0.7238509702403153,1.5186708815961822,0.5494126405298972,0.518466902940227,snare,tangled_rope,False
litchfield_sensitive_locations_2026,moderate,0.752415,0.2473430161627569,0.21452108857160468,0.678190394320069,0.11388796069272043,0.3179925569060218,snare,tangled_rope,False
litchfield_sensitive_locations_2026,institutional,-0.028731,12.203407862365701,17.748313557225543,2.597170888659326,1.4622768655266114,0.846331396691825,snare,rope,False
litchfield_sensitive_locations_2026,analytical,0.931553,4.190139216431334,0.7390938319590792,1.594769980387192,0.6028395634271096,0.5205825331681926,snare,tangled_rope,False
lln_convergence,powerless,0.09084,1.3468414487096588e-06,1.300286930222996e-06,0.0016268102795383656,6.616278847186579e-07,2.513172465057334e-05,mountain,mountain,True
lln_convergence,moderate,0.079998,1.5285891536206874e-13,1.5256865782383174e-13,5.527507362065157e-07,7.63483627406917e-14,8.765720815873124e-09,mountain,mountain,True
lln_convergence,institutional,-0.00955,0.30441971905114545,1.611121073605155,1.047472365275063,0.26808661582108406,0.26372930977201436,mountain,mountain,True
lln_convergence,analytical,0.110402,2.1603945683061705e-06,2.2546654458851707e-06,0.002100844510651439,1.1033868130839613e-06,3.43724292978687e-05,mountain,mountain,True
lobs_theorem,powerless,0.09084,2.026910696919324e-07,1.956927695787584e-07,0.0006311032707324072,9.957283415132512e-08,3.785681464751889e-06,mountain,mountain,True
lobs_theorem,moderate,0.079998,2.3093065865718957e-14,2.28962918494325e-14,2.1490760299348777e-07,1.1497776216529816e-14,1.3206830073997367e-09,mountain,mountain,True
lobs_theorem,institutional,-0.00955,0.05225489703994835,0.31934472327361857,0.44423409457143415,0.04913347937360198,0.05117249372040522,mountain,mountain,True
lobs_theorem,analytical,0.110402,3.2579465519273214e-07,3.400217551338218e-07,0.0008158358283145231,1.6639702256925781e-07,5.184531822386724e-06,mountain,mountain,True
local_vs_global_optima,powerless,0.13626,3.4346537563711765e-05,4.5223191572931926e-05,0.008857106121077471,1.96120501570497e-05,9.590132227277337e-05,mountain,mountain,True
local_vs_global_optima,moderate,0.119997,5.20001217344988e-13,5.201083342946381e-13,1.0198318143051182e-06,2.6001892869159244e-13,8.784403426886911e-09,mountain,mountain,True
local_vs_global_optima,institutional,-0.014325,0.1284401449351297,0.7827068540665388,0.6936118460530667,0.11907367763998677,0.12101574044094598,mountain,mountain,True
local_vs_global_optima,analytical,0.165603,0.0016492319606454511,0.004548428894057699,0.07145182586297744,0.0012762051067322904,0.0018905568153703145,mountain,mountain,True
logistic_map_dynamics,powerless,0.13626,3.4346537563711765e-05,4.5223191572931926e-05,0.008857106121077471,1.96120501570497e-05,9.590132227277337e-05,mountain,mountain,True
logistic_map_dynamics,moderate,0.119997,5.20001217344988e-13,5.201083342946381e-13,1.0198318143051182e-06,2.6001892869159244e-13,8.784403426886911e-09,mountain,mountain,True
logistic_map_dynamics,institutional,-0.014325,0.1284401449351297,0.7827068540665388,0.6936118460530667,0.11907367763998677,0.12101574044094598,mountain,mountain,True
logistic_map_dynamics,analytical,0.165603,0.0016492319606454511,0.004548428894057699,0.07145182586297744,0.0012762051067322904,0.0018905568153703145,mountain,mountain,True
lorenz_attractor,powerless,0.09084,2.026910696919324e-07,1.956927695787584e-07,0.0006311032707324072,9.957283415132512e-08,3.785681464751889e-06,mountain,mountain,True
lorenz_attractor,moderate,0.079998,2.3093065865718957e-14,2.28962918494325e-14,2.1490760299348777e-07,1.1497776216529816e-14,1.3206830073997367e-09,mountain,mountain,True
lorenz_attractor,institutional,-0.00955,0.05225489703994835,0.31934472327361857,0.44423409457143415,0.04913347937360198,0.05117249372040522,mountain,mountain,True
lorenz_attractor,analytical,0.110402,3.2579465519273214e-07,3.400217551338218e-07,0.0008158358283145231,1.6639702256925781e-07,5.184531822386724e-06,mountain,mountain,True
lorenz_attractor_dynamics,powerless,0.09084,1.3468414487096588e-06,1.300286930222996e-06,0.0016268102795383656,6.616278847186579e-07,2.513172465057334e-05,mountain,mountain,True
lorenz_attractor_dynamics,moderate,0.079998,1.5285891536206874e-13,1.5256865782383174e-13,5.527507362065157e-07,7.63483627406917e-14,8.765720815873124e-09,mountain,mountain,True
lorenz_attractor_dynamics,institutional,-0.00955,0.30441971905114545,1.611121073605155,1.047472365275063,0.26808661582108406,0.26372930977201436,mountain,mountain,True
lorenz_attractor_dynamics,analytical,0.110402,2.1603945683061705e-06,2.2546654458851707e-06,0.002100844510651439,1.1033868130839613e-06,3.43724292978687e-05,mountain,mountain,True
lowenheim_skolem_theorem,powerless,0.13626,2.730279028570617e-05,3.5949374266308514e-05,0.007896875560758833,1.5590140650892342e-05,7.623432689174425e-05,mountain,mountain,True
lowenheim_skolem_theorem,moderate,0.119997,4.132238557376591e-13,4.13497107665991e-13,9.088486839519166e-07,2.066924304130193e-13,6.982801670218919e-09,mountain,mountain,True
lowenheim_skolem_theorem,institutional,-0.014325,0.10340849699810349,0.6392197195539203,0.6237856691241498,0.09649112264130194,0.09863579103813724,mountain,mountain,True
lowenheim_skolem_theorem,analytical,0.165603,0.0013112644818884492,0.0036172414796492025,0.06371445995193167,0.0010147972723359908,0.0015034062402410342,mountain,mountain,True
lp_pikachu_illustrator,powerless,0.3536,2.102653164720019,3.513923195526627,2.161818588567182,1.0589475795176837,0.8641144787150492,snare,tangled_rope,False
lp_pikachu_illustrator,moderate,0.752415,0.19571259246102637,0.3488950088549993,0.714016611615185,0.12610693872214462,0.23410659444876036,snare,snare,True
lp_pikachu_illustrator,institutional,-0.059001,22.149548676210134,19.4196665053186,3.106096473419766,1.9645056833187364,0.9908948992590417,snare,rope,False
lp_pikachu_illustrator,analytical,0.931553,9.73042070348216,3.603955837511391,2.7867119815375165,1.6469786391407286,0.9675048345495522,snare,piton,False
lsd_microdosing_professional_openness,powerless,0.56518,0.0046912676625552475,0.0038393460876966256,0.09201281220290054,0.002116216099485008,0.013538037803812353,snare,snare,True
lsd_microdosing_professional_openness,moderate,0.575376,0.00592541871135997,0.00471621820402281,0.10265342525296509,0.0026338531274138605,0.014841257307039557,snare,snare,True
lsd_microdosing_professional_openness,institutional,0.151521,18.119897992985397,11.741579869194965,3.023086660815833,1.881563339182892,0.9705653732108799,snare,rope,False
lsd_microdosing_professional_openness,analytical,0.712364,0.00015323424776875785,0.0001635943142136412,0.017452145327605903,7.614386097161717e-05,0.002713790650304526,snare,snare,True
lula_hemisphere_2026,powerless,0.3016,4.498073957461461,0.8615950909766986,1.6833630089868357,0.667580475863961,0.5646779459816035,snare,tangled_rope,False
lula_hemisphere_2026,moderate,0.641765,0.00015185079539423992,0.00015153474309026715,0.01741733932311622,7.58404479548801e-05,0.008622443073721064,snare,snare,True
lula_hemisphere_2026,institutional,-0.024506,13.350957086787304,14.597803227046715,2.7346517314615566,1.5958611790586013,0.8685857301558844,snare,rope,False
lula_hemisphere_2026,analytical,0.79456,0.969506465585993,0.6018923508863953,1.2234604488959304,0.3626887956502722,0.5089088812727118,snare,tangled_rope,False
lung_transplant_protocol,powerless,0.56518,0.042112335326522934,0.04518869943713915,0.29532735713286623,0.021764970842837187,0.13858444791060787,tangled_rope,tangled_rope,True
lung_transplant_protocol,moderate,0.442089,0.2750167866073236,0.16928068735021673,0.6516558607903667,0.10522792759339555,0.21931614636287153,tangled_rope,tangled_rope,True
lung_transplant_protocol,institutional,-0.021971,7.449198902300622,11.971250557041431,2.6739698845728,1.5366262486165365,0.8958042226211117,tangled_rope,rope,False
lung_transplant_protocol,analytical,0.712364,0.0007925270754015961,0.0007697857440317467,0.03942510431366474,0.00038857212952567415,0.017164046997790172,tangled_rope,tangled_rope,True
lyapunov_stability,powerless,0.13626,3.4346537563711765e-05,4.5223191572931926e-05,0.008857106121077471,1.96120501570497e-05,9.590132227277337e-05,mountain,mountain,True
lyapunov_stability,moderate,0.119997,5.20001217344988e-13,5.201083342946381e-13,1.0198318143051182e-06,2.6001892869159244e-13,8.784403426886911e-09,mountain,mountain,True
lyapunov_stability,institutional,-0.014325,0.1284401449351297,0.7827068540665388,0.6936118460530667,0.11907367763998677,0.12101574044094598,mountain,mountain,True
lyapunov_stability,analytical,0.165603,0.0016492319606454511,0.004548428894057699,0.07145182586297744,0.0012762051067322904,0.0018905568153703145,mountain,mountain,True
magna_carta_liberties,powerless,0.413016,0.012000717634050324,0.018691406689623446,0.17193953085999156,0.007386249694950716,0.021748030817233567,tangled_rope,tangled_rope,True
magna_carta_liberties,moderate,0.420467,0.01956506243449039,0.03317027611623507,0.22362481282721816,0.012488994624781202,0.03104836186867139,tangled_rope,tangled_rope,True
magna_carta_liberties,institutional,0.19891,0.11678958494031576,0.1871370250175752,0.41502755979861716,0.04290766272318547,0.04046102756611249,tangled_rope,tangled_rope,True
magna_carta_liberties,analytical,0.520574,0.46815710158542345,1.2913357890641977,1.1946789598042997,0.34633013045307504,0.39071782035988717,tangled_rope,tangled_rope,True
maha_recovery_2026,powerless,0.39448,1.7961804050625079,0.77620341217867,1.4854050749851693,0.5267128483843824,0.559360901124317,snare,tangled_rope,False
maha_recovery_2026,moderate,0.641765,0.00015307661331721124,0.00015317378234686122,0.017498805592115422,7.655156093745314e-05,0.008585031042155411,snare,snare,True
maha_recovery_2026,institutional,-0.024506,13.329546974072345,14.213703019261628,2.6382599983441137,1.501963718873946,0.8543300919553047,snare,rope,False
maha_recovery_2026,analytical,0.79456,0.977698119148956,0.613718644442507,1.232258069100065,0.36775695928929264,0.5151062561416241,snare,tangled_rope,False
maintenance_capacity_shortfall,powerless,0.135203,7.566952467275328,3.8664969223618337,1.6020923153603719,0.6080882787074589,0.34828595341874113,tangled_rope,tangled_rope,True
maintenance_capacity_shortfall,moderate,0.641765,0.0001625215704105067,0.00016741717056133695,0.018154385656934523,8.239486389634455e-05,0.008075976335080615,tangled_rope,tangled_rope,True
maintenance_capacity_shortfall,institutional,-0.024506,8.93562672046415,14.290334409376495,2.648949583325645,1.51232363366711,0.9088164531710502,tangled_rope,rope,False
maintenance_capacity_shortfall,analytical,0.79456,0.6733080659449923,0.3350217973624727,0.9554784388751437,0.22392672699499724,0.3245478603281996,tangled_rope,tangled_rope,True
maladaptive_selection_process,powerless,0.630393,0.0008348389266855385,0.0008431999176051142,0.04096220011009432,0.0004194607963649924,0.01952256913061501,tangled_rope,tangled_rope,True
maladaptive_selection_process,moderate,0.435878,0.6389381683784066,0.3233946408765238,0.9372005441861532,0.21559733567309972,0.32204685633046193,tangled_rope,tangled_rope,True
maladaptive_selection_process,institutional,0.010072,8.56686826442456,13.076887146688302,2.4829024775893442,1.3531532310730299,0.8396707575932139,tangled_rope,rope,False
maladaptive_selection_process,analytical,0.79456,0.6733080659449923,0.3350217973624727,0.9554784388751437,0.22392672699499724,0.3245478603281996,tangled_rope,tangled_rope,True
mandatrophic_margin_collapse_diagnostic,powerless,0.3536,2.1607623879100117,3.550993353737973,2.231973799666092,1.121417757013032,0.8809908600518885,snare,tangled_rope,False
mandatrophic_margin_collapse_diagnostic,moderate,0.752415,0.02986411811979079,0.04641594215957581,0.2711794030880075,0.018356418393979966,0.05249181154632376,snare,snare,True
mandatrophic_margin_collapse_diagnostic,institutional,0.011808,22.629663238728913,20.342964468694653,3.1208283856902663,1.9792361051240552,0.989009309907647,snare,rope,False
mandatrophic_margin_collapse_diagnostic,analytical,0.931553,5.257653840543186,4.083694888483468,2.748468477618723,1.6094024385792383,0.9784225199376132,snare,tangled_rope,False
manga_distribution_duopoly,powerless,0.2808,7.7547719703100855,11.471045360100309,3.089982678446365,1.9483957524904363,0.9989878855731613,snare,rope,False
manga_distribution_duopoly,moderate,0.597506,8.149509250958005e-05,6.081873773988702e-05,0.011750284521671045,3.4517197298151e-05,0.00023847468239723835,snare,snare,True
manga_distribution_duopoly,institutional,-0.043339,23.014564010657686,11.537216044188364,3.1352182433485236,1.993625600550895,0.9994137033410379,snare,rope,False
manga_distribution_duopoly,analytical,0.739763,0.0004984980322244514,0.0006181199168901831,0.032527026338457804,0.0002644960305539362,0.0010215743470430748,snare,snare,True
manganese_catalysis_2026,powerless,0.413016,0.0005707536560602569,0.000405224523113563,0.030830868426504805,0.00023763090612999925,0.0008353134833366966,tangled_rope,tangled_rope,True
manganese_catalysis_2026,moderate,0.420467,0.0008090471370607584,0.0005366241577535005,0.03596210214036446,0.000323309486461159,0.0009270643247084521,tangled_rope,tangled_rope,True
manganese_catalysis_2026,institutional,-0.016056,3.585220075186527,6.386983159893552,2.738972115263682,1.6000933781918905,0.9714060164741113,tangled_rope,rope,False
manganese_catalysis_2026,analytical,0.520574,0.0057244265473393235,0.0036558951493693252,0.08030796819576845,0.0016121258132306246,0.0012282283021063322,tangled_rope,tangled_rope,True
marriage_market_asymmetry_2026,powerless,0.630393,0.0008865956466750146,0.0008834714380283522,0.04207200633752718,0.00044249711137888726,0.020871191805839295,snare,snare,True
marriage_market_asymmetry_2026,moderate,0.641765,0.00015292057016963443,0.000152693958749983,0.01748133169568183,7.639875306103292e-05,0.008680812221841416,snare,snare,True
marriage_market_asymmetry_2026,institutional,-0.008431,12.821386675441673,13.691313909957374,2.5916479209220333,1.4569593169682795,0.831264626308914,snare,rope,False
marriage_market_asymmetry_2026,analytical,0.79456,0.9556340946088397,0.5833608235832104,1.2089498870220754,0.3543987670759751,0.4983995499442636,snare,tangled_rope,False
mars_rovers_navigational_autonomy,powerless,0.20439,0.2381908194649507,0.5823218649007541,0.838243273772353,0.17310650045294704,0.23672966595692857,mountain,mountain,True
mars_rovers_navigational_autonomy,moderate,0.179996,1.2493645787535787e-09,1.2491611190050158e-09,4.9985256134227024e-05,6.246314361455391e-10,5.006330435763928e-06,mountain,mountain,True
mars_rovers_navigational_autonomy,institutional,-0.021488,0.3049742828404997,0.7650411254682257,0.9519256874211762,0.22229607194731052,0.287185766717176,mountain,mountain,True
mars_rovers_navigational_autonomy,analytical,0.248404,7.149821003416324,4.582755074111594,2.887386486321332,1.7464777383854786,0.989174521222381,mountain,rope,False
martian_signal_latency,powerless,0.09084,2.026910696919324e-07,1.956927695787584e-07,0.0006311032707324072,9.957283415132512e-08,3.785681464751889e-06,mountain,mountain,True
martian_signal_latency,moderate,0.079998,2.3093065865718957e-14,2.28962918494325e-14,2.1490760299348777e-07,1.1497776216529816e-14,1.3206830073997367e-09,mountain,mountain,True
martian_signal_latency,institutional,-0.00955,0.05225489703994835,0.31934472327361857,0.44423409457143415,0.04913347937360198,0.05117249372040522,mountain,mountain,True
martian_signal_latency,analytical,0.110402,3.2579465519273214e-07,3.400217551338218e-07,0.0008158358283145231,1.6639702256925781e-07,5.184531822386724e-06,mountain,mountain,True
matching_markets,powerless,0.413016,0.015005819571058657,0.010584352578889377,0.158138507403205,0.00624869032300508,0.02333818956681899,tangled_rope,tangled_rope,True
matching_markets,moderate,0.420467,0.0212486638862114,0.013834070269683682,0.18407070968990363,0.008464529105965459,0.02602199539210226,tangled_rope,tangled_rope,True
matching_markets,institutional,-0.016056,6.667051131903242,3.353855246583776,2.7059028849330793,1.5677481079283557,0.9634409734143856,tangled_rope,rope,False
matching_markets,analytical,0.520574,0.13840164230876412,0.034484962178273786,0.34528458691100306,0.02973140503564405,0.03534076193474556,tangled_rope,tangled_rope,True
material_tensile_strength,powerless,0.09084,2.026910696919324e-07,1.956927695787584e-07,0.0006311032707324072,9.957283415132512e-08,3.785681464751889e-06,mountain,mountain,True
material_tensile_strength,moderate,0.079998,2.3093065865718957e-14,2.28962918494325e-14,2.1490760299348777e-07,1.1497776216529816e-14,1.3206830073997367e-09,mountain,mountain,True
material_tensile_strength,institutional,-0.00955,0.05225489703994835,0.31934472327361857,0.44423409457143415,0.04913347937360198,0.05117249372040522,mountain,mountain,True
material_tensile_strength,analytical,0.110402,3.2579465519273214e-07,3.400217551338218e-07,0.0008158358283145231,1.6639702256925781e-07,5.184531822386724e-06,mountain,mountain,True
max_flow,powerless,0.56518,0.015735682030402015,0.01863339133175189,0.18489135306452306,0.008540118377482935,0.054556274914784875,tangled_rope,tangled_rope,True
max_flow,moderate,0.575376,0.020899998923317203,0.025277630213041264,0.21415937858789622,0.011455108168398169,0.06441714067843596,tangled_rope,tangled_rope,True
max_flow,institutional,-0.03817,4.00741666954693,12.043803788165748,2.6654249221273374,1.528318045569912,0.9404009540602358,tangled_rope,rope,False
max_flow,analytical,0.712364,0.00035312701733769634,0.0003966827466325528,0.026941111476974387,0.000181453128067164,0.00573448843836008,tangled_rope,tangled_rope,True
mco_unit_system_discontinuity,powerless,0.195639,0.0006445068224090115,0.0007348141377263159,0.037079027980255724,0.0003437037341840333,0.0034673653101886526,rope,rope,True
mco_unit_system_discontinuity,moderate,0.199169,0.0010059793690080949,0.0011816566480699674,0.04665804238748048,0.0005442185469148238,0.0044724550801096274,rope,rope,True
mco_unit_system_discontinuity,institutional,-0.007605,0.02112182158893386,0.006377834257248275,0.14444169143729801,0.005213583859021651,0.007028395435616175,rope,rope,True
mco_unit_system_discontinuity,analytical,0.246588,0.021557726237108676,0.03761975934871979,0.23624822822777458,0.013937089316380621,0.033425980216331364,rope,rope,True
mean_value_theorem,powerless,0.09084,2.026910696919324e-07,1.956927695787584e-07,0.0006311032707324072,9.957283415132512e-08,3.785681464751889e-06,mountain,mountain,True
mean_value_theorem,moderate,0.079998,2.3093065865718957e-14,2.28962918494325e-14,2.1490760299348777e-07,1.1497776216529816e-14,1.3206830073997367e-09,mountain,mountain,True
mean_value_theorem,institutional,-0.00955,0.05225489703994835,0.31934472327361857,0.44423409457143415,0.04913347937360198,0.05117249372040522,mountain,mountain,True
mean_value_theorem,analytical,0.110402,3.2579465519273214e-07,3.400217551338218e-07,0.0008158358283145231,1.6639702256925781e-07,5.184531822386724e-06,mountain,mountain,True
med_diet_consensus_2026,powerless,0.56518,0.00018553062962612218,0.00022374436771511986,0.020132968758110426,0.00010133325203972759,0.0006308950151962875,tangled_rope,tangled_rope,True
med_diet_consensus_2026,moderate,0.575376,0.000248470916774053,0.00030733404274515646,0.023426039837867785,0.00013719326709303467,0.0007533196976779532,tangled_rope,tangled_rope,True
med_diet_consensus_2026,institutional,-0.021971,3.6715957222357085,11.381199247197143,2.8146170420451093,1.674479024768942,0.9736433110900455,tangled_rope,rope,False
med_diet_consensus_2026,analytical,0.712364,7.867545484815597e-05,5.071339265176308e-05,0.009638907994795587,2.3227091874593253e-05,6.202060934102239e-05,tangled_rope,tangled_rope,True
medical_residency_match,powerless,0.413016,0.004321467013019597,0.006713280423853019,0.10302438815258516,0.002652919432547702,0.007708732485144758,tangled_rope,tangled_rope,True
medical_residency_match,moderate,0.420467,0.007049130252520704,0.011972190877014628,0.13413737197266679,0.004496522735988567,0.011073974637950703,tangled_rope,tangled_rope,True
medical_residency_match,institutional,-0.016056,2.2002810917739373,6.926337063434533,2.4196844483276285,1.2936659711563643,0.8833122472369225,tangled_rope,rope,False
medical_residency_match,analytical,0.520574,0.19320756307198977,0.6348198899976858,0.792176328465305,0.15484543304489007,0.18366831775439826,tangled_rope,tangled_rope,True
medieval_church_hegemony,powerless,0.3016,4.913419709859274,0.9976192148909532,1.8013504719600217,0.7578382078243593,0.6245286172438945,snare,tangled_rope,False
medieval_church_hegemony,moderate,0.641765,0.00016426996337572764,0.00016785656282097117,0.018216179516110462,8.295672554950964e-05,0.008234130903001735,snare,snare,True
medieval_church_hegemony,institutional,-0.024506,14.439798659048506,14.309590779546705,2.6658783839732627,1.5287587281306951,0.8519526812206717,snare,rope,False
medieval_church_hegemony,analytical,0.79456,1.0252842239420819,0.6963920748577435,1.2882920739168253,0.4007742464903634,0.5543674708071646,snare,tangled_rope,False
memetic_fitness_vs_truth,powerless,0.3016,5.339864322347127,6.297522793462578,2.7859409659179897,1.646219755700764,0.9780662960534184,snare,tangled_rope,False
memetic_fitness_vs_truth,moderate,0.641765,0.0011935499469970102,0.001427541361572516,0.05104099368562488,0.000651260411024309,0.004726186097899519,snare,snare,True
memetic_fitness_vs_truth,institutional,-0.008431,22.622091357222214,15.163595325199395,3.120956974860095,1.979364687406544,0.9928764239830381,snare,rope,False
memetic_fitness_vs_truth,analytical,0.79456,1.1412812590388468,2.689274442768793,1.782339835159188,0.7429950277145507,0.6904559960642422,snare,piton,False
meta_model_lock_in,powerless,0.3016,4.533199320264565,0.8620553222554574,1.6923247735233027,0.6742771948681852,0.5697892422375538,snare,tangled_rope,False
meta_model_lock_in,moderate,0.641765,0.00015269739340484598,0.00015267240161400062,0.017473888788967776,7.633371177818297e-05,0.008598837815198102,snare,snare,True
meta_model_lock_in,institutional,0.169004,10.216378969890055,1.871035307541451,1.7817464143394022,0.742533515843595,0.569895266174106,snare,tangled_rope,False
meta_model_lock_in,analytical,0.79456,0.9748454828322008,0.6095509754850228,1.2291730857799055,0.3659761506302549,0.5129254154315126,snare,tangled_rope,False
meta_nda,powerless,0.630393,0.000885978735682488,0.0008827357481421316,0.04205582880479283,0.00044215689126096333,0.0208551358514244,snare,snare,True
meta_nda,moderate,0.641765,0.00015281587019319367,0.00015250432357118173,0.017472516877281647,7.632172608469496e-05,0.008674696596917553,snare,snare,True
meta_nda,institutional,-0.024506,13.247491330125323,14.633326193625471,2.7903039851472267,1.6505148111692496,0.8584139004186379,snare,rope,False
meta_nda,analytical,0.79456,0.9572398659591479,0.5854293830228323,1.210605048534245,0.35534000866672316,0.49960505889860995,snare,tangled_rope,False
meta_nuclear_power_agreement,powerless,0.56518,0.00022463015069293932,0.00021002032985438794,0.020589729412996388,0.00010598330327329408,0.0004223723461910687,tangled_rope,tangled_rope,True
meta_nuclear_power_agreement,moderate,0.575376,0.00030505167554817223,0.00028039637034866897,0.023772838813817563,0.00014128530282409927,0.0005043536266838333,tangled_rope,tangled_rope,True
meta_nuclear_power_agreement,institutional,-0.021971,6.307004574290662,8.854672145065994,3.031916841304403,1.8903791488930954,0.9975362656138251,tangled_rope,rope,False
meta_nuclear_power_agreement,analytical,0.712364,0.0008127662936067277,0.00015075631487750554,0.023268701510023727,0.00013535659067910564,0.00019602719505806832,tangled_rope,tangled_rope,True
meta_pay_or_okay_model,powerless,0.630393,0.0008972770574864608,0.0008959153058875297,0.042345832698507925,0.00044827563981094043,0.021143106198906914,snare,snare,True
meta_pay_or_okay_model,moderate,0.641765,0.00015461199099205792,0.00015440875009259421,0.01757785615775844,7.7244759541013e-05,0.008777783464951505,snare,snare,True
meta_pay_or_okay_model,institutional,0.406545,1.401320560728828,0.635018794352833,1.3357022642693825,0.42969145602702863,0.49715665746168874,snare,tangled_rope,False
meta_pay_or_okay_model,analytical,0.79456,0.9133099353851144,0.5330679813056202,1.1670433887583311,0.33094501190278897,0.4684203426175567,snare,tangled_rope,False
metabolic_constraint_cognition,powerless,0.56518,0.04516353901039393,0.04750883174350035,0.3043446925167626,0.023111772449295354,0.1470986214302531,tangled_rope,tangled_rope,True
metabolic_constraint_cognition,moderate,0.575376,0.05888327094274605,0.062061977875505006,0.34767541030119886,0.030143522593933485,0.16870857564387404,tangled_rope,tangled_rope,True
metabolic_constraint_cognition,institutional,-0.03817,9.387693539613451,11.408478911790858,2.934549551940845,1.7933265037786104,0.71641497296663,tangled_rope,rope,False
metabolic_constraint_cognition,analytical,0.712364,0.0009032660075979983,0.0008527521905265131,0.04159698469521152,0.0004325616905661832,0.018845783704815267,tangled_rope,tangled_rope,True
metamorphosis_samsa,powerless,0.739082,0.00044728624908255105,0.0006445170508351056,0.03263146291735801,0.0002661971877437057,0.0009855211444556033,snare,snare,True
metamorphosis_samsa,moderate,0.752415,0.000885002648763358,0.0014240729229502242,0.047043489695947294,0.0005532469719602024,0.0015898597670289671,snare,snare,True
metamorphosis_samsa,institutional,0.011808,23.015670751622505,18.388505521587824,3.1411572930042113,1.9995646394178561,0.9995132448604168,snare,rope,False
metamorphosis_samsa,analytical,0.931553,1.973934344236322,6.172792653361551,2.335665613938243,1.2157075783850742,0.8613092511631217,snare,tangled_rope,False
mexican_airline_merger,powerless,0.56518,0.015735682030402015,0.01863339133175189,0.18489135306452306,0.008540118377482935,0.054556274914784875,tangled_rope,tangled_rope,True
mexican_airline_merger,moderate,0.575376,0.020899998923317203,0.025277630213041264,0.21415937858789622,0.011455108168398169,0.06441714067843596,tangled_rope,tangled_rope,True
mexican_airline_merger,institutional,0.403807,0.17454337894658456,0.06356422504522904,0.4422005937005573,0.04868651744892636,0.06869607326445634,tangled_rope,tangled_rope,True
mexican_airline_merger,analytical,0.712364,0.00035312701733769634,0.0003966827466325528,0.026941111476974387,0.000181453128067164,0.00573448843836008,tangled_rope,tangled_rope,True
micro_robot_electronics_integration,powerless,0.56518,0.048006563310710494,0.049149775138238656,0.31168062431801913,0.024237091029204478,0.15423219427174745,tangled_rope,snare,False
micro_robot_electronics_integration,moderate,0.575376,0.06234616816009826,0.0637094112988158,0.35502316268107864,0.03142770646184028,0.17585558189627576,tangled_rope,snare,False
micro_robot_electronics_integration,institutional,0.151521,7.0623335472368485,1.9128305777860013,1.4775499300412538,0.5214119386257366,0.3675424939031931,tangled_rope,tangled_rope,True
micro_robot_electronics_integration,analytical,0.712364,0.0009440949799579914,0.0009328542453278237,0.04327853659763938,0.0004682396606692084,0.020688528338595025,tangled_rope,tangled_rope,True
microrobot_manipulation,powerless,0.200584,3.5094383705378505e-05,3.484421566264835e-05,0.008362347244225047,1.7482187389073852e-05,0.0027505516936274788,rope,rope,True
microrobot_manipulation,moderate,0.181551,4.031876445515382e-07,4.0288726282325816e-07,0.0008978163418068333,2.015185423916794e-07,0.0002965374700966139,rope,rope,True
microrobot_manipulation,institutional,-0.007605,0.12358147750961124,0.1567040470455533,0.5265732209272916,0.06892032670236685,0.21697289110663315,rope,rope,True
microrobot_manipulation,analytical,0.246588,1.610115060298906e-07,7.758193082452852e-08,0.0004375442024735579,4.786123204642831e-08,0.0001070363063052221,rope,rope,True
minimax_theorem,powerless,0.09084,2.026910696919324e-07,1.956927695787584e-07,0.0006311032707324072,9.957283415132512e-08,3.785681464751889e-06,mountain,mountain,True
minimax_theorem,moderate,0.079998,2.3093065865718957e-14,2.28962918494325e-14,2.1490760299348777e-07,1.1497776216529816e-14,1.3206830073997367e-09,mountain,mountain,True
minimax_theorem,institutional,-0.00955,0.05225489703994835,0.31934472327361857,0.44423409457143415,0.04913347937360198,0.05117249372040522,mountain,mountain,True
minimax_theorem,analytical,0.110402,3.2579465519273214e-07,3.400217551338218e-07,0.0008158358283145231,1.6639702256925781e-07,5.184531822386724e-06,mountain,mountain,True
minnesota_sovereignty_2026,powerless,0.3016,4.590854111276769,0.8815254518754129,1.7084378767618853,0.6863846482101913,0.5779188458356345,snare,tangled_rope,False
minnesota_sovereignty_2026,moderate,0.641765,0.0001547761801719798,0.00015531276292620017,0.01760722340655693,7.750307845658095e-05,0.008558586029067228,snare,snare,True
minnesota_sovereignty_2026,institutional,0.063872,12.933066517601798,8.439933378383763,2.20120010136225,1.0938774595737055,0.578028457455381,snare,rope,False
minnesota_sovereignty_2026,analytical,0.79456,0.9832138324170167,0.6220743480444271,1.2382798182501984,0.37124420279070114,0.5192721647615954,snare,tangled_rope,False
mirror_of_erised_expectation,powerless,0.630393,0.0005781234576081279,0.0006487122477035969,0.034977156782483323,0.000305842578855177,0.003000153804381534,snare,snare,True
mirror_of_erised_expectation,moderate,0.641765,0.0011935499469970102,0.001427541361572516,0.05104099368562488,0.000651260411024309,0.004726186097899519,snare,snare,True
mirror_of_erised_expectation,institutional,-0.042575,22.629404807102482,15.177069785542399,3.123141459915581,1.9815490680598904,0.9936688616284453,snare,rope,False
mirror_of_erised_expectation,analytical,0.79456,1.1412812590388468,2.689274442768793,1.782339835159188,0.7429950277145507,0.6904559960642422,snare,piton,False
misunderstanding_as_mismatch,powerless,0.56518,0.0456667624388137,0.04785055154886819,0.30574110281388517,0.023323930165248648,0.1484564411031184,tangled_rope,tangled_rope,True
misunderstanding_as_mismatch,moderate,0.575376,0.05950481555521146,0.06243657547964706,0.3491209566929233,0.030394063830766115,0.1701183320542472,tangled_rope,tangled_rope,True
misunderstanding_as_mismatch,institutional,-0.021971,8.130805884920767,11.881868446395423,2.5718651113579454,1.4379465698984746,0.8851096712420413,tangled_rope,rope,False
misunderstanding_as_mismatch,analytical,0.712364,0.0011888913737262425,0.0014389410964694416,0.05061605084805256,0.0006404619653165224,0.019281650972716224,tangled_rope,tangled_rope,True
mit_tfus_consciousness_2026,powerless,0.529707,0.003420172918793689,0.004114427828502539,0.08652123282180257,0.0018711890803848876,0.012969575714452009,snare,snare,True
mit_tfus_consciousness_2026,moderate,0.641765,1.0703804145958574e-05,1.0327365754950464e-05,0.004577480451822896,5.238329535158617e-06,0.0005776381836559707,snare,snare,True
mit_tfus_consciousness_2026,institutional,-0.024506,22.663720077568,15.013880819101614,3.1316271697180023,1.9900345573648606,0.9830115853826289,snare,rope,False
mit_tfus_consciousness_2026,analytical,0.79456,0.2517405632730344,0.5443793783557467,0.8421978240637462,0.17471940758407029,0.25782654512787595,snare,snare,True
mltt_economic_model,powerless,0.56518,0.00010658617517804232,7.47137268737208e-05,0.013166738748290711,4.3340595781299385e-05,6.851534103732967e-05,tangled_rope,tangled_rope,True
mltt_economic_model,moderate,0.575376,0.00014614102493348285,9.532691114873147e-05,0.015041160117888414,5.6558857845531673e-05,8.181954276209055e-05,tangled_rope,tangled_rope,True
mltt_economic_model,institutional,-0.021971,6.121992509680151,9.126760540701303,3.0270435218458753,1.8855134853532622,0.9976160619927373,tangled_rope,rope,False
mltt_economic_model,analytical,0.712364,0.0006642852710848719,0.00011126022819550422,0.020255996361332573,0.00010257547032487305,0.00012070269199337957,tangled_rope,tangled_rope,True
model_autonomy_creep,powerless,0.3016,4.590854111276769,0.8815254518754129,1.7084378767618853,0.6863846482101913,0.5779188458356345,snare,tangled_rope,False
model_autonomy_creep,moderate,0.547191,0.012842968893892668,0.012948900706631876,0.16059735173177153,0.006444413496849009,0.0799775726767159,snare,tangled_rope,False
model_autonomy_creep,institutional,-0.024506,13.451264551256886,14.253966909424056,2.6459099470214937,1.5093763103179594,0.857166363758337,snare,rope,False
model_autonomy_creep,analytical,0.79456,0.9832138324170167,0.6220743480444271,1.2382798182501984,0.37124420279070114,0.5192721647615954,snare,tangled_rope,False
model_collapse_feedback_loop,powerless,0.353671,1.700280988765793,0.4619031844588428,1.2349022411424013,0.36928640033752663,0.3746942336000481,tangled_rope,tangled_rope,True
model_collapse_feedback_loop,moderate,0.575376,0.06268179334849551,0.06376316682470232,0.3555769454479713,0.03152556933235385,0.17639902736736968,tangled_rope,snare,False
model_collapse_feedback_loop,institutional,-0.021971,9.211305010249216,11.738069373391989,2.5284721464247064,1.3964378955701757,0.852246854333815,tangled_rope,rope,False
model_collapse_feedback_loop,analytical,0.712364,0.0009585819283254864,0.0009528670010176377,0.04366779169313024,0.0004767000697220546,0.0209141862334305,tangled_rope,tangled_rope,True
model_of_models_regression,powerless,0.3016,2.860223659497747,0.4606214499289143,1.254441416496279,0.3806764188332022,0.34824324733157497,tangled_rope,tangled_rope,True
model_of_models_regression,moderate,0.641765,0.0001625215704105067,0.00016741717056133695,0.018154385656934523,8.239486389634455e-05,0.008075976335080615,tangled_rope,tangled_rope,True
model_of_models_regression,institutional,-0.024506,8.93562672046415,14.290334409376495,2.648949583325645,1.51232363366711,0.9088164531710502,tangled_rope,rope,False
model_of_models_regression,analytical,0.79456,0.6733080659449923,0.3350217973624727,0.9554784388751437,0.22392672699499724,0.3245478603281996,tangled_rope,tangled_rope,True
moltbook_agent_theater,powerless,0.739082,0.19156179927200295,0.19291786639598868,0.618167735187144,0.09477471139351039,0.2834746337575624,snare,tangled_rope,False
moltbook_agent_theater,moderate,0.752415,0.3226236600632978,0.3132467957132289,0.7930362766819485,0.1551773822260684,0.35216192480018205,snare,tangled_rope,False
moltbook_agent_theater,institutional,-0.049915,13.739015335858918,18.89632683646786,2.9234796224754604,1.782319059998517,0.9693336012691471,snare,rope,False
moltbook_agent_theater,analytical,0.931553,6.333696632284417,2.6269805832463162,2.3098513010616215,1.1920269049608767,0.8458862949864937,snare,piton,False
moltbook_breach_2026,powerless,0.3016,3.390252186164885,14.223518202667506,2.76095708392785,1.6216580970300947,0.9661220704568687,snare,rope,False
moltbook_breach_2026,moderate,0.641765,5.264890698003031e-07,4.7214214185556974e-07,0.0009833457016715668,2.417421873758246e-07,9.42111026769007e-06,snare,snare,True
moltbook_breach_2026,institutional,-0.033992,23.01978013670407,16.178314683903466,3.1407427750524417,1.9991501214882261,0.9998149334331812,snare,rope,False
moltbook_breach_2026,analytical,0.79456,0.005193930467604747,0.014348612185715467,0.1264053325039935,0.003993247477939544,0.00602182602106649,snare,snare,True
moltbot_religion,powerless,0.3016,4.913419709859274,0.9976192148909532,1.8013504719600217,0.7578382078243593,0.6245286172438945,snare,tangled_rope,False
moltbot_religion,moderate,0.641765,0.00016426996337572764,0.00016785656282097117,0.018216179516110462,8.295672554950964e-05,0.008234130903001735,snare,snare,True
moltbot_religion,institutional,-0.024506,14.439798659048506,14.309590779546705,2.6658783839732627,1.5287587281306951,0.8519526812206717,snare,rope,False
moltbot_religion,analytical,0.79456,1.0252842239420819,0.6963920748577435,1.2882920739168253,0.4007742464903634,0.5543674708071646,snare,tangled_rope,False
mom_z14_galaxy_2026,powerless,0.13626,3.4346537563711765e-05,4.5223191572931926e-05,0.008857106121077471,1.96120501570497e-05,9.590132227277337e-05,mountain,mountain,True
mom_z14_galaxy_2026,moderate,0.119997,5.20001217344988e-13,5.201083342946381e-13,1.0198318143051182e-06,2.6001892869159244e-13,8.784403426886911e-09,mountain,mountain,True
mom_z14_galaxy_2026,institutional,-0.014325,0.1284401449351297,0.7827068540665388,0.6936118460530667,0.11907367763998677,0.12101574044094598,mountain,mountain,True
mom_z14_galaxy_2026,analytical,0.165603,0.0016492319606454511,0.004548428894057699,0.07145182586297744,0.0012762051067322904,0.0018905568153703145,mountain,mountain,True
monetary_regime_transition,powerless,0.3016,3.981531879210117,0.7072863270745438,1.5443491781187355,0.5672096694210625,0.49403440078592836,tangled_rope,tangled_rope,True
monetary_regime_transition,moderate,0.641765,0.00017318872437118552,0.0001769761467998158,0.018704831190202373,8.746703991593524e-05,0.00882513050637096,tangled_rope,snare,False
monetary_regime_transition,institutional,-0.024506,11.800671783749909,14.391771685985526,2.6645534159383755,1.5274711679309507,0.8896636410748406,tangled_rope,rope,False
monetary_regime_transition,analytical,0.79456,0.8900765950232121,0.5112345572560263,1.1455155306340752,0.31918080587850584,0.4515758483706998,tangled_rope,tangled_rope,True
monopoly_fp_house_rule,powerless,0.413016,0.0014033586598038628,0.0009686544637176258,0.04807866779778056,0.000577861745141654,0.0021029736813447707,tangled_rope,tangled_rope,True
monopoly_fp_house_rule,moderate,0.420467,0.001982263129854536,0.001258631068652681,0.05583562805585069,0.0007793537188192981,0.0023342903873918293,tangled_rope,tangled_rope,True
monopoly_fp_house_rule,institutional,-0.016056,4.471662202551352,5.647640148651337,2.8194505785550215,1.6792490550157504,0.9858335693733266,tangled_rope,rope,False
monopoly_fp_house_rule,analytical,0.520574,0.012766563081502936,0.0030534751689522597,0.1031287692841698,0.0026582966762706962,0.003094042763034613,tangled_rope,tangled_rope,True
monty_hall_conditional_probability,powerless,0.09084,2.026910696919324e-07,1.956927695787584e-07,0.0006311032707324072,9.957283415132512e-08,3.785681464751889e-06,mountain,mountain,True
monty_hall_conditional_probability,moderate,0.079998,2.3093065865718957e-14,2.28962918494325e-14,2.1490760299348777e-07,1.1497776216529816e-14,1.3206830073997367e-09,mountain,mountain,True
monty_hall_conditional_probability,institutional,-0.00955,0.05225489703994835,0.31934472327361857,0.44423409457143415,0.04913347937360198,0.05117249372040522,mountain,mountain,True
monty_hall_conditional_probability,analytical,0.110402,3.2579465519273214e-07,3.400217551338218e-07,0.0008158358283145231,1.6639702256925781e-07,5.184531822386724e-06,mountain,mountain,True
moores_law,powerless,0.56518,0.00017933387386411516,0.00021593415930302415,0.01978421573950742,9.785300016253825e-05,0.000608633015695054,tangled_rope,tangled_rope,True
moores_law,moderate,0.575376,0.00024012922499901733,0.00029648524314383247,0.023015973672791044,0.00013243229947456484,0.000726741394571193,tangled_rope,tangled_rope,True
moores_law,institutional,-0.048332,4.166382703721036,11.49568854505593,2.8854662936749604,1.7445731525503796,0.9836752522589135,tangled_rope,rope,False
moores_law,analytical,0.712364,6.53215314826504e-05,2.242506638553963e-05,0.007270413467114871,1.3214713443470132e-05,5.981524817772095e-05,tangled_rope,tangled_rope,True
msgs_asset_bundling,powerless,0.56518,0.04421875747633546,0.04683023926917067,0.301647858175195,0.022704768184582856,0.1445364428073025,tangled_rope,tangled_rope,True
msgs_asset_bundling,moderate,0.575376,0.057707594538411414,0.061295890922908415,0.34484686482406945,0.029656257715577946,0.16601679065891467,tangled_rope,tangled_rope,True
msgs_asset_bundling,institutional,-0.021971,7.603840595161866,11.77257670051977,2.5349928307613805,1.4026577645899743,0.8723447249451269,tangled_rope,rope,False
msgs_asset_bundling,analytical,0.712364,0.0008442050409779833,0.0008335699099327685,0.04089195602713298,0.000418023454152575,0.018305166171026566,tangled_rope,tangled_rope,True
mutual_defection_equilibrium,powerless,0.630393,3.4506535499078307e-06,2.576272687014226e-06,0.002410114212522187,1.452162453879242e-06,4.3513050621557525e-05,snare,snare,True
mutual_defection_equilibrium,moderate,0.641765,2.444289851000541e-06,1.2379440301656323e-06,0.001818446199151742,8.266865879570938e-07,1.9184540272942918e-05,snare,snare,True
mutual_defection_equilibrium,institutional,0.063872,23.014589402230495,13.611464945422366,3.1390546395724215,1.9974619866638226,0.9994770307864859,snare,rope,False
mutual_defection_equilibrium,analytical,0.79456,0.00925517444227221,0.024085181029440253,0.16748976952759254,0.007009107927618049,0.010794694535932294,snare,snare,True
n26usc469_real_estate_exemption,powerless,0.56518,0.04421875747633546,0.04683023926917067,0.301647858175195,0.022704768184582856,0.1445364428073025,tangled_rope,tangled_rope,True
n26usc469_real_estate_exemption,moderate,0.575376,0.057707594538411414,0.061295890922908415,0.34484686482406945,0.029656257715577946,0.16601679065891467,tangled_rope,tangled_rope,True
n26usc469_real_estate_exemption,institutional,-0.021971,7.603840595161866,11.77257670051977,2.5349928307613805,1.4026577645899743,0.8723447249451269,tangled_rope,rope,False
n26usc469_real_estate_exemption,analytical,0.712364,0.0008442050409779833,0.0008335699099327685,0.04089195602713298,0.000418023454152575,0.018305166171026566,tangled_rope,tangled_rope,True
naming_as_control,powerless,0.3016,4.866100294040117,0.9774423367537308,1.7872237287327157,0.7467975011837821,0.6175892774107397,snare,tangled_rope,False
naming_as_control,moderate,0.641765,0.0001525363479530036,0.00015351227808458668,0.01749107208157086,7.648391315304028e-05,0.008277779153339493,snare,snare,True
naming_as_control,institutional,-0.024506,14.256628436200211,14.142066532616486,2.639840037209176,1.5034941399120751,0.8386016405799808,snare,rope,False
naming_as_control,analytical,0.79456,1.017995896170704,0.6811414001011024,1.2794223714493755,0.39546359400473957,0.5491700697648784,snare,tangled_rope,False
narcissistic_ego_maintenance,powerless,0.739082,0.001107550637907029,0.0019462815867069417,0.0535809623047385,0.0007176869533873321,0.0018428094223281732,snare,snare,True
narcissistic_ego_maintenance,moderate,0.752415,0.0023193126765199542,0.004767159523756449,0.0800553847486822,0.0016020022435218832,0.003268951492132577,snare,snare,True
narcissistic_ego_maintenance,institutional,-0.054575,23.014264112439694,20.70690030432957,3.1408633094227127,1.999270655849085,0.9997354178644773,snare,rope,False
narcissistic_ego_maintenance,analytical,0.931553,5.449500245811321,8.267958377549522,2.9770495866879854,1.8356424914653167,0.99522204295993,snare,piton,False
narrative_capacity_exhaustion,powerless,0.56518,0.015735682030402015,0.01863339133175189,0.18489135306452306,0.008540118377482935,0.054556274914784875,tangled_rope,tangled_rope,True
narrative_capacity_exhaustion,moderate,0.575376,0.020899998923317203,0.025277630213041264,0.21415937858789622,0.011455108168398169,0.06441714067843596,tangled_rope,tangled_rope,True
narrative_capacity_exhaustion,institutional,-0.021971,3.757999189346797,11.760093726149362,2.595835431515737,1.4609907014487429,0.922272834686685,tangled_rope,rope,False
narrative_capacity_exhaustion,analytical,0.712364,0.00035312701733769634,0.0003966827466325528,0.026941111476974387,0.000181453128067164,0.00573448843836008,tangled_rope,tangled_rope,True
narrative_engineering_2026,powerless,0.56518,0.00017358271465656958,0.0002083043918823481,0.019444124546971454,9.451775037300965e-05,0.0005855669884973123,tangled_rope,tangled_rope,True
narrative_engineering_2026,moderate,0.575376,0.00023244923232063048,0.00028588915412261826,0.02261671044233082,0.00012787753506315072,0.0006992025381164287,tangled_rope,tangled_rope,True
narrative_engineering_2026,institutional,0.00903,3.250252386652701,11.035264063166913,2.7379538807416623,1.5990957583530163,0.9602653719894283,tangled_rope,rope,False
narrative_engineering_2026,analytical,0.712364,6.66872654325084e-05,1.4556523479476388e-05,0.006602067040325509,1.0896812406365188e-05,6.350635792584658e-05,tangled_rope,tangled_rope,True
narrative_overfitting,powerless,0.56518,0.01626373060740003,0.019229491628570083,0.18789959318761745,0.008820073836806845,0.05634931370490315,tangled_rope,tangled_rope,True
narrative_overfitting,moderate,0.575376,0.021596724317573267,0.02607351333990087,0.2176066115524475,0.01182648545386387,0.06650962916954128,tangled_rope,tangled_rope,True
narrative_overfitting,institutional,0.151521,1.6878100998328671,2.6906889403987284,1.1623850048307374,0.3283829290980693,0.2471517357852664,tangled_rope,tangled_rope,True
narrative_overfitting,analytical,0.712364,0.0006075172755381812,0.0008529055127589971,0.037267312839533814,0.0003472031052718087,0.005960940985988747,tangled_rope,tangled_rope,True
nash_equilibrium_coordination,powerless,0.390025,0.002954221699966351,0.0042465606275345425,0.08367576250279758,0.0017501529950666034,0.008656832588247787,rope,rope,True
nash_equilibrium_coordination,moderate,0.353015,1.0556145352295013e-05,1.0831254415319031e-05,0.004624311192884133,5.346061120477308e-06,0.0004092835848551468,rope,rope,True
nash_equilibrium_coordination,institutional,-0.014788,0.019073137529445717,0.009630010843770739,0.1416346530167035,0.005012998153705674,0.01568607228276058,rope,rope,True
nash_equilibrium_coordination,analytical,0.479476,0.13993750326069307,0.44345316220988434,0.6676777762855772,0.11041717857906397,0.14824777313432247,rope,rope,True
nato_arctic_defense_cooperation,powerless,0.3016,4.135482674633136,0.7712445289291658,1.5868274885583376,0.5971674904744461,0.5144394781224464,snare,tangled_rope,False
nato_arctic_defense_cooperation,moderate,0.641765,0.00015461199099205792,0.00015440875009259421,0.01757785615775844,7.7244759541013e-05,0.008777783464951505,snare,snare,True
nato_arctic_defense_cooperation,institutional,0.169004,9.391057441764206,3.040070479989894,1.780572007593705,0.7416204892717385,0.5145239962799143,snare,tangled_rope,False
nato_arctic_defense_cooperation,analytical,0.79456,0.9133099353851144,0.5330679813056202,1.1670433887583311,0.33094501190278897,0.4684203426175567,snare,tangled_rope,False
ncaa_eligibility_rules,powerless,0.3016,4.866100294040117,0.9774423367537308,1.7872237287327157,0.7467975011837821,0.6175892774107397,snare,tangled_rope,False
ncaa_eligibility_rules,moderate,0.547191,0.012542321887420823,0.012756624780114804,0.15905204697182035,0.006321055956676575,0.07844935829344984,snare,snare,True
ncaa_eligibility_rules,institutional,-0.024506,14.256628436200211,14.142066532616486,2.639840037209176,1.5034941399120751,0.8386016405799808,snare,rope,False
ncaa_eligibility_rules,analytical,0.79456,1.017995896170704,0.6811414001011024,1.2794223714493755,0.39546359400473957,0.5491700697648784,snare,tangled_rope,False
nds_2022_pacing_challenge,powerless,0.3016,4.866100294040117,0.9774423367537308,1.7872237287327157,0.7467975011837821,0.6175892774107397,snare,tangled_rope,False
nds_2022_pacing_challenge,moderate,0.493099,0.2108554342738294,0.2032261605554157,0.6433282169271877,0.10257873777987687,0.3150255910877085,snare,tangled_rope,False
nds_2022_pacing_challenge,institutional,-0.024506,14.256628436200211,14.142066532616486,2.639840037209176,1.5034941399120751,0.8386016405799808,snare,rope,False
nds_2022_pacing_challenge,analytical,0.79456,1.017995896170704,0.6811414001011024,1.2794223714493755,0.39546359400473957,0.5491700697648784,snare,tangled_rope,False
necessary_day_job,powerless,0.56518,0.04829203007749851,0.0492459233807494,0.31229717810588387,0.024332880398419243,0.1548382227248548,tangled_rope,snare,False
necessary_day_job,moderate,0.575376,0.06268179334849551,0.06376316682470232,0.3555769454479713,0.03152556933235385,0.17639902736736968,tangled_rope,snare,False
necessary_day_job,institutional,-0.021971,9.211305010249216,11.738069373391989,2.5284721464247064,1.3964378955701757,0.852246854333815,tangled_rope,rope,False
necessary_day_job,analytical,0.712364,0.0009585819283254864,0.0009528670010176377,0.04366779169313024,0.0004767000697220546,0.0209141862334305,tangled_rope,tangled_rope,True
negative_emissions_arbitrage,powerless,0.3016,3.981531879210117,0.7072863270745438,1.5443491781187355,0.5672096694210625,0.49403440078592836,tangled_rope,tangled_rope,True
negative_emissions_arbitrage,moderate,0.641765,0.00017318872437118552,0.0001769761467998158,0.018704831190202373,8.746703991593524e-05,0.00882513050637096,tangled_rope,snare,False
negative_emissions_arbitrage,institutional,-0.024506,11.800671783749909,14.391771685985526,2.6645534159383755,1.5274711679309507,0.8896636410748406,tangled_rope,rope,False
negative_emissions_arbitrage,analytical,0.79456,0.8900765950232121,0.5112345572560263,1.1455155306340752,0.31918080587850584,0.4515758483706998,tangled_rope,tangled_rope,True
nero_imperial_expropriation,powerless,0.3536,2.666894485801241,0.8292953413611788,1.6013128321562076,0.607528649580038,0.5644062909524155,snare,tangled_rope,False
nero_imperial_expropriation,moderate,0.872192,2.8972177152966925,1.3651909739382821,1.7622099117338537,0.7274017540637159,0.5613143356663226,snare,tangled_rope,False
nero_imperial_expropriation,institutional,-0.028731,13.445928810859135,18.811864748316182,2.7864897672730273,1.6467599161029922,0.9270790303605018,snare,rope,False
nero_imperial_expropriation,analytical,0.931553,5.305473858395586,2.5136808971616924,2.102087518101601,1.0066692076431873,0.566979434772523,snare,piton,False
net_zero_stabilization,powerless,0.3016,4.60890240321557,0.8879982389886178,1.7135298390698241,0.6902285371217315,0.5804703032362672,snare,tangled_rope,False
net_zero_stabilization,moderate,0.641765,0.00015636221439389666,0.00015727051780184566,0.017706807349165528,7.838224463876557e-05,0.00854642793593241,snare,snare,True
net_zero_stabilization,institutional,0.063872,12.995286555538366,8.518442055613187,2.209641975038427,1.1014112654070047,0.5805810650030042,snare,rope,False
net_zero_stabilization,analytical,0.79456,0.985921946818423,0.6263520922588168,1.2412584679999572,0.37297462302636963,0.5212606973425843,snare,tangled_rope,False
network_effects,powerless,0.2704,2.5323558191645623,0.39796033236861794,1.0946100705016304,0.29213990371874216,0.26464472480339785,tangled_rope,tangled_rope,True
network_effects,moderate,0.575376,0.05506568161293547,0.059378692976364736,0.33811141883291607,0.028511830460909913,0.15965401746202756,tangled_rope,tangled_rope,True
network_effects,institutional,0.593637,0.07313091301213943,0.07919504953804055,0.39004845788144826,0.037914050992539916,0.18541346279907905,tangled_rope,tangled_rope,True
network_effects,analytical,0.712364,0.0007925270754015961,0.0007697857440317467,0.03942510431366474,0.00038857212952567415,0.017164046997790172,tangled_rope,tangled_rope,True
neurodiversity_spectrum,powerless,0.2704,2.7876738233464087,0.3970092214473974,1.1473930993360764,0.3201990980563005,0.29268257175318757,tangled_rope,tangled_rope,True
neurodiversity_spectrum,moderate,0.575376,0.057707594538411414,0.061295890922908415,0.34484686482406945,0.029656257715577946,0.16601679065891467,tangled_rope,tangled_rope,True
neurodiversity_spectrum,institutional,0.338,1.5827755050493146,0.3466436565988824,1.0967970446586803,0.2932789992402392,0.2921218738877255,tangled_rope,tangled_rope,True
neurodiversity_spectrum,analytical,0.712364,0.0008442050409779833,0.0008335699099327685,0.04089195602713298,0.000418023454152575,0.018305166171026566,tangled_rope,tangled_rope,True
new_civilizational_rope,powerless,0.31202,0.00038236108253097544,0.0004001387707798336,0.02796698442611691,0.00019553486823269104,0.005404898576957584,rope,rope,True
new_civilizational_rope,moderate,0.282412,1.404453245599244e-06,1.4084471225740973e-06,0.001677168811999058,7.032237649308822e-07,0.00031397216153683516,rope,rope,True
new_civilizational_rope,institutional,-0.011831,0.04126249764162486,0.05882642740634869,0.31262867504094755,0.02438446022150017,0.08001267074870194,rope,rope,True
new_civilizational_rope,analytical,0.383581,0.009713427905902332,0.011922142143816872,0.14645041637993644,0.0053595356838642815,0.03219537270031636,rope,rope,True
new_start_expiration,powerless,0.3536,2.128795211674458,3.5383085571743353,2.224133569325028,1.1143812959072412,0.877834349087212,snare,tangled_rope,False
new_start_expiration,moderate,0.752415,0.028885422381342406,0.04499899106238173,0.26682740844083336,0.017772831123820693,0.05076770441485878,snare,snare,True
new_start_expiration,institutional,-0.028731,22.65430893492139,20.556628396005127,3.126814630901565,1.9852221117852262,0.9933506544707366,snare,rope,False
new_start_expiration,analytical,0.931553,5.2766681093834595,4.28509133654873,2.759299543371896,1.6200306148665344,0.9791088668377607,snare,tangled_rope,False
news_paywall_inequality,powerless,0.56518,0.04421875747633546,0.04683023926917067,0.301647858175195,0.022704768184582856,0.1445364428073025,tangled_rope,tangled_rope,True
news_paywall_inequality,moderate,0.575376,0.057707594538411414,0.061295890922908415,0.34484686482406945,0.029656257715577946,0.16601679065891467,tangled_rope,tangled_rope,True
news_paywall_inequality,institutional,0.20924,4.129198358845125,0.6844175074757562,1.198354962959116,0.3484004708716016,0.2926918821781516,tangled_rope,tangled_rope,True
news_paywall_inequality,analytical,0.712364,0.0008442050409779833,0.0008335699099327685,0.04089195602713298,0.000418023454152575,0.018305166171026566,tangled_rope,tangled_rope,True
newtons_method_convergence,powerless,0.13626,3.4346537563711765e-05,4.5223191572931926e-05,0.008857106121077471,1.96120501570497e-05,9.590132227277337e-05,mountain,mountain,True
newtons_method_convergence,moderate,0.119997,5.20001217344988e-13,5.201083342946381e-13,1.0198318143051182e-06,2.6001892869159244e-13,8.784403426886911e-09,mountain,mountain,True
newtons_method_convergence,institutional,-0.014325,0.1284401449351297,0.7827068540665388,0.6936118460530667,0.11907367763998677,0.12101574044094598,mountain,mountain,True
newtons_method_convergence,analytical,0.165603,0.0016492319606454511,0.004548428894057699,0.07145182586297744,0.0012762051067322904,0.0018905568153703145,mountain,mountain,True
nfl_superbowl_halftime_exclusivity,powerless,0.630393,0.0008865956466750146,0.0008834714380283522,0.04207200633752718,0.00044249711137888726,0.020871191805839295,snare,snare,True
nfl_superbowl_halftime_exclusivity,moderate,0.641765,0.00015292057016963443,0.000152693958749983,0.01748133169568183,7.639875306103292e-05,0.008680812221841416,snare,snare,True
nfl_superbowl_halftime_exclusivity,institutional,-0.024506,12.93464084178771,14.338070883597883,2.6582092074393184,1.5213089592689073,0.8666214905278807,snare,rope,False
nfl_superbowl_halftime_exclusivity,analytical,0.79456,0.9556340946088397,0.5833608235832104,1.2089498870220754,0.3543987670759751,0.4983995499442636,snare,tangled_rope,False
nfl_superbowl_marketing_regulation,powerless,0.297134,4.219736664807647,0.9941535452999287,1.5801264443209009,0.5923991916458976,0.4968024314327015,tangled_rope,tangled_rope,True
nfl_superbowl_marketing_regulation,moderate,0.686025,0.0317742248643649,0.03107646335189247,0.25068800106255107,0.01569055930175694,0.12393396111777677,tangled_rope,tangled_rope,True
nfl_superbowl_marketing_regulation,institutional,-0.026196,13.08042282088967,14.44072870700931,3.000112316297067,1.85863763183086,0.6446066431091145,tangled_rope,rope,False
nfl_superbowl_marketing_regulation,analytical,0.849357,2.0151507266821342,0.6591480159243933,1.4330886870422541,0.4918403146862777,0.49254439139313977,tangled_rope,tangled_rope,True
nine_day_buffer,powerless,0.416494,1.2068607426127738,0.6029180027616455,1.2789676534206917,0.39519218529399286,0.48898096101925426,snare,tangled_rope,False
nine_day_buffer,moderate,0.641765,0.00015461199099205792,0.00015440875009259421,0.01757785615775844,7.7244759541013e-05,0.008777783464951505,snare,snare,True
nine_day_buffer,institutional,-0.024506,12.531394905994164,14.581722683669303,2.80161848758127,1.661660763482703,0.8732263657521695,snare,rope,False
nine_day_buffer,analytical,0.79456,0.9133099353851144,0.5330679813056202,1.1670433887583311,0.33094501190278897,0.4684203426175567,snare,tangled_rope,False
no_cloning_theorem,powerless,0.09084,2.026910696919324e-07,1.956927695787584e-07,0.0006311032707324072,9.957283415132512e-08,3.785681464751889e-06,mountain,mountain,True
no_cloning_theorem,moderate,0.079998,2.3093065865718957e-14,2.28962918494325e-14,2.1490760299348777e-07,1.1497776216529816e-14,1.3206830073997367e-09,mountain,mountain,True
no_cloning_theorem,institutional,-0.00955,0.05225489703994835,0.31934472327361857,0.44423409457143415,0.04913347937360198,0.05117249372040522,mountain,mountain,True
no_cloning_theorem,analytical,0.110402,3.2579465519273214e-07,3.400217551338218e-07,0.0008158358283145231,1.6639702256925781e-07,5.184531822386724e-06,mountain,mountain,True
noethers_isomorphism_theorems,powerless,0.13626,3.4346537563711765e-05,4.5223191572931926e-05,0.008857106121077471,1.96120501570497e-05,9.590132227277337e-05,mountain,mountain,True
noethers_isomorphism_theorems,moderate,0.119997,5.20001217344988e-13,5.201083342946381e-13,1.0198318143051182e-06,2.6001892869159244e-13,8.784403426886911e-09,mountain,mountain,True
noethers_isomorphism_theorems,institutional,-0.014325,0.1284401449351297,0.7827068540665388,0.6936118460530667,0.11907367763998677,0.12101574044094598,mountain,mountain,True
noethers_isomorphism_theorems,analytical,0.165603,0.0016492319606454511,0.004548428894057699,0.07145182586297744,0.0012762051067322904,0.0018905568153703145,mountain,mountain,True
noethers_theorem,powerless,0.13626,3.4346537563711765e-05,4.5223191572931926e-05,0.008857106121077471,1.96120501570497e-05,9.590132227277337e-05,mountain,mountain,True
noethers_theorem,moderate,0.119997,5.20001217344988e-13,5.201083342946381e-13,1.0198318143051182e-06,2.6001892869159244e-13,8.784403426886911e-09,mountain,mountain,True
noethers_theorem,institutional,-0.014325,0.1284401449351297,0.7827068540665388,0.6936118460530667,0.11907367763998677,0.12101574044094598,mountain,mountain,True
noethers_theorem,analytical,0.165603,0.0016492319606454511,0.004548428894057699,0.07145182586297744,0.0012762051067322904,0.0018905568153703145,mountain,mountain,True
noethers_theorem_symmetry,powerless,0.09084,2.026910696919324e-07,1.956927695787584e-07,0.0006311032707324072,9.957283415132512e-08,3.785681464751889e-06,mountain,mountain,True
noethers_theorem_symmetry,moderate,0.079998,2.3093065865718957e-14,2.28962918494325e-14,2.1490760299348777e-07,1.1497776216529816e-14,1.3206830073997367e-09,mountain,mountain,True
noethers_theorem_symmetry,institutional,-0.00955,0.05225489703994835,0.31934472327361857,0.44423409457143415,0.04913347937360198,0.05117249372040522,mountain,mountain,True
noethers_theorem_symmetry,analytical,0.110402,3.2579465519273214e-07,3.400217551338218e-07,0.0008158358283145231,1.6639702256925781e-07,5.184531822386724e-06,mountain,mountain,True
non_compete_agreements,powerless,0.3016,4.203207447924743,0.8516368612491011,1.6099199228141745,0.6137198089780976,0.5226259929586583,snare,tangled_rope,False
non_compete_agreements,moderate,0.641765,0.00015503196632926474,0.00015452282735853312,0.017591183074102065,7.736193174248981e-05,0.008764878439966983,snare,snare,True
non_compete_agreements,institutional,0.063872,12.308064589714855,12.409827371024653,2.6314393195708106,1.4953608085118952,0.7634740768902512,snare,rope,False
non_compete_agreements,analytical,0.79456,0.9231221078290248,0.5440229505444621,1.1765034100520675,0.33617581622943243,0.47514570809947493,snare,tangled_rope,False
nonstandard_arithmetic_models,powerless,0.13626,3.4346537563711765e-05,4.5223191572931926e-05,0.008857106121077471,1.96120501570497e-05,9.590132227277337e-05,mountain,mountain,True
nonstandard_arithmetic_models,moderate,0.119997,5.20001217344988e-13,5.201083342946381e-13,1.0198318143051182e-06,2.6001892869159244e-13,8.784403426886911e-09,mountain,mountain,True
nonstandard_arithmetic_models,institutional,-0.014325,0.1284401449351297,0.7827068540665388,0.6936118460530667,0.11907367763998677,0.12101574044094598,mountain,mountain,True
nonstandard_arithmetic_models,analytical,0.165603,0.0016492319606454511,0.004548428894057699,0.07145182586297744,0.0012762051067322904,0.0018905568153703145,mountain,mountain,True
nonstandard_models_of_arithmetic,powerless,0.09084,2.026910696919324e-07,1.956927695787584e-07,0.0006311032707324072,9.957283415132512e-08,3.785681464751889e-06,mountain,mountain,True
nonstandard_models_of_arithmetic,moderate,0.079998,2.3093065865718957e-14,2.28962918494325e-14,2.1490760299348777e-07,1.1497776216529816e-14,1.3206830073997367e-09,mountain,mountain,True
nonstandard_models_of_arithmetic,institutional,-0.00955,0.05225489703994835,0.31934472327361857,0.44423409457143415,0.04913347937360198,0.05117249372040522,mountain,mountain,True
nonstandard_models_of_arithmetic,analytical,0.110402,3.2579465519273214e-07,3.400217551338218e-07,0.0008158358283145231,1.6639702256925781e-07,5.184531822386724e-06,mountain,mountain,True
norm_erosion_threshold,powerless,0.630393,0.0008856784689267521,0.0008884636906138897,0.042120268759333904,0.0004435128671480704,0.020918683649674086,tangled_rope,tangled_rope,True
norm_erosion_threshold,moderate,0.641765,0.0001521879877267945,0.0001522859434725551,0.017448057859343686,7.61081980556502e-05,0.008649145410708214,tangled_rope,tangled_rope,True
norm_erosion_threshold,institutional,0.493099,0.18818411968710907,0.1568502809136642,0.5854965494975676,0.08509123518020147,0.2624842907415583,tangled_rope,tangled_rope,True
norm_erosion_threshold,analytical,0.79456,0.8028376410797939,0.4284104839559752,1.0665191470854087,0.27769066650385865,0.39874847665941904,tangled_rope,tangled_rope,True
north_sea_wind_grid,powerless,0.56518,0.00017358271465656958,0.0002083043918823481,0.019444124546971454,9.451775037300965e-05,0.0005855669884973123,tangled_rope,tangled_rope,True
north_sea_wind_grid,moderate,0.575376,0.00023244923232063048,0.00028588915412261826,0.02261671044233082,0.00012787753506315072,0.0006992025381164287,tangled_rope,tangled_rope,True
north_sea_wind_grid,institutional,-0.021971,3.812987093518001,11.288054893690651,2.8364127898821017,1.6960030437494535,0.9770821833181691,tangled_rope,rope,False
north_sea_wind_grid,analytical,0.712364,6.66872654325084e-05,1.4556523479476388e-05,0.006602067040325509,1.0896812406365188e-05,6.350635792584658e-05,tangled_rope,tangled_rope,True
notary_ink_dependency,powerless,0.413016,0.0048151491705850195,0.007476363118833052,0.10873816938596169,0.0029552692820589816,0.008587308535396493,tangled_rope,tangled_rope,True
notary_ink_dependency,moderate,0.420467,0.007852896021605892,0.013327015491150705,0.14155551327897142,0.00500739993422149,0.012331298306721937,tangled_rope,tangled_rope,True
notary_ink_dependency,institutional,0.170935,0.16757660430234692,0.6400432454601663,0.6956640161741702,0.11977219135040988,0.12456877685564885,tangled_rope,tangled_rope,True
notary_ink_dependency,analytical,0.520574,0.21302118334742612,0.6910154739729509,0.8298640007531083,0.16971252971534304,0.20052169505017997,tangled_rope,tangled_rope,True
nsl_hk,powerless,0.3536,1.990587381238214,0.5120771983202311,1.3046706671538468,0.4106633662660627,0.4030345475692681,tangled_rope,tangled_rope,True
nsl_hk,moderate,0.752415,0.21672775039956713,0.17174194908220713,0.6199952034664606,0.09533139701006947,0.26732285779576187,tangled_rope,tangled_rope,True
nsl_hk,institutional,0.157053,7.655085826735463,1.9507845724944526,1.4783053116677316,0.5219207050357267,0.4044113434354369,tangled_rope,tangled_rope,True
nsl_hk,analytical,0.931553,3.3163450149731832,0.5525689378943082,1.3738622627204777,0.45360834169950887,0.4043588431168522,tangled_rope,tangled_rope,True
nuclear_site_safety_norms,powerless,0.56518,0.04829203007749851,0.0492459233807494,0.31229717810588387,0.024332880398419243,0.1548382227248548,tangled_rope,snare,False
nuclear_site_safety_norms,moderate,0.575376,0.06268179334849551,0.06376316682470232,0.3555769454479713,0.03152556933235385,0.17639902736736968,tangled_rope,snare,False
nuclear_site_safety_norms,institutional,-0.007558,9.072917767470724,11.185845694195095,2.4539326365941343,1.3258092085175714,0.8166100130205824,tangled_rope,rope,False
nuclear_site_safety_norms,analytical,0.712364,0.0009585819283254864,0.0009528670010176377,0.04366779169313024,0.0004767000697220546,0.0209141862334305,tangled_rope,tangled_rope,True
nuclear_vacuum_2026,powerless,0.3536,2.16070889756838,3.55063549350158,2.231948063336523,1.1213946369889258,0.8809854153386638,snare,tangled_rope,False
nuclear_vacuum_2026,moderate,0.752415,0.029864118138927715,0.046415942189848826,0.27117940317580547,0.018356418405847907,0.05249181157028959,snare,snare,True
nuclear_vacuum_2026,institutional,-0.049915,22.64886224995671,20.46104749852516,3.1296599989264755,1.9880674161311302,0.9977711503782746,snare,rope,False
nuclear_vacuum_2026,analytical,0.931553,5.257653843870482,4.083694890040831,2.7484684784429705,1.6094024393876132,0.9784225205681001,snare,tangled_rope,False
nursery_social_hierarchy,powerless,0.413016,0.0004909801252244756,0.0004505687295599714,0.030216463035452334,0.00022825431779171276,0.0005483482752362347,tangled_rope,tangled_rope,True
nursery_social_hierarchy,moderate,0.420467,0.00072193351642639,0.0006839131120340436,0.03663752066046382,0.0003355675958158039,0.0006085596993946139,tangled_rope,tangled_rope,True
nursery_social_hierarchy,institutional,0.110727,0.9789548772786393,3.7989039556639685,1.7698371612558819,0.7332949778768991,0.6257301841215394,tangled_rope,rope,False
nursery_social_hierarchy,analytical,0.520574,0.00963885718867528,0.024293562831004614,0.15571994285238175,0.006059113271970456,0.00662469969608963,tangled_rope,tangled_rope,True
nvidia_cuda_ecosystem_lockin,powerless,0.3224,3.45642321789389,0.819051440938217,1.5478734522240298,0.5696707601942674,0.4966152930231876,tangled_rope,tangled_rope,True
nvidia_cuda_ecosystem_lockin,moderate,0.686025,0.0317742248643649,0.03107646335189247,0.25068800106255107,0.01569055930175694,0.12393396111777677,tangled_rope,tangled_rope,True
nvidia_cuda_ecosystem_lockin,institutional,0.324538,3.395162244071585,0.8094613179587374,1.545032349862378,0.5676863983417731,0.4965841018125785,tangled_rope,tangled_rope,True
nvidia_cuda_ecosystem_lockin,analytical,0.849357,2.0151507266821342,0.6591480159243933,1.4330886870422541,0.4918403146862777,0.49254439139313977,tangled_rope,tangled_rope,True
ny_private_school_discount,powerless,0.630393,0.0008972770574864608,0.0008959153058875297,0.042345832698507925,0.00044827563981094043,0.021143106198906914,snare,snare,True
ny_private_school_discount,moderate,0.641765,0.00015461199099205792,0.00015440875009259421,0.01757785615775844,7.7244759541013e-05,0.008777783464951505,snare,snare,True
ny_private_school_discount,institutional,-0.024506,12.531394905994164,14.581722683669303,2.80161848758127,1.661660763482703,0.8732263657521695,snare,rope,False
ny_private_school_discount,analytical,0.79456,0.9133099353851144,0.5330679813056202,1.1670433887583311,0.33094501190278897,0.4684203426175567,snare,tangled_rope,False
nyc_metrocard_art_licensing,powerless,0.56518,0.04421875747633546,0.04683023926917067,0.301647858175195,0.022704768184582856,0.1445364428073025,tangled_rope,tangled_rope,True
nyc_metrocard_art_licensing,moderate,0.575376,0.057707594538411414,0.061295890922908415,0.34484686482406945,0.029656257715577946,0.16601679065891467,tangled_rope,tangled_rope,True
nyc_metrocard_art_licensing,institutional,-0.021971,7.603840595161866,11.77257670051977,2.5349928307613805,1.4026577645899743,0.8723447249451269,tangled_rope,rope,False
nyc_metrocard_art_licensing,analytical,0.712364,0.0008442050409779833,0.0008335699099327685,0.04089195602713298,0.000418023454152575,0.018305166171026566,tangled_rope,tangled_rope,True
oc_donation_model,powerless,0.347803,0.0957358520171947,0.09286209135393131,0.4342267532678004,0.046953341382195556,0.21414673825902958,rope,tangled_rope,False
oc_donation_model,moderate,0.354077,0.14367935872156654,0.13606291715039295,0.5287234090717772,0.0694810404633402,0.25821000100911934,rope,tangled_rope,False
oc_donation_model,institutional,-0.013521,3.1006477915975745,0.6017522724304859,1.436987468327831,0.4944038309850547,0.44252930769899745,rope,rope,True
oc_donation_model,analytical,0.438378,1.4090640325471835,0.6963498505983956,1.3756544442555585,0.45474550539647424,0.5332369761259899,rope,tangled_rope,False
olympic_legacy_curling_investment,powerless,0.56518,0.00018771567804541078,0.00022641686131776563,0.020252318453139448,0.0001025382244960709,0.0006381097717878907,tangled_rope,tangled_rope,True
olympic_legacy_curling_investment,moderate,0.575376,0.0002514381519288623,0.0003110620202192928,0.023567098746311594,0.00013885042917988105,0.0007619330579326099,tangled_rope,tangled_rope,True
olympic_legacy_curling_investment,institutional,-0.021971,3.6717018542230537,11.381380856865928,2.814618385374705,1.674480350186129,0.9738291675442341,tangled_rope,rope,False
olympic_legacy_curling_investment,analytical,0.712364,8.928753901123947e-05,7.016088873952646e-05,0.010998183178453375,3.023993210177896e-05,6.274118937235097e-05,tangled_rope,tangled_rope,True
olympic_medal_allocation,powerless,0.56518,0.0456667624388137,0.04785055154886819,0.30574110281388517,0.023323930165248648,0.1484564411031184,tangled_rope,tangled_rope,True
olympic_medal_allocation,moderate,0.575376,0.05950481555521146,0.06243657547964706,0.3491209566929233,0.030394063830766115,0.1701183320542472,tangled_rope,tangled_rope,True
olympic_medal_allocation,institutional,-0.021971,8.130805884920767,11.881868446395423,2.5718651113579454,1.4379465698984746,0.8851096712420413,tangled_rope,rope,False
olympic_medal_allocation,analytical,0.712364,0.0011888913737262425,0.0014389410964694416,0.05061605084805256,0.0006404619653165224,0.019281650972716224,tangled_rope,tangled_rope,True
omega1_patches,powerless,0.413016,0.0004328594290319097,0.0004025603460981877,0.028459339452819844,0.00020248008391528992,0.0004744424018880511,tangled_rope,tangled_rope,True
omega1_patches,moderate,0.420467,0.0006378191000054745,0.0006145631610813584,0.03457455380810449,0.000298842500224387,0.0005265342999168873,tangled_rope,tangled_rope,True
omega1_patches,institutional,0.006599,2.645279053607965,6.494795305971055,2.5511460176947836,1.4180929720745432,0.9287300219415388,tangled_rope,rope,False
omega1_patches,analytical,0.520574,0.008741327625015867,0.022531112458311527,0.14951410034409537,0.005586014315652226,0.006158815226853794,tangled_rope,tangled_rope,True
omelet_perfection_complexity,powerless,0.413016,0.0004909801252244756,0.0004505687295599714,0.030216463035452334,0.00022825431779171276,0.0005483482752362347,tangled_rope,tangled_rope,True
omelet_perfection_complexity,moderate,0.420467,0.00072193351642639,0.0006839131120340436,0.03663752066046382,0.0003355675958158039,0.0006085596993946139,tangled_rope,tangled_rope,True
omelet_perfection_complexity,institutional,-0.016056,3.181789293351769,6.65222332609449,2.6759800296320493,1.5385819321771255,0.9579053620689417,tangled_rope,rope,False
omelet_perfection_complexity,analytical,0.520574,0.00963885718867528,0.024293562831004614,0.15571994285238175,0.006059113271970456,0.00662469969608963,tangled_rope,tangled_rope,True
ontological_friction_resolution,powerless,0.630393,0.0008865956466750146,0.0008834714380283522,0.04207200633752718,0.00044249711137888726,0.020871191805839295,snare,snare,True
ontological_friction_resolution,moderate,0.641765,0.00015292057016963443,0.000152693958749983,0.01748133169568183,7.639875306103292e-05,0.008680812221841416,snare,snare,True
ontological_friction_resolution,institutional,0.169004,9.91639759907868,1.9720131878342668,1.757646595773986,0.7238847341037977,0.5514967150605995,snare,tangled_rope,False
ontological_friction_resolution,analytical,0.79456,0.9556340946088397,0.5833608235832104,1.2089498870220754,0.3543987670759751,0.4983995499442636,snare,tangled_rope,False
open_culture_newsletter,powerless,0.413016,0.0062249978409242394,0.004362709705071601,0.10166132874684668,0.002583200172108925,0.00965839960231829,tangled_rope,tangled_rope,True
open_culture_newsletter,moderate,0.420467,0.008805152445523228,0.005697415771997034,0.11825756460816172,0.00349519439008213,0.010749388502298007,tangled_rope,tangled_rope,True
open_culture_newsletter,institutional,-0.016056,6.013436735783749,4.227894183551765,2.8091400159428397,1.6690762588435846,0.9831867041099296,tangled_rope,rope,False
open_culture_newsletter,analytical,0.520574,0.057322396311645,0.01575739653525135,0.22423758956772413,0.012557461277759722,0.014104584105843254,tangled_rope,tangled_rope,True
open_source_commons,powerless,0.200584,2.9916354872313883e-05,2.9715983422475434e-05,0.007722164665489551,1.4907938259553918e-05,0.0023473534175798283,rope,rope,True
open_source_commons,moderate,0.20549,3.6483835962298e-05,3.621396522242044e-05,0.008526255572600705,1.8174230996648336e-05,0.0025904081785637773,rope,rope,True
open_source_commons,institutional,-0.007605,0.10834886907201281,0.14124250325382234,0.49626049577715514,0.06125337625802804,0.19321214186786592,rope,rope,True
open_source_commons,analytical,0.246588,5.2682342919450073e-08,5.9063257029586024e-08,0.000332183073393491,2.7586398292856666e-08,9.1404857591737e-05,rope,rope,True
openai_api_access,powerless,0.56518,0.013208840509082108,0.015749299752220173,0.1696753263178879,0.007193113210367848,0.04596060616998633,tangled_rope,tangled_rope,True
openai_api_access,moderate,0.575376,0.017564415003294722,0.021416896843779155,0.19670585295966736,0.009665502936283488,0.054370588998981506,tangled_rope,tangled_rope,True
openai_api_access,institutional,-0.03817,4.357017925001844,11.818145733837524,2.787098406594504,1.64735900341853,0.9327641423322546,tangled_rope,rope,False
openai_api_access,analytical,0.712364,0.0002477840913967535,0.00021651623183862264,0.02113197166221572,0.00011163901796225952,0.004773523881164143,tangled_rope,tangled_rope,True
openai_codex_app_constraint,powerless,0.2704,2.7876738233464087,0.3970092214473974,1.1473930993360764,0.3201990980563005,0.29268257175318757,tangled_rope,tangled_rope,True
openai_codex_app_constraint,moderate,0.593637,0.07645737894308857,0.08136411319813205,0.3971150077126807,0.03929572434662036,0.1921058046243772,tangled_rope,tangled_rope,True
openai_codex_app_constraint,institutional,-0.021971,7.603840595161866,11.77257670051977,2.5349928307613805,1.4026577645899743,0.8723447249451269,tangled_rope,rope,False
openai_codex_app_constraint,analytical,0.712364,0.0008442050409779833,0.0008335699099327685,0.04089195602713298,0.000418023454152575,0.018305166171026566,tangled_rope,tangled_rope,True
openai_default_data_training,powerless,0.3016,4.401900459700516,0.8232293469561432,1.6563791781976476,0.6475787752837242,0.5513983557578446,snare,tangled_rope,False
openai_default_data_training,moderate,0.641765,0.00015292057016963443,0.000152693958749983,0.01748133169568183,7.639875306103292e-05,0.008680812221841416,snare,snare,True
openai_default_data_training,institutional,-0.024506,12.93464084178771,14.338070883597883,2.6582092074393184,1.5213089592689073,0.8666214905278807,snare,rope,False
openai_default_data_training,analytical,0.79456,0.9556340946088397,0.5833608235832104,1.2089498870220754,0.3543987670759751,0.4983995499442636,snare,tangled_rope,False
openai_health_review,powerless,0.3016,5.896991079309,4.8575315860444475,2.7180921919336063,1.579657280916852,0.9646430116486361,snare,tangled_rope,False
openai_health_review,moderate,0.641765,7.49941927417273e-05,8.553219324615577e-05,0.012636072615374755,3.991745000092793e-05,0.0011147309910276015,snare,snare,True
openai_health_review,institutional,-0.024506,22.31956765175582,14.956204831110908,3.124415100423594,1.982822658022687,0.9978612727380104,snare,rope,False
openai_health_review,analytical,0.79456,0.47848080878603244,0.9859150334806416,1.1385227680382242,0.31540134734001607,0.42672958985705345,snare,snare,True
openai_implicit_translator,powerless,0.2704,3.475093131797637,0.5054644466987123,1.303500575411104,0.4099533412789774,0.36752926847458645,tangled_rope,tangled_rope,True
openai_implicit_translator,moderate,0.575376,0.06234616816009826,0.0637094112988158,0.35502316268107864,0.03142770646184028,0.17585558189627576,tangled_rope,snare,False
openai_implicit_translator,institutional,0.151521,7.0623335472368485,1.9128305777860013,1.4775499300412538,0.5214119386257366,0.3675424939031931,tangled_rope,tangled_rope,True
openai_implicit_translator,analytical,0.712364,0.0009440949799579914,0.0009328542453278237,0.04327853659763938,0.0004682396606692084,0.020688528338595025,tangled_rope,tangled_rope,True
openai_prism_development,powerless,0.3536,2.0257039081707413,0.5251728118362684,1.3193826078609512,0.4196370787674923,0.4107500200113719,tangled_rope,tangled_rope,True
openai_prism_development,moderate,0.752415,0.21958819154706788,0.17511930751729252,0.6250913452897232,0.09689218894879427,0.27129483942703875,tangled_rope,tangled_rope,True
openai_prism_development,institutional,-0.049915,10.054419638829817,18.317189106329973,2.6014501752449704,1.4663998114940189,0.8782680745960936,tangled_rope,rope,False
openai_prism_development,analytical,0.931553,3.3970163045908617,0.6364562067832145,1.4092329384283613,0.47627992667021196,0.41211891789707106,tangled_rope,tangled_rope,True
openbsd_netiquette_protocol,powerless,0.417515,0.0008683719008176135,0.0007051490282028812,0.03893786424916778,0.0003790273456564269,0.0009417687269529665,tangled_rope,tangled_rope,True
openbsd_netiquette_protocol,moderate,0.420467,0.0009954533716374078,0.0008081171122484161,0.04155973438485939,0.00043178734294830023,0.0009772017975154949,tangled_rope,tangled_rope,True
openbsd_netiquette_protocol,institutional,-0.027894,3.870612249261319,6.401546972711446,2.781423798771531,1.6417747276767254,0.9780806953724541,tangled_rope,rope,False
openbsd_netiquette_protocol,analytical,0.520574,0.010297422045955122,0.01962476134804111,0.14571109127656567,0.0053055831017423715,0.005172330710485656,tangled_rope,tangled_rope,True
openclaw_data_lock_in,powerless,0.3536,2.494982029841652,0.7238509702403153,1.5186708815961822,0.5494126405298972,0.518466902940227,snare,tangled_rope,False
openclaw_data_lock_in,moderate,0.726947,0.08344821124389742,0.07985585776500798,0.40402738399042304,0.04067093558397856,0.19805536878905566,snare,tangled_rope,False
openclaw_data_lock_in,institutional,-0.028731,12.203407862365701,17.748313557225543,2.597170888659326,1.4622768655266114,0.846331396691825,snare,rope,False
openclaw_data_lock_in,analytical,0.931553,4.190139216431334,0.7390938319590792,1.594769980387192,0.6028395634271096,0.5205825331681926,snare,tangled_rope,False
openclaw_regulation,powerless,0.579465,0.06264780823191282,0.06659027636949688,0.3593662639775376,0.032199255719045895,0.1732557248799073,tangled_rope,tangled_rope,True
openclaw_regulation,moderate,0.575376,0.057707594538411414,0.061295890922908415,0.34484686482406945,0.029656257715577946,0.16601679065891467,tangled_rope,tangled_rope,True
openclaw_regulation,institutional,-0.021971,7.603840595161866,11.77257670051977,2.5349928307613805,1.4026577645899743,0.8723447249451269,tangled_rope,rope,False
openclaw_regulation,analytical,0.712364,0.0008442050409779833,0.0008335699099327685,0.04089195602713298,0.000418023454152575,0.018305166171026566,tangled_rope,tangled_rope,True
openscholar_peer_review,powerless,0.56518,0.01626373060740003,0.019229491628570083,0.18789959318761745,0.008820073836806845,0.05634931370490315,tangled_rope,tangled_rope,True
openscholar_peer_review,moderate,0.575376,0.021596724317573267,0.02607351333990087,0.2176066115524475,0.01182648545386387,0.06650962916954128,tangled_rope,tangled_rope,True
openscholar_peer_review,institutional,-0.048332,4.317468829153111,12.15972638129979,2.7292455985920756,1.5905680510869915,0.9552157822164794,tangled_rope,rope,False
openscholar_peer_review,analytical,0.712364,0.0006075172755381812,0.0008529055127589971,0.037267312839533814,0.0003472031052718087,0.005960940985988747,tangled_rope,tangled_rope,True
optimization_fragility,powerless,0.467997,0.44263459358873897,0.3550777078494634,0.8885573314392632,0.1941581308601574,0.40504026520094505,snare,tangled_rope,False
optimization_fragility,moderate,0.641765,0.00015292057016963443,0.000152693958749983,0.01748133169568183,7.639875306103292e-05,0.008680812221841416,snare,snare,True
optimization_fragility,institutional,-0.024506,12.93464084178771,14.338070883597883,2.6582092074393184,1.5213089592689073,0.8666214905278807,snare,rope,False
optimization_fragility,analytical,0.79456,0.9556340946088397,0.5833608235832104,1.2089498870220754,0.3543987670759751,0.4983995499442636,snare,tangled_rope,False
orbital_data_center_2026,powerless,0.3016,4.401900459700516,0.8232293469561432,1.6563791781976476,0.6475787752837242,0.5513983557578446,snare,tangled_rope,False
orbital_data_center_2026,moderate,0.641765,0.00015292057016963443,0.000152693958749983,0.01748133169568183,7.639875306103292e-05,0.008680812221841416,snare,snare,True
orbital_data_center_2026,institutional,0.520617,0.06758399498165146,0.0662714858980604,0.36584444762718,0.03336734332118979,0.1813247982615942,snare,tangled_rope,False
orbital_data_center_2026,analytical,0.79456,0.9556340946088397,0.5833608235832104,1.2089498870220754,0.3543987670759751,0.4983995499442636,snare,tangled_rope,False
oscar_campaign_spending,powerless,0.56518,0.00019489413260625538,0.00023493178984259445,0.020632727480481557,0.00010642641692577795,0.0006624511441667424,tangled_rope,tangled_rope,True
oscar_campaign_spending,moderate,0.575376,0.00026134267951070386,0.00032308000709228526,0.024022411049459205,0.00014426732370233507,0.0007930443703932921,tangled_rope,tangled_rope,True
oscar_campaign_spending,institutional,0.057264,2.2473069412588123,10.168178495417147,2.470820890966923,1.3417328486478257,0.8932265674197534,tangled_rope,rope,False
oscar_campaign_spending,analytical,0.712364,0.00016026051422275025,0.00019647611489420597,0.01743221805888062,7.597007565380365e-05,0.00015370154386984216,tangled_rope,tangled_rope,True
other_peoples_troubles_2026,powerless,0.56518,0.04871864822026833,0.049327025813362166,0.3131156469051674,0.02446032985518971,0.15564425863314657,tangled_rope,snare,False
other_peoples_troubles_2026,moderate,0.575376,0.06317230823630575,0.06374168518735344,0.35624290991837576,0.03164345650068084,0.1770532470677994,tangled_rope,snare,False
other_peoples_troubles_2026,institutional,-0.007558,9.404220517466197,11.182843963507603,2.4572468274356085,1.3289303456357817,0.8150000838515614,tangled_rope,rope,False
other_peoples_troubles_2026,analytical,0.712364,0.001044504832886698,0.00109955233030059,0.04610672060538768,0.0005314338844134175,0.021320774403396858,tangled_rope,tangled_rope,True
overfitting_to_frameworks,powerless,0.56518,0.01626373060740003,0.019229491628570083,0.18789959318761745,0.008820073836806845,0.05634931370490315,tangled_rope,tangled_rope,True
overfitting_to_frameworks,moderate,0.575376,0.021596724317573267,0.02607351333990087,0.2176066115524475,0.01182648545386387,0.06650962916954128,tangled_rope,tangled_rope,True
overfitting_to_frameworks,institutional,-0.021971,3.91218836821958,11.776995950045052,2.6272055968336203,1.4912652060316638,0.9308107292931446,tangled_rope,rope,False
overfitting_to_frameworks,analytical,0.712364,0.0006075172755381812,0.0008529055127589971,0.037267312839533814,0.0003472031052718087,0.005960940985988747,tangled_rope,tangled_rope,True
overton_window,powerless,0.3016,2.860223659497747,0.4606214499289143,1.254441416496279,0.3806764188332022,0.34824324733157497,tangled_rope,tangled_rope,True
overton_window,moderate,0.641765,0.0001625215704105067,0.00016741717056133695,0.018154385656934523,8.239486389634455e-05,0.008075976335080615,tangled_rope,tangled_rope,True
overton_window,institutional,-0.024506,8.93562672046415,14.290334409376495,2.648949583325645,1.51232363366711,0.9088164531710502,tangled_rope,rope,False
overton_window,analytical,0.79456,0.6733080659449923,0.3350217973624727,0.9554784388751437,0.22392672699499724,0.3245478603281996,tangled_rope,tangled_rope,True
p_g_golden_pear_surveillance,powerless,0.3016,4.808084625461087,1.0093407790628242,1.7746810236778667,0.7370471772506091,0.6085895833357491,snare,tangled_rope,False
p_g_golden_pear_surveillance,moderate,0.641765,0.0009233382751110204,0.0010810063426155113,0.04464607443928956,0.0004982972976515653,0.00944320487899536,snare,snare,True
p_g_golden_pear_surveillance,institutional,-0.042575,14.675259035408175,15.049879336282936,2.907344304810953,1.7662868566178331,0.9622093694723028,snare,rope,False
p_g_golden_pear_surveillance,analytical,0.79456,1.124995867804222,0.9070384180175927,1.3750290911144634,0.45434856928577155,0.5503177183668071,snare,tangled_rope,False
p_vs_np,powerless,0.413016,0.0014018124872959433,0.0009676052264889008,0.04805247203803454,0.0005772322486817649,0.002100712199553989,tangled_rope,tangled_rope,True
p_vs_np,moderate,0.420467,0.0019800740022140675,0.0012572624718624958,0.055805177411820145,0.0007785039455485189,0.0023316486838093065,tangled_rope,tangled_rope,True
p_vs_np,institutional,0.041847,3.3722289308535056,5.435114817281531,2.6632518358469484,1.5262065372864815,0.963640295308974,tangled_rope,rope,False
p_vs_np,analytical,0.520574,0.012750054022197997,0.0030449816352485413,0.10304488139144137,0.0026539747222977237,0.0030895978423567433,tangled_rope,tangled_rope,True
panama_canal_ports,powerless,0.630393,0.0007552885417521492,0.0007636141907325501,0.03897223156831953,0.00037969669361418004,0.017907098308561797,tangled_rope,tangled_rope,True
panama_canal_ports,moderate,0.641765,0.0001293232520092051,0.00012974058866065924,0.016093575840562063,6.475044644603796e-05,0.0073525632212825265,tangled_rope,tangled_rope,True
panama_canal_ports,institutional,-0.024506,8.191518715328883,14.286488457519429,2.737569278465984,1.5987189695725423,0.911855134898928,tangled_rope,rope,False
panama_canal_ports,analytical,0.79456,0.5786828790715073,0.2719043947757168,0.8724395691540549,0.1872893242713274,0.2754683245445602,tangled_rope,tangled_rope,True
pancreatic_cancer_lethality_v1,powerless,0.09084,2.026910696919324e-07,1.956927695787584e-07,0.0006311032707324072,9.957283415132512e-08,3.785681464751889e-06,mountain,mountain,True
pancreatic_cancer_lethality_v1,moderate,0.079998,2.3093065865718957e-14,2.28962918494325e-14,2.1490760299348777e-07,1.1497776216529816e-14,1.3206830073997367e-09,mountain,mountain,True
pancreatic_cancer_lethality_v1,institutional,-0.00955,0.05225489703994835,0.31934472327361857,0.44423409457143415,0.04913347937360198,0.05117249372040522,mountain,mountain,True
pancreatic_cancer_lethality_v1,analytical,0.110402,3.2579465519273214e-07,3.400217551338218e-07,0.0008158358283145231,1.6639702256925781e-07,5.184531822386724e-06,mountain,mountain,True
parable_fish_turtle,powerless,0.630393,0.000908529923391508,0.0009096793800850243,0.04263942804982413,0.0004545129898892709,0.021216545150394284,tangled_rope,snare,False
parable_fish_turtle,moderate,0.641765,0.00017318872437118552,0.0001769761467998158,0.018704831190202373,8.746703991593524e-05,0.00882513050637096,tangled_rope,snare,False
parable_fish_turtle,institutional,0.206809,7.320717408257105,1.185750765838698,1.6019659218281477,0.6079975202426595,0.49411241083870816,tangled_rope,tangled_rope,True
parable_fish_turtle,analytical,0.79456,0.8900765950232121,0.5112345572560263,1.1455155306340752,0.31918080587850584,0.4515758483706998,tangled_rope,tangled_rope,True
paradoxical_decompositions,powerless,0.249209,3.2233171205690287,0.4470817302720052,1.1592107860316552,0.3266423222844527,0.29268983125664594,tangled_rope,tangled_rope,True
paradoxical_decompositions,moderate,0.575376,0.057707594538411414,0.061295890922908415,0.34484686482406945,0.029656257715577946,0.16601679065891467,tangled_rope,tangled_rope,True
paradoxical_decompositions,institutional,-0.021971,7.603840595161866,11.77257670051977,2.5349928307613805,1.4026577645899743,0.8723447249451269,tangled_rope,rope,False
paradoxical_decompositions,analytical,0.712364,0.0008442050409779833,0.0008335699099327685,0.04089195602713298,0.000418023454152575,0.018305166171026566,tangled_rope,tangled_rope,True
pareto_principle,powerless,0.413016,0.0014018124872959433,0.0009676052264889008,0.04805247203803454,0.0005772322486817649,0.002100712199553989,tangled_rope,tangled_rope,True
pareto_principle,moderate,0.420467,0.0019800740022140675,0.0012572624718624958,0.055805177411820145,0.0007785039455485189,0.0023316486838093065,tangled_rope,tangled_rope,True
pareto_principle,institutional,0.006599,4.053579032780667,5.59078521797098,2.7701434577789907,1.6306825625515433,0.9801032854591158,tangled_rope,rope,False
pareto_principle,analytical,0.520574,0.012750054022197997,0.0030449816352485413,0.10304488139144137,0.0026539747222977237,0.0030895978423567433,tangled_rope,tangled_rope,True
paris_municipal_reform_2026,powerless,0.56518,0.00017933387386411516,0.00021593415930302415,0.01978421573950742,9.785300016253825e-05,0.000608633015695054,tangled_rope,tangled_rope,True
paris_municipal_reform_2026,moderate,0.575376,0.00024012922499901733,0.00029648524314383247,0.023015973672791044,0.00013243229947456484,0.000726741394571193,tangled_rope,tangled_rope,True
paris_municipal_reform_2026,institutional,-0.021971,3.7116401157431365,11.355418986677236,2.8209781130181426,1.6807569106040132,0.9746735226654418,tangled_rope,rope,False
paris_municipal_reform_2026,analytical,0.712364,6.53215314826504e-05,2.242506638553963e-05,0.007270413467114871,1.3214713443470132e-05,5.981524817772095e-05,tangled_rope,tangled_rope,True
parkinsons_law,powerless,0.56518,0.00019489413260625538,0.00023493178984259445,0.020632727480481557,0.00010642641692577795,0.0006624511441667424,tangled_rope,tangled_rope,True
parkinsons_law,moderate,0.575376,0.00026134267951070386,0.00032308000709228526,0.024022411049459205,0.00014426732370233507,0.0007930443703932921,tangled_rope,tangled_rope,True
parkinsons_law,institutional,-0.021971,3.7121516804073105,11.357015735862644,2.8209494937991852,1.6807286583652674,0.9751526731795039,tangled_rope,rope,False
parkinsons_law,analytical,0.712364,0.00016026051422275025,0.00019647611489420597,0.01743221805888062,7.597007565380365e-05,0.00015370154386984216,tangled_rope,tangled_rope,True
participatory_observer_hypothesis,powerless,0.579465,0.06871465476294346,0.06807133421564412,0.3698348426231436,0.034097125315490244,0.1834187825684097,tangled_rope,snare,False
participatory_observer_hypothesis,moderate,0.575376,0.06347343338222709,0.0630130080539833,0.35564081117847435,0.03153686520375284,0.17647443748855995,tangled_rope,snare,False
participatory_observer_hypothesis,institutional,-0.03817,11.011631102896482,12.31224881975102,2.8464614177427974,1.705938709079921,0.9597386987592831,tangled_rope,rope,False
participatory_observer_hypothesis,analytical,0.712364,0.015648180060249383,0.027763072253015334,0.20163040579228025,0.010155099642399348,0.030589784771751838,tangled_rope,tangled_rope,True
pe_rental_market_lockin,powerless,0.3016,3.823571294975175,0.859143678135353,1.52152212777063,0.551377024718561,0.46981769642100163,tangled_rope,tangled_rope,True
pe_rental_market_lockin,moderate,0.641765,0.0001565427445162665,0.00015556340517899713,0.01765924772017741,7.796175100248554e-05,0.00876812043709535,tangled_rope,tangled_rope,True
pe_rental_market_lockin,institutional,-0.024506,12.566365325858397,13.020817190107486,2.9923067485477355,1.850852682498772,0.6492683658129857,tangled_rope,rope,False
pe_rental_market_lockin,analytical,0.79456,0.8558770723492363,0.47507707646764846,1.1137231601499444,0.30216395793622935,0.4310379022654003,tangled_rope,tangled_rope,True
peano_curve_mapping,powerless,0.09084,2.026910696919324e-07,1.956927695787584e-07,0.0006311032707324072,9.957283415132512e-08,3.785681464751889e-06,mountain,mountain,True
peano_curve_mapping,moderate,0.079998,2.3093065865718957e-14,2.28962918494325e-14,2.1490760299348777e-07,1.1497776216529816e-14,1.3206830073997367e-09,mountain,mountain,True
peano_curve_mapping,institutional,-0.00955,0.05225489703994835,0.31934472327361857,0.44423409457143415,0.04913347937360198,0.05117249372040522,mountain,mountain,True
peano_curve_mapping,analytical,0.110402,3.2579465519273214e-07,3.400217551338218e-07,0.0008158358283145231,1.6639702256925781e-07,5.184531822386724e-06,mountain,mountain,True
permissive_software_licensing,powerless,0.413016,0.1490619072892496,0.13854312420344367,0.535939997799083,0.07137924939841257,0.2587310433874501,rope,tangled_rope,False
permissive_software_licensing,moderate,0.420467,0.22161029970862814,0.19763767472522237,0.6465238701141921,0.10359145164457849,0.30675803617162367,rope,tangled_rope,False
permissive_software_licensing,institutional,-0.016056,4.1398754755202845,0.6370171308737947,1.4895721747420183,0.5295341754114194,0.45889791068303526,rope,rope,True
permissive_software_licensing,analytical,0.520574,1.9091968644069557,0.7238007002901461,1.4648996066785291,0.5129230631484609,0.5310209754249614,rope,tangled_rope,False
perovskite_self_etching,powerless,0.2704,3.556700456197528,0.5152645280755648,1.3211429417288723,0.4207165517967485,0.3765726887082644,tangled_rope,tangled_rope,True
perovskite_self_etching,moderate,0.575376,0.06268179334849551,0.06376316682470232,0.3555769454479713,0.03152556933235385,0.17639902736736968,tangled_rope,snare,False
perovskite_self_etching,institutional,-0.007558,9.072917767470724,11.185845694195095,2.4539326365941343,1.3258092085175714,0.8166100130205824,tangled_rope,rope,False
perovskite_self_etching,analytical,0.712364,0.0009585819283254864,0.0009528670010176377,0.04366779169313024,0.0004767000697220546,0.0209141862334305,tangled_rope,tangled_rope,True
perseverance_ai_drive,powerless,0.31202,0.0009160035584241805,0.0010419770847802084,0.04411164965541546,0.00048643968892078535,0.009828954877740603,rope,rope,True
perseverance_ai_drive,moderate,0.282412,3.4501805789364636e-06,3.4815389422904837e-06,0.0026327723216074623,1.732872274333695e-06,0.0005659885344335702,rope,rope,True
perseverance_ai_drive,institutional,-0.011831,0.07060704886498213,0.09367856794578817,0.39991717074283023,0.03985039036541174,0.12907169885496383,rope,rope,True
perseverance_ai_drive,analytical,0.383581,0.02473215507527086,0.042154254111313905,0.24780386259077378,0.015332059097451403,0.062283818352066866,rope,rope,True
personalized_nutritional_arbitrage,powerless,0.56518,0.00017933387386411516,0.00021593415930302415,0.01978421573950742,9.785300016253825e-05,0.000608633015695054,tangled_rope,tangled_rope,True
personalized_nutritional_arbitrage,moderate,0.575376,0.00024012922499901733,0.00029648524314383247,0.023015973672791044,0.00013243229947456484,0.000726741394571193,tangled_rope,tangled_rope,True
personalized_nutritional_arbitrage,institutional,-0.021971,3.7116401157431365,11.355418986677236,2.8209781130181426,1.6807569106040132,0.9746735226654418,tangled_rope,rope,False
personalized_nutritional_arbitrage,analytical,0.712364,6.53215314826504e-05,2.242506638553963e-05,0.007270413467114871,1.3214713443470132e-05,5.981524817772095e-05,tangled_rope,tangled_rope,True
peter_principle,powerless,0.56518,0.01626373060740003,0.019229491628570083,0.18789959318761745,0.008820073836806845,0.05634931370490315,tangled_rope,tangled_rope,True
peter_principle,moderate,0.575376,0.021596724317573267,0.02607351333990087,0.2176066115524475,0.01182648545386387,0.06650962916954128,tangled_rope,tangled_rope,True
peter_principle,institutional,-0.048332,4.317468829153111,12.15972638129979,2.7292455985920756,1.5905680510869915,0.9552157822164794,tangled_rope,rope,False
peter_principle,analytical,0.712364,0.0006075172755381812,0.0008529055127589971,0.037267312839533814,0.0003472031052718087,0.005960940985988747,tangled_rope,tangled_rope,True
pfas_regulatory_framework,powerless,0.3536,2.575773247200169,0.764885445177445,1.5546292247077613,0.5744008993995239,0.5380962663143172,snare,tangled_rope,False
pfas_regulatory_framework,moderate,0.752415,0.25076582606253384,0.2212678371790118,0.6858889619903449,0.11646273256257055,0.3247147998462463,snare,tangled_rope,False
pfas_regulatory_framework,institutional,0.355944,2.511788190872366,0.762698208766843,1.548631503587325,0.5702007075126325,0.5377961981997055,snare,tangled_rope,False
pfas_regulatory_framework,analytical,0.931553,4.354075232537686,0.8467500752500021,1.6480507639670117,0.641454906521716,0.5403888847509984,snare,tangled_rope,False
pla_aerial_carrier_doctrine,powerless,0.3016,5.826515901962498,13.377944301932818,3.02635262440121,1.884823727645348,0.996683707737767,snare,rope,False
pla_aerial_carrier_doctrine,moderate,0.641765,2.423984584886217e-06,1.1861051544308446e-06,0.0017960552277201138,8.064535410909248e-07,1.4290273168238166e-05,snare,snare,True
pla_aerial_carrier_doctrine,institutional,-0.046549,23.018485005265486,13.56518606357251,3.1392170446324488,1.9976243916012715,0.9996203478927908,snare,rope,False
pla_aerial_carrier_doctrine,analytical,0.79456,0.006725155413893152,0.017529268419172232,0.14280850667144687,0.0050964014801069355,0.00785227364848539,snare,snare,True
pla_loyalty_purge,powerless,0.3536,1.8971008763932737,0.4795088596846334,1.2658050255263897,0.38737178622016255,0.38261589662961537,tangled_rope,tangled_rope,True
pla_loyalty_purge,moderate,0.752415,0.20933043243091162,0.16339360244078985,0.6069035878371647,0.09137855011130291,0.256626938114361,tangled_rope,tangled_rope,True
pla_loyalty_purge,institutional,-0.039852,9.440983050644709,17.989805685869907,2.5727778964484096,1.438822628205873,0.8631531221309348,tangled_rope,rope,False
pla_loyalty_purge,analytical,0.931553,3.146747243181401,0.4857592992672913,1.323045747226095,0.4218847673400679,0.38383055164274865,tangled_rope,tangled_rope,True
planetary_boundaries,powerless,0.158514,17.31666972720508,17.692878223105236,3.0405492396832514,1.8989995651982956,0.9834033002952882,snare,rope,False
planetary_boundaries,moderate,0.752415,0.028885422381342406,0.04499899106238173,0.26682740844083336,0.017772831123820693,0.05076770441485878,snare,snare,True
planetary_boundaries,institutional,-0.028731,22.65430893492139,20.556628396005127,3.126814630901565,1.9852221117852262,0.9933506544707366,snare,rope,False
planetary_boundaries,analytical,0.931553,5.2766681093834595,4.28509133654873,2.759299543371896,1.6200306148665344,0.9791088668377607,snare,tangled_rope,False
planetary_diet_constraint_2026,powerless,0.2704,3.556700456197528,0.5152645280755648,1.3211429417288723,0.4207165517967485,0.3765726887082644,tangled_rope,tangled_rope,True
planetary_diet_constraint_2026,moderate,0.575376,0.06268179334849551,0.06376316682470232,0.3555769454479713,0.03152556933235385,0.17639902736736968,tangled_rope,snare,False
planetary_diet_constraint_2026,institutional,0.034872,8.68838370570691,8.906609424315807,2.188943309358447,1.0829678663064897,0.6627898937910954,tangled_rope,rope,False
planetary_diet_constraint_2026,analytical,0.712364,0.0009585819283254864,0.0009528670010176377,0.04366779169313024,0.0004767000697220546,0.0209141862334305,tangled_rope,tangled_rope,True
planning_fallacy,powerless,0.56518,0.00019489413260625538,0.00023493178984259445,0.020632727480481557,0.00010642641692577795,0.0006624511441667424,tangled_rope,tangled_rope,True
planning_fallacy,moderate,0.575376,0.00026134267951070386,0.00032308000709228526,0.024022411049459205,0.00014426732370233507,0.0007930443703932921,tangled_rope,tangled_rope,True
planning_fallacy,institutional,-0.021971,3.7121516804073105,11.357015735862644,2.8209494937991852,1.6807286583652674,0.9751526731795039,tangled_rope,rope,False
planning_fallacy,analytical,0.712364,0.00016026051422275025,0.00019647611489420597,0.01743221805888062,7.597007565380365e-05,0.00015370154386984216,tangled_rope,tangled_rope,True
plastic_asphalt_mandate,powerless,0.3016,2.860223659497747,0.4606214499289143,1.254441416496279,0.3806764188332022,0.34824324733157497,tangled_rope,tangled_rope,True
plastic_asphalt_mandate,moderate,0.641765,0.0001625215704105067,0.00016741717056133695,0.018154385656934523,8.239486389634455e-05,0.008075976335080615,tangled_rope,tangled_rope,True
plastic_asphalt_mandate,institutional,0.063872,8.033554816420201,9.700269611072333,2.1249788729257424,1.0266022085678574,0.6368712361802997,tangled_rope,rope,False
plastic_asphalt_mandate,analytical,0.79456,0.6733080659449923,0.3350217973624727,0.9554784388751437,0.22392672699499724,0.3245478603281996,tangled_rope,tangled_rope,True
platform_app_store_duopoly,powerless,0.3016,4.498073957461461,0.8615950909766986,1.6833630089868357,0.667580475863961,0.5646779459816035,snare,tangled_rope,False
platform_app_store_duopoly,moderate,0.641765,0.00015185079539423992,0.00015153474309026715,0.01741733932311622,7.58404479548801e-05,0.008622443073721064,snare,snare,True
platform_app_store_duopoly,institutional,-0.053908,13.565724352963711,15.220410773843724,2.8243483208667937,1.6840843582842038,0.8851761546473063,snare,rope,False
platform_app_store_duopoly,analytical,0.79456,0.969506465585993,0.6018923508863953,1.2234604488959304,0.3626887956502722,0.5089088812727118,snare,tangled_rope,False
platform_cooperativism_governance,powerless,0.56518,0.015735682030402015,0.01863339133175189,0.18489135306452306,0.008540118377482935,0.054556274914784875,tangled_rope,tangled_rope,True
platform_cooperativism_governance,moderate,0.575376,0.020899998923317203,0.025277630213041264,0.21415937858789622,0.011455108168398169,0.06441714067843596,tangled_rope,tangled_rope,True
platform_cooperativism_governance,institutional,-0.021971,3.757999189346797,11.760093726149362,2.595835431515737,1.4609907014487429,0.922272834686685,tangled_rope,rope,False
platform_cooperativism_governance,analytical,0.712364,0.00035312701733769634,0.0003966827466325528,0.026941111476974387,0.000181453128067164,0.00573448843836008,tangled_rope,tangled_rope,True
platonic_coparenting_decoupling,powerless,0.423455,0.0008783106011690615,0.000570371550098251,0.037198278066683695,0.0003459180007166336,0.0009201637716665776,tangled_rope,tangled_rope,True
platonic_coparenting_decoupling,moderate,0.420467,0.0007788791194926963,0.0005186042958121335,0.03531093478036353,0.000311707431635335,0.0008906145814926818,tangled_rope,tangled_rope,True
platonic_coparenting_decoupling,institutional,-0.016056,3.545608316050921,6.4148267381217385,2.7335771491640624,1.594808822485525,0.9703297611499088,tangled_rope,rope,False
platonic_coparenting_decoupling,analytical,0.520574,0.0055560960380448155,0.0037285056053478365,0.07995157751411369,0.00159785088078936,0.0011799229486310406,tangled_rope,tangled_rope,True
po_investigation_protocol_bias,powerless,0.739082,0.14671098020751902,0.13363947971446677,0.5290021590532163,0.06955389468848153,0.2527982763660983,snare,tangled_rope,False
po_investigation_protocol_bias,moderate,0.752415,0.24442046390142427,0.20921753786294808,0.6718468157203821,0.11178736200141239,0.311976332993014,snare,tangled_rope,False
po_investigation_protocol_bias,institutional,-0.049915,11.97536443095218,18.542021979178255,2.6543852701861836,1.5175970440433786,0.8821281220890962,snare,rope,False
po_investigation_protocol_bias,analytical,0.931553,4.089859534540428,0.7855812626740599,1.5810619575426448,0.5930639321167231,0.5039310325970713,snare,tangled_rope,False
poetic_verse_and_past,powerless,0.630393,0.000846731324507533,0.0008417949697589987,0.041090477565246405,0.0004220919889956138,0.019677216457403446,snare,snare,True
poetic_verse_and_past,moderate,0.4504,0.7107950790652157,0.5520082017520682,1.1153844195559652,0.30304255991253853,0.5046776899515852,snare,tangled_rope,False
poetic_verse_and_past,institutional,-0.024506,14.439798659048506,14.309590779546705,2.6658783839732627,1.5287587281306951,0.8519526812206717,snare,rope,False
poetic_verse_and_past,analytical,0.79456,1.0252842239420819,0.6963920748577435,1.2882920739168253,0.4007742464903634,0.5543674708071646,snare,tangled_rope,False
poincare_conjucture,powerless,0.13626,4.886221288913496e-05,6.433326382685124e-05,0.010564118074852708,2.790008280655855e-05,0.00013643389337025802,mountain,mountain,True
poincare_conjucture,moderate,0.119997,7.397675883358606e-13,7.399411025545308e-13,1.216796378051872e-06,3.69910720577638e-13,1.2497627710494896e-08,mountain,mountain,True
poincare_conjucture,institutional,-0.014325,0.17828585607974698,1.0563690742151886,0.8134878691776505,0.16317228613418647,0.16394398695117296,mountain,mountain,True
poincare_conjucture,analytical,0.165603,0.0023453092045702104,0.006464752573559904,0.08519799058496359,0.0018143999962629857,0.002687510319767883,mountain,mountain,True
polar_bear_biobanking,powerless,0.323046,1.2721322877690069,0.23511805065959282,0.9103930637390348,0.20365071503712573,0.20149712816482288,tangled_rope,tangled_rope,True
polar_bear_biobanking,moderate,0.575376,0.04715655767363366,0.05267238205670196,0.31559077524677714,0.024847762271892823,0.1392724539334823,tangled_rope,tangled_rope,True
polar_bear_biobanking,institutional,-0.021971,6.021410770885434,11.844226349046664,2.5816743433687104,1.4473672117390788,0.9049679983286337,tangled_rope,rope,False
polar_bear_biobanking,analytical,0.712364,0.0009714768654071682,0.001219396445293148,0.04607357805165374,0.0005306701793901993,0.014208446560523058,tangled_rope,tangled_rope,True
politeness_face_negotiation,powerless,0.417515,0.001743275242230531,0.0011440664798699767,0.05284588097625057,0.000698131164664207,0.0022470481631879924,tangled_rope,tangled_rope,True
politeness_face_negotiation,moderate,0.420467,0.0019800740022140675,0.0012572624718624958,0.055805177411820145,0.0007785039455485189,0.0023316486838093065,tangled_rope,tangled_rope,True
politeness_face_negotiation,institutional,-0.027894,4.683115086689576,5.670717248593879,2.8407581640037938,1.7002986419254322,0.9879620261877593,tangled_rope,rope,False
politeness_face_negotiation,analytical,0.520574,0.012750054022197997,0.0030449816352485413,0.10304488139144137,0.0026539747222977237,0.0030895978423567433,tangled_rope,tangled_rope,True
political_art_factional_alignment,powerless,0.2704,2.7876738233464087,0.3970092214473974,1.1473930993360764,0.3201990980563005,0.29268257175318757,tangled_rope,tangled_rope,True
political_art_factional_alignment,moderate,0.575376,0.057707594538411414,0.061295890922908415,0.34484686482406945,0.029656257715577946,0.16601679065891467,tangled_rope,tangled_rope,True
political_art_factional_alignment,institutional,-0.021971,7.603840595161866,11.77257670051977,2.5349928307613805,1.4026577645899743,0.8723447249451269,tangled_rope,rope,False
political_art_factional_alignment,analytical,0.712364,0.0008442050409779833,0.0008335699099327685,0.04089195602713298,0.000418023454152575,0.018305166171026566,tangled_rope,tangled_rope,True
political_dissident_containment,powerless,0.84777,0.011707648405929024,0.00990438114591139,0.14148550406772617,0.005002450197608598,0.009535482427107616,tangled_rope,tangled_rope,True
political_dissident_containment,moderate,0.863064,0.01802707140743679,0.016687198578178394,0.17693546109402647,0.0078214361198069,0.014191216685039983,tangled_rope,tangled_rope,True
political_dissident_containment,institutional,-0.072497,2.658739130688893,21.042914444090837,2.5909138657184996,1.456252874828153,0.9246862545229451,tangled_rope,rope,False
political_dissident_containment,analytical,1.068546,1.310143812324737,3.375188740530041,1.9040874878765741,0.8399610743971238,0.7173752155977681,tangled_rope,piton,False
portugal_government_stability_ad,powerless,0.31202,0.08921088542772022,0.10198659093770704,0.43651160672811945,0.0474467998717455,0.19710196303086977,rope,rope,True
portugal_government_stability_ad,moderate,0.282412,0.00041626454419906923,0.00042216980693987453,0.028955192154393752,0.00020959712715878007,0.011693395157521547,rope,rope,True
portugal_government_stability_ad,institutional,-0.011831,1.1797797331210302,0.2213956777078412,0.8967731373557499,0.1977045658779797,0.1992080066925777,rope,rope,True
portugal_government_stability_ad,analytical,0.383581,1.1542034508965822,1.0411307517932418,1.4743031877373551,0.5192275875913077,0.6692603817731644,rope,tangled_rope,False
portugal_polarization_threshold_2026,powerless,0.2704,3.556700456197528,0.5152645280755648,1.3211429417288723,0.4207165517967485,0.3765726887082644,tangled_rope,tangled_rope,True
portugal_polarization_threshold_2026,moderate,0.575376,0.06268179334849551,0.06376316682470232,0.3555769454479713,0.03152556933235385,0.17639902736736968,tangled_rope,snare,False
portugal_polarization_threshold_2026,institutional,-0.03817,9.368119784585522,12.240920767921661,2.6026444376258433,1.4675508791867093,0.8838743754954357,tangled_rope,rope,False
portugal_polarization_threshold_2026,analytical,0.712364,0.0009585819283254864,0.0009528670010176377,0.04366779169313024,0.0004767000697220546,0.0209141862334305,tangled_rope,tangled_rope,True
portuguese_presidential_term_limits,powerless,0.09084,2.026910696919324e-07,1.956927695787584e-07,0.0006311032707324072,9.957283415132512e-08,3.785681464751889e-06,mountain,mountain,True
portuguese_presidential_term_limits,moderate,0.079998,2.3093065865718957e-14,2.28962918494325e-14,2.1490760299348777e-07,1.1497776216529816e-14,1.3206830073997367e-09,mountain,mountain,True
portuguese_presidential_term_limits,institutional,-0.00955,0.05225489703994835,0.31934472327361857,0.44423409457143415,0.04913347937360198,0.05117249372040522,mountain,mountain,True
portuguese_presidential_term_limits,analytical,0.110402,3.2579465519273214e-07,3.400217551338218e-07,0.0008158358283145231,1.6639702256925781e-07,5.184531822386724e-06,mountain,mountain,True
postman_survival_protocol,powerless,0.413016,0.0006890724250161383,0.0005628266958503896,0.03487851376114369,0.00030411997282107017,0.0008804836833597235,tangled_rope,tangled_rope,True
postman_survival_protocol,moderate,0.420467,0.0009954533716374078,0.0008081171122484161,0.04155973438485939,0.00043178734294830023,0.0009772017975154949,tangled_rope,tangled_rope,True
postman_survival_protocol,institutional,-0.016056,3.6579043738814,6.348153598484361,2.7487917845149195,1.6097195249128446,0.9732041717723143,tangled_rope,rope,False
postman_survival_protocol,analytical,0.520574,0.010297422045955122,0.01962476134804111,0.14571109127656567,0.0053055831017423715,0.005172330710485656,tangled_rope,tangled_rope,True
power_set,powerless,0.13626,2.730279028570617e-05,3.5949374266308514e-05,0.007896875560758833,1.5590140650892342e-05,7.623432689174425e-05,mountain,mountain,True
power_set,moderate,0.119997,4.132238557376591e-13,4.13497107665991e-13,9.088486839519166e-07,2.066924304130193e-13,6.982801670218919e-09,mountain,mountain,True
power_set,institutional,-0.014325,0.10340849699810349,0.6392197195539203,0.6237856691241498,0.09649112264130194,0.09863579103813724,mountain,mountain,True
power_set,analytical,0.165603,0.0013112644818884492,0.0036172414796492025,0.06371445995193167,0.0010147972723359908,0.0015034062402410342,mountain,mountain,True
power_without_responsibility,powerless,0.630393,0.000846731324507533,0.0008417949697589987,0.041090477565246405,0.0004220919889956138,0.019677216457403446,snare,snare,True
power_without_responsibility,moderate,0.641765,0.00016426996337572764,0.00016785656282097117,0.018216179516110462,8.295672554950964e-05,0.008234130903001735,snare,snare,True
power_without_responsibility,institutional,0.010072,14.244809786612167,12.547112897883201,2.520885670734042,1.3892094817392335,0.751543634158121,snare,rope,False
power_without_responsibility,analytical,0.79456,1.0252842239420819,0.6963920748577435,1.2882920739168253,0.4007742464903634,0.5543674708071646,snare,tangled_rope,False
prestige_signal_inflation,powerless,0.630393,0.000908529923391508,0.0009096793800850243,0.04263942804982413,0.0004545129898892709,0.021216545150394284,tangled_rope,snare,False
prestige_signal_inflation,moderate,0.641765,0.00017318872437118552,0.0001769761467998158,0.018704831190202373,8.746703991593524e-05,0.00882513050637096,tangled_rope,snare,False
prestige_signal_inflation,institutional,-0.042575,11.94652185541471,14.888704050082875,2.729479612087593,1.5907971113108377,0.9171776761369312,tangled_rope,rope,False
prestige_signal_inflation,analytical,0.79456,0.8900765950232121,0.5112345572560263,1.1455155306340752,0.31918080587850584,0.4515758483706998,tangled_rope,tangled_rope,True
price_signal_corruption,powerless,0.3016,4.590854111276769,0.8815254518754129,1.7084378767618853,0.6863846482101913,0.5779188458356345,snare,tangled_rope,False
price_signal_corruption,moderate,0.641765,0.0001547761801719798,0.00015531276292620017,0.01760722340655693,7.750307845658095e-05,0.008558586029067228,snare,snare,True
price_signal_corruption,institutional,0.169004,10.355639317792654,1.9100222455324756,1.798418556012291,0.7555416646123069,0.5780284521200517,snare,tangled_rope,False
price_signal_corruption,analytical,0.79456,0.9832138324170167,0.6220743480444271,1.2382798182501984,0.37124420279070114,0.5192721647615954,snare,tangled_rope,False
prime_age_male_unwork,powerless,0.630393,0.0008865956466750146,0.0008834714380283522,0.04207200633752718,0.00044249711137888726,0.020871191805839295,snare,snare,True
prime_age_male_unwork,moderate,0.641765,0.00015292057016963443,0.000152693958749983,0.01748133169568183,7.639875306103292e-05,0.008680812221841416,snare,snare,True
prime_age_male_unwork,institutional,-0.024506,12.93464084178771,14.338070883597883,2.6582092074393184,1.5213089592689073,0.8666214905278807,snare,rope,False
prime_age_male_unwork,analytical,0.79456,0.9556340946088397,0.5833608235832104,1.2089498870220754,0.3543987670759751,0.4983995499442636,snare,tangled_rope,False
prime_number_theorem,powerless,0.09084,2.026910696919324e-07,1.956927695787584e-07,0.0006311032707324072,9.957283415132512e-08,3.785681464751889e-06,mountain,mountain,True
prime_number_theorem,moderate,0.079998,2.3093065865718957e-14,2.28962918494325e-14,2.1490760299348777e-07,1.1497776216529816e-14,1.3206830073997367e-09,mountain,mountain,True
prime_number_theorem,institutional,-0.00955,0.05225489703994835,0.31934472327361857,0.44423409457143415,0.04913347937360198,0.05117249372040522,mountain,mountain,True
prime_number_theorem,analytical,0.110402,3.2579465519273214e-07,3.400217551338218e-07,0.0008158358283145231,1.6639702256925781e-07,5.184531822386724e-06,mountain,mountain,True
prisoners_dilemma_equilibrium,powerless,0.09084,2.5502136669810094e-07,2.4621542780288636e-07,0.000707898567893733,1.252800942856084e-07,4.762730103302637e-06,mountain,mountain,True
prisoners_dilemma_equilibrium,moderate,0.079998,2.9021800587739735e-14,2.8837512224529756e-14,2.4211521162497896e-07,1.4465518576616884e-14,1.6615144815546046e-09,mountain,mountain,True
prisoners_dilemma_equilibrium,institutional,-0.00955,0.06530817894203941,0.39612815999951073,0.4960344611027112,0.06119787635430219,0.06354276510022416,mountain,mountain,True
prisoners_dilemma_equilibrium,analytical,0.110402,4.0984538724431726e-07,4.277421260830949e-07,0.0009150411551939853,2.0932507545079904e-07,6.521976276312912e-06,mountain,mountain,True
private_credit_market_opacity,powerless,0.3016,4.401900459700516,0.8232293469561432,1.6563791781976476,0.6475787752837242,0.5513983557578446,snare,tangled_rope,False
private_credit_market_opacity,moderate,0.641765,0.00015292057016963443,0.000152693958749983,0.01748133169568183,7.639875306103292e-05,0.008680812221841416,snare,snare,True
private_credit_market_opacity,institutional,-0.024506,12.93464084178771,14.338070883597883,2.6582092074393184,1.5213089592689073,0.8666214905278807,snare,rope,False
private_credit_market_opacity,analytical,0.79456,0.9556340946088397,0.5833608235832104,1.2089498870220754,0.3543987670759751,0.4983995499442636,snare,tangled_rope,False
private_identity_integration,powerless,0.413016,0.0004328594290319097,0.0004025603460981877,0.028459339452819844,0.00020248008391528992,0.0004744424018880511,tangled_rope,tangled_rope,True
private_identity_integration,moderate,0.420467,0.0006378191000054745,0.0006145631610813584,0.03457455380810449,0.000298842500224387,0.0005265342999168873,tangled_rope,tangled_rope,True
private_identity_integration,institutional,0.135496,0.5874661709754748,2.5584183178012263,1.4115601633378694,0.47778839845735793,0.4461709931840404,tangled_rope,tangled_rope,True
private_identity_integration,analytical,0.520574,0.008741327625015867,0.022531112458311527,0.14951410034409537,0.005586014315652226,0.006158815226853794,tangled_rope,tangled_rope,True
procedural_compliance_theater,powerless,0.167392,6.044679535054762,2.614494314237547,1.5234170865018921,0.5526841974266323,0.3326649929975595,tangled_rope,tangled_rope,True
procedural_compliance_theater,moderate,0.575376,0.060542757063742375,0.06294414712905984,0.3513514541202645,0.030782670965221477,0.17233800952994005,tangled_rope,snare,False
procedural_compliance_theater,institutional,-0.021971,8.94720011891395,12.066218887076278,2.7476425162038454,1.6085924153806987,0.9419160300595332,tangled_rope,rope,False
procedural_compliance_theater,analytical,0.712364,0.007589498841571561,0.013168015866025428,0.13953506797168924,0.004865534731957609,0.02281513993560652,tangled_rope,tangled_rope,True
procedural_legitimacy_decay,powerless,0.56518,0.005812580690731037,0.004788464597289632,0.10259103727540714,0.002630653335200119,0.017471013618182263,snare,snare,True
procedural_legitimacy_decay,moderate,0.575376,0.0072921444877564875,0.005844415263219623,0.11407671853348524,0.0032524924863924815,0.019050294161846892,snare,snare,True
procedural_legitimacy_decay,institutional,-0.021971,22.183570099270483,11.900153244129807,3.1166286515297985,1.9750366461683306,0.9961183895326771,snare,rope,False
procedural_legitimacy_decay,analytical,0.712364,0.020874400500790355,0.038365717357184415,0.23491226198417564,0.013780089329997476,0.03215717864207557,snare,snare,True
project_vault_2026,powerless,0.291591,3.034003931937449,0.49296749924365696,1.310383971516603,0.41413807282434,0.3765315642200955,tangled_rope,tangled_rope,True
project_vault_2026,moderate,0.575376,0.06268179334849551,0.06376316682470232,0.3555769454479713,0.03152556933235385,0.17639902736736968,tangled_rope,snare,False
project_vault_2026,institutional,-0.021971,9.211305010249216,11.738069373391989,2.5284721464247064,1.3964378955701757,0.852246854333815,tangled_rope,rope,False
project_vault_2026,analytical,0.712364,0.0009585819283254864,0.0009528670010176377,0.04366779169313024,0.0004767000697220546,0.0209141862334305,tangled_rope,tangled_rope,True
project_vault_extraction_2026,powerless,0.3536,2.349027214435964,0.6591256469870675,1.4555801159412058,0.5067073505542731,0.48387844363629084,tangled_rope,tangled_rope,True
project_vault_extraction_2026,moderate,0.752415,0.2401538718394845,0.20242620250381624,0.6633277896389707,0.10899627863923711,0.304733994147321,tangled_rope,tangled_rope,True
project_vault_extraction_2026,institutional,0.198142,7.407647257172907,1.664163316400828,1.6054766727866931,0.6105205252195377,0.4857920675300057,tangled_rope,tangled_rope,True
project_vault_extraction_2026,analytical,0.931553,3.929244618224143,0.6644059468127301,1.5252079559763427,0.5539207619145186,0.48571833538170245,tangled_rope,tangled_rope,True
proof_of_work_consensus,powerless,0.3016,2.4314588090155884,0.40097990905564584,1.143988582708184,0.31835376371286245,0.2940819549636708,tangled_rope,tangled_rope,True
proof_of_work_consensus,moderate,0.641765,0.0001293232520092051,0.00012974058866065924,0.016093575840562063,6.475044644603796e-05,0.0073525632212825265,tangled_rope,tangled_rope,True
proof_of_work_consensus,institutional,0.3036,2.39526647571338,0.3974777583347831,1.1427278425129443,0.31767164663525616,0.2940776363826903,tangled_rope,tangled_rope,True
proof_of_work_consensus,analytical,0.79456,0.5786828790715073,0.2719043947757168,0.8724395691540549,0.1872893242713274,0.2754683245445602,tangled_rope,tangled_rope,True
protocol_capture_tangled_rope,powerless,0.3016,3.515799615167044,0.608516251014786,1.4248829637178926,0.48646364597763275,0.43225034504074505,tangled_rope,tangled_rope,True
protocol_capture_tangled_rope,moderate,0.641765,0.0001521879877267945,0.0001522859434725551,0.017448057859343686,7.61081980556502e-05,0.008649145410708214,tangled_rope,tangled_rope,True
protocol_capture_tangled_rope,institutional,0.010072,10.449807534894532,13.520248411901168,2.6010515945133914,1.4660156891587162,0.8539010887296199,tangled_rope,rope,False
protocol_capture_tangled_rope,analytical,0.79456,0.8028376410797939,0.4284104839559752,1.0665191470854087,0.27769066650385865,0.39874847665941904,tangled_rope,tangled_rope,True
protocol_drift_accumulation,powerless,0.56518,0.01626373060740003,0.019229491628570083,0.18789959318761745,0.008820073836806845,0.05634931370490315,tangled_rope,tangled_rope,True
protocol_drift_accumulation,moderate,0.575376,0.021596724317573267,0.02607351333990087,0.2176066115524475,0.01182648545386387,0.06650962916954128,tangled_rope,tangled_rope,True
protocol_drift_accumulation,institutional,-0.021971,3.91218836821958,11.776995950045052,2.6272055968336203,1.4912652060316638,0.9308107292931446,tangled_rope,rope,False
protocol_drift_accumulation,analytical,0.712364,0.0006075172755381812,0.0008529055127589971,0.037267312839533814,0.0003472031052718087,0.005960940985988747,tangled_rope,tangled_rope,True
public_domain_commons,powerless,0.56518,0.04421875747633546,0.04683023926917067,0.301647858175195,0.022704768184582856,0.1445364428073025,tangled_rope,tangled_rope,True
public_domain_commons,moderate,0.575376,0.057707594538411414,0.061295890922908415,0.34484686482406945,0.029656257715577946,0.16601679065891467,tangled_rope,tangled_rope,True
public_domain_commons,institutional,-0.021971,7.603840595161866,11.77257670051977,2.5349928307613805,1.4026577645899743,0.8723447249451269,tangled_rope,rope,False
public_domain_commons,analytical,0.712364,0.0008442050409779833,0.0008335699099327685,0.04089195602713298,0.000418023454152575,0.018305166171026566,tangled_rope,tangled_rope,True
publishing_embargo,powerless,0.2704,3.0024013998706662,0.4357947679534223,1.1978706942429993,0.34812740944459886,0.3158239052681355,tangled_rope,tangled_rope,True
publishing_embargo,moderate,0.575376,0.05950481555521146,0.06243657547964706,0.3491209566929233,0.030394063830766115,0.1701183320542472,tangled_rope,tangled_rope,True
publishing_embargo,institutional,-0.021971,8.130805884920767,11.881868446395423,2.5718651113579454,1.4379465698984746,0.8851096712420413,tangled_rope,rope,False
publishing_embargo,analytical,0.712364,0.0011888913737262425,0.0014389410964694416,0.05061605084805256,0.0006404619653165224,0.019281650972716224,tangled_rope,tangled_rope,True
pythagorean_theorem,powerless,0.09084,2.026910696919324e-07,1.956927695787584e-07,0.0006311032707324072,9.957283415132512e-08,3.785681464751889e-06,mountain,mountain,True
pythagorean_theorem,moderate,0.079998,2.3093065865718957e-14,2.28962918494325e-14,2.1490760299348777e-07,1.1497776216529816e-14,1.3206830073997367e-09,mountain,mountain,True
pythagorean_theorem,institutional,-0.00955,0.05225489703994835,0.31934472327361857,0.44423409457143415,0.04913347937360198,0.05117249372040522,mountain,mountain,True
pythagorean_theorem,analytical,0.110402,3.2579465519273214e-07,3.400217551338218e-07,0.0008158358283145231,1.6639702256925781e-07,5.184531822386724e-06,mountain,mountain,True
pythagorean_theorem_geometric_constancy,powerless,0.09084,2.026910696919324e-07,1.956927695787584e-07,0.0006311032707324072,9.957283415132512e-08,3.785681464751889e-06,mountain,mountain,True
pythagorean_theorem_geometric_constancy,moderate,0.079998,2.3093065865718957e-14,2.28962918494325e-14,2.1490760299348777e-07,1.1497776216529816e-14,1.3206830073997367e-09,mountain,mountain,True
pythagorean_theorem_geometric_constancy,institutional,-0.00955,0.05225489703994835,0.31934472327361857,0.44423409457143415,0.04913347937360198,0.05117249372040522,mountain,mountain,True
pythagorean_theorem_geometric_constancy,analytical,0.110402,3.2579465519273214e-07,3.400217551338218e-07,0.0008158358283145231,1.6639702256925781e-07,5.184531822386724e-06,mountain,mountain,True
qualified_immunity,powerless,0.747132,0.2020716544959137,0.17767779021054078,0.615184165838039,0.09386927153441127,0.2891884423358483,snare,tangled_rope,False
qualified_immunity,moderate,0.752415,0.24442046390142427,0.20921753786294808,0.6718468157203821,0.11178736200141239,0.311976332993014,snare,tangled_rope,False
qualified_immunity,institutional,-0.009884,11.679170793360399,16.41294160769239,2.479410033333446,1.3498494783593071,0.7866634736394834,snare,rope,False
qualified_immunity,analytical,0.931553,4.089859534540428,0.7855812626740599,1.5810619575426448,0.5930639321167231,0.5039310325970713,snare,tangled_rope,False
quantum_entanglement_protocol,powerless,0.3016,5.712958690239168,7.579456965611874,2.8391489950491464,1.6987077398558346,0.9807675977724629,snare,tangled_rope,False
quantum_entanglement_protocol,moderate,0.641765,1.1597501672223265e-05,1.0697218803079021e-05,0.004700200787973444,5.5229693199099434e-06,0.0005607905237535737,snare,snare,True
quantum_entanglement_protocol,institutional,-0.024506,22.691236527522932,13.658904813929441,3.1339091855438683,1.99231655085401,0.9835492591194782,snare,rope,False
quantum_entanglement_protocol,analytical,0.79456,0.24504552036736613,0.5326938081533531,0.8318102809596943,0.17049799570098711,0.2518753865700859,snare,snare,True
quantum_nonlocality_2026,powerless,0.13626,2.730279028570617e-05,3.5949374266308514e-05,0.007896875560758833,1.5590140650892342e-05,7.623432689174425e-05,mountain,mountain,True
quantum_nonlocality_2026,moderate,0.119997,4.132238557376591e-13,4.13497107665991e-13,9.088486839519166e-07,2.066924304130193e-13,6.982801670218919e-09,mountain,mountain,True
quantum_nonlocality_2026,institutional,-0.014325,0.10340849699810349,0.6392197195539203,0.6237856691241498,0.09649112264130194,0.09863579103813724,mountain,mountain,True
quantum_nonlocality_2026,analytical,0.165603,0.0013112644818884492,0.0036172414796492025,0.06371445995193167,0.0010147972723359908,0.0015034062402410342,mountain,mountain,True
quellcrist_falconer_justice,powerless,0.3536,2.575773247200169,0.764885445177445,1.5546292247077613,0.5744008993995239,0.5380962663143172,snare,tangled_rope,False
quellcrist_falconer_justice,moderate,0.752415,0.25076582606253384,0.2212678371790118,0.6858889619903449,0.11646273256257055,0.3247147998462463,snare,tangled_rope,False
quellcrist_falconer_justice,institutional,-0.028731,12.62371922140772,17.794939439131575,2.608287173861679,1.4729920868737008,0.8485370680605067,snare,rope,False
quellcrist_falconer_justice,analytical,0.931553,4.354075232537686,0.8467500752500021,1.6480507639670117,0.641454906521716,0.5403888847509984,snare,tangled_rope,False
quine_self_replication,powerless,0.13626,3.4346537563711765e-05,4.5223191572931926e-05,0.008857106121077471,1.96120501570497e-05,9.590132227277337e-05,mountain,mountain,True
quine_self_replication,moderate,0.119997,5.20001217344988e-13,5.201083342946381e-13,1.0198318143051182e-06,2.6001892869159244e-13,8.784403426886911e-09,mountain,mountain,True
quine_self_replication,institutional,-0.014325,0.1284401449351297,0.7827068540665388,0.6936118460530667,0.11907367763998677,0.12101574044094598,mountain,mountain,True
quine_self_replication,analytical,0.165603,0.0016492319606454511,0.004548428894057699,0.07145182586297744,0.0012762051067322904,0.0018905568153703145,mountain,mountain,True
qwerty_vs_dvorak,powerless,0.413016,0.004666704306088769,0.007255099944018885,0.10708806474058452,0.0028662785113296807,0.008340038439182778,tangled_rope,tangled_rope,True
qwerty_vs_dvorak,moderate,0.420467,0.0076132841530480565,0.012937406599952335,0.13943265824012355,0.0048583982679723985,0.011977529076035876,tangled_rope,tangled_rope,True
qwerty_vs_dvorak,institutional,0.247,0.03376007075141086,0.05369877402118473,0.24560175280239094,0.015061114096060448,0.016028966961865027,tangled_rope,tangled_rope,True
qwerty_vs_dvorak,analytical,0.520574,0.20739834573082835,0.67545424248411,0.819504450826947,0.16556088015006334,0.19584869583691794,tangled_rope,tangled_rope,True
raac_school_maintenance,powerless,0.3016,4.590854111276769,0.8815254518754129,1.7084378767618853,0.6863846482101913,0.5779188458356345,snare,tangled_rope,False
raac_school_maintenance,moderate,0.620043,0.0014139196640175636,0.0014047679884417825,0.053091028657599876,0.0007046229526339648,0.026090052541866304,snare,snare,True
raac_school_maintenance,institutional,-0.024506,13.451264551256886,14.253966909424056,2.6459099470214937,1.5093763103179594,0.857166363758337,snare,rope,False
raac_school_maintenance,analytical,0.79456,0.9832138324170167,0.6220743480444271,1.2382798182501984,0.37124420279070114,0.5192721647615954,snare,tangled_rope,False
ramsey_numbers,powerless,0.13626,0.00018101435173025702,0.00023826941024163143,0.020331912227552845,0.00010334577366601624,0.0005053635917696697,mountain,mountain,True
ramsey_numbers,moderate,0.119997,2.7414654039339104e-12,2.7412058581792183e-12,2.341522023131429e-06,1.3706770256845437e-12,4.630945094064032e-08,mountain,mountain,True
ramsey_numbers,institutional,-0.014325,0.5434670306056719,2.6257714695074186,1.373004610810513,0.4530645890736929,0.4208116228062273,mountain,mountain,True
ramsey_numbers,analytical,0.165603,0.008656768799815065,0.023752580503796732,0.16354151078873755,0.0066827315430888126,0.009886510199185072,mountain,mountain,True
rare_earth_dependency,powerless,0.630393,5.792757177323191e-05,5.585707202916538e-05,0.01066071487090912,2.841264311592501e-05,0.0013184977194817815,snare,snare,True
rare_earth_dependency,moderate,0.641765,1.1597501672223265e-05,1.0697218803079021e-05,0.004700200787973444,5.5229693199099434e-06,0.0005607905237535737,snare,snare,True
rare_earth_dependency,institutional,-0.024506,22.691236527522932,13.658904813929441,3.1339091855438683,1.99231655085401,0.9835492591194782,snare,rope,False
rare_earth_dependency,analytical,0.79456,0.24504552036736613,0.5326938081533531,0.8318102809596943,0.17049799570098711,0.2518753865700859,snare,snare,True
rare_earth_export_restrictions,powerless,0.3016,4.203207447924743,0.8516368612491011,1.6099199228141745,0.6137198089780976,0.5226259929586583,snare,tangled_rope,False
rare_earth_export_restrictions,moderate,0.641765,0.00015503196632926474,0.00015452282735853312,0.017591183074102065,7.736193174248981e-05,0.008764878439966983,snare,snare,True
rare_earth_export_restrictions,institutional,0.233383,6.698934826875398,1.666074345627515,1.6971681720408658,0.6779075352266537,0.5227118937909842,snare,tangled_rope,False
rare_earth_export_restrictions,analytical,0.79456,0.9231221078290248,0.5440229505444621,1.1765034100520675,0.33617581622943243,0.47514570809947493,snare,tangled_rope,False
rare_earth_seabed_mining,powerless,0.3016,3.515799615167044,0.608516251014786,1.4248829637178926,0.48646364597763275,0.43225034504074505,tangled_rope,tangled_rope,True
rare_earth_seabed_mining,moderate,0.641765,0.0001521879877267945,0.0001522859434725551,0.017448057859343686,7.61081980556502e-05,0.008649145410708214,tangled_rope,tangled_rope,True
rare_earth_seabed_mining,institutional,0.023865,10.31653728114024,12.962532503817286,2.5318054347801584,1.3996166136700936,0.8242403831867546,tangled_rope,rope,False
rare_earth_seabed_mining,analytical,0.79456,0.8028376410797939,0.4284104839559752,1.0665191470854087,0.27769066650385865,0.39874847665941904,tangled_rope,tangled_rope,True
rational_inertia_trap,powerless,0.56518,0.00022463015069293932,0.00021002032985438794,0.020589729412996388,0.00010598330327329408,0.0004223723461910687,tangled_rope,tangled_rope,True
rational_inertia_trap,moderate,0.575376,0.00030505167554817223,0.00028039637034866897,0.023772838813817563,0.00014128530282409927,0.0005043536266838333,tangled_rope,tangled_rope,True
rational_inertia_trap,institutional,-0.021971,6.307004574290662,8.854672145065994,3.031916841304403,1.8903791488930954,0.9975362656138251,tangled_rope,rope,False
rational_inertia_trap,analytical,0.712364,0.0008127662936067277,0.00015075631487750554,0.023268701510023727,0.00013535659067910564,0.00019602719505806832,tangled_rope,tangled_rope,True
reciprocity_laws_math,powerless,0.09084,2.026910696919324e-07,1.956927695787584e-07,0.0006311032707324072,9.957283415132512e-08,3.785681464751889e-06,mountain,mountain,True
reciprocity_laws_math,moderate,0.079998,2.3093065865718957e-14,2.28962918494325e-14,2.1490760299348777e-07,1.1497776216529816e-14,1.3206830073997367e-09,mountain,mountain,True
reciprocity_laws_math,institutional,-0.00955,0.05225489703994835,0.31934472327361857,0.44423409457143415,0.04913347937360198,0.05117249372040522,mountain,mountain,True
reciprocity_laws_math,analytical,0.110402,3.2579465519273214e-07,3.400217551338218e-07,0.0008158358283145231,1.6639702256925781e-07,5.184531822386724e-06,mountain,mountain,True
regional_military_deterrence_mideast,powerless,0.3016,4.590854111276769,0.8815254518754129,1.7084378767618853,0.6863846482101913,0.5779188458356345,snare,tangled_rope,False
regional_military_deterrence_mideast,moderate,0.641765,0.0001547761801719798,0.00015531276292620017,0.01760722340655693,7.750307845658095e-05,0.008558586029067228,snare,snare,True
regional_military_deterrence_mideast,institutional,0.169004,10.355639317792654,1.9100222455324756,1.798418556012291,0.7555416646123069,0.5780284521200517,snare,tangled_rope,False
regional_military_deterrence_mideast,analytical,0.79456,0.9832138324170167,0.6220743480444271,1.2382798182501984,0.37124420279070114,0.5192721647615954,snare,tangled_rope,False
regulatory_capture,powerless,0.3016,4.590854111276769,0.8815254518754129,1.7084378767618853,0.6863846482101913,0.5779188458356345,snare,tangled_rope,False
regulatory_capture,moderate,0.641765,0.0001547761801719798,0.00015531276292620017,0.01760722340655693,7.750307845658095e-05,0.008558586029067228,snare,snare,True
regulatory_capture,institutional,0.169004,10.355639317792654,1.9100222455324756,1.798418556012291,0.7555416646123069,0.5780284521200517,snare,tangled_rope,False
regulatory_capture,analytical,0.79456,0.9832138324170167,0.6220743480444271,1.2382798182501984,0.37124420279070114,0.5192721647615954,snare,tangled_rope,False
regulatory_pathway_psychedelic_therapy,powerless,0.186706,10.159640005905935,1.615143308037403,1.8628860156941327,0.8066467672051735,0.6246617820480002,snare,tangled_rope,False
regulatory_pathway_psychedelic_therapy,moderate,0.641765,0.00016426996337572764,0.00016785656282097117,0.018216179516110462,8.295672554950964e-05,0.008234130903001735,snare,snare,True
regulatory_pathway_psychedelic_therapy,institutional,-0.024506,14.439798659048506,14.309590779546705,2.6658783839732627,1.5287587281306951,0.8519526812206717,snare,rope,False
regulatory_pathway_psychedelic_therapy,analytical,0.79456,1.0252842239420819,0.6963920748577435,1.2882920739168253,0.4007742464903634,0.5543674708071646,snare,tangled_rope,False
relativity_of_simultaneity,powerless,0.13626,3.4346537563711765e-05,4.5223191572931926e-05,0.008857106121077471,1.96120501570497e-05,9.590132227277337e-05,mountain,mountain,True
relativity_of_simultaneity,moderate,0.119997,5.20001217344988e-13,5.201083342946381e-13,1.0198318143051182e-06,2.6001892869159244e-13,8.784403426886911e-09,mountain,mountain,True
relativity_of_simultaneity,institutional,-0.014325,0.1284401449351297,0.7827068540665388,0.6936118460530667,0.11907367763998677,0.12101574044094598,mountain,mountain,True
relativity_of_simultaneity,analytical,0.165603,0.0016492319606454511,0.004548428894057699,0.07145182586297744,0.0012762051067322904,0.0018905568153703145,mountain,mountain,True
relativity_physical_invariance,powerless,0.13626,2.730279028570617e-05,3.5949374266308514e-05,0.007896875560758833,1.5590140650892342e-05,7.623432689174425e-05,mountain,mountain,True
relativity_physical_invariance,moderate,0.119997,4.132238557376591e-13,4.13497107665991e-13,9.088486839519166e-07,2.066924304130193e-13,6.982801670218919e-09,mountain,mountain,True
relativity_physical_invariance,institutional,-0.014325,0.10340849699810349,0.6392197195539203,0.6237856691241498,0.09649112264130194,0.09863579103813724,mountain,mountain,True
relativity_physical_invariance,analytical,0.165603,0.0013112644818884492,0.0036172414796492025,0.06371445995193167,0.0010147972723359908,0.0015034062402410342,mountain,mountain,True
rent_seeking_equilibrium,powerless,0.630393,0.0008744019079212669,0.0008703579369613134,0.041769847880971975,0.0004361641938108254,0.02050213050061589,snare,snare,True
rent_seeking_equilibrium,moderate,0.641765,0.00015636221439389666,0.00015727051780184566,0.017706807349165528,7.838224463876557e-05,0.00854642793593241,snare,snare,True
rent_seeking_equilibrium,institutional,0.010072,13.292748496513669,12.58959587682689,2.5001616359738836,1.3695086673219887,0.7631170456744998,snare,rope,False
rent_seeking_equilibrium,analytical,0.79456,0.985921946818423,0.6263520922588168,1.2412584679999572,0.37297462302636963,0.5212606973425843,snare,tangled_rope,False
reputational_cascade_failure,powerless,0.630393,0.0008744019079212669,0.0008703579369613134,0.041769847880971975,0.0004361641938108254,0.02050213050061589,snare,snare,True
reputational_cascade_failure,moderate,0.641765,0.00015636221439389666,0.00015727051780184566,0.017706807349165528,7.838224463876557e-05,0.00854642793593241,snare,snare,True
reputational_cascade_failure,institutional,-0.053908,13.704032039043716,15.21271402860386,2.752790035058329,1.6136416877561037,0.9106629418799878,snare,rope,False
reputational_cascade_failure,analytical,0.79456,0.985921946818423,0.6263520922588168,1.2412584679999572,0.37297462302636963,0.5212606973425843,snare,tangled_rope,False
responsibility_dilution,powerless,0.3016,2.860223659497747,0.4606214499289143,1.254441416496279,0.3806764188332022,0.34824324733157497,tangled_rope,tangled_rope,True
responsibility_dilution,moderate,0.641765,0.0001625215704105067,0.00016741717056133695,0.018154385656934523,8.239486389634455e-05,0.008075976335080615,tangled_rope,tangled_rope,True
responsibility_dilution,institutional,0.091867,7.808391103891611,7.327785650588433,1.9081145536191984,0.8432438820517193,0.4870868073010475,tangled_rope,tangled_rope,True
responsibility_dilution,analytical,0.79456,0.6733080659449923,0.3350217973624727,0.9554784388751437,0.22392672699499724,0.3245478603281996,tangled_rope,tangled_rope,True
responsibility_without_power,powerless,0.56518,0.0487734083064664,0.049328865621335455,0.31320676320483615,0.024474538673038393,0.15573407673815115,tangled_rope,snare,False
responsibility_without_power,moderate,0.575376,0.06323375675176958,0.06372497592419347,0.3563063758469864,0.031654702452482655,0.1771157535987099,tangled_rope,snare,False
responsibility_without_power,institutional,-0.021971,9.600678573422705,11.768717972503136,2.5377907324202584,1.4053285427494289,0.8541575446616818,tangled_rope,rope,False
responsibility_without_power,analytical,0.712364,0.0010811134094864897,0.0011654509829568185,0.04713314910187869,0.0005553577323109621,0.021392152008916032,tangled_rope,tangled_rope,True
rfc9293_state_machine,powerless,0.09084,2.5502136669810094e-07,2.4621542780288636e-07,0.000707898567893733,1.252800942856084e-07,4.762730103302637e-06,mountain,mountain,True
rfc9293_state_machine,moderate,0.079998,2.9021800587739735e-14,2.8837512224529756e-14,2.4211521162497896e-07,1.4465518576616884e-14,1.6615144815546046e-09,mountain,mountain,True
rfc9293_state_machine,institutional,-0.00955,0.06530817894203941,0.39612815999951073,0.4960344611027112,0.06119787635430219,0.06354276510022416,mountain,mountain,True
rfc9293_state_machine,analytical,0.110402,4.0984538724431726e-07,4.277421260830949e-07,0.0009150411551939853,2.0932507545079904e-07,6.521976276312912e-06,mountain,mountain,True
rices_theorem_undecidability,powerless,0.13626,2.730279028570617e-05,3.5949374266308514e-05,0.007896875560758833,1.5590140650892342e-05,7.623432689174425e-05,mountain,mountain,True
rices_theorem_undecidability,moderate,0.119997,4.132238557376591e-13,4.13497107665991e-13,9.088486839519166e-07,2.066924304130193e-13,6.982801670218919e-09,mountain,mountain,True
rices_theorem_undecidability,institutional,-0.014325,0.10340849699810349,0.6392197195539203,0.6237856691241498,0.09649112264130194,0.09863579103813724,mountain,mountain,True
rices_theorem_undecidability,analytical,0.165603,0.0013112644818884492,0.0036172414796492025,0.06371445995193167,0.0010147972723359908,0.0015034062402410342,mountain,mountain,True
riemann_mapping_theorem,powerless,0.09084,2.026910696919324e-07,1.956927695787584e-07,0.0006311032707324072,9.957283415132512e-08,3.785681464751889e-06,mountain,mountain,True
riemann_mapping_theorem,moderate,0.079998,2.3093065865718957e-14,2.28962918494325e-14,2.1490760299348777e-07,1.1497776216529816e-14,1.3206830073997367e-09,mountain,mountain,True
riemann_mapping_theorem,institutional,-0.00955,0.05225489703994835,0.31934472327361857,0.44423409457143415,0.04913347937360198,0.05117249372040522,mountain,mountain,True
riemann_mapping_theorem,analytical,0.110402,3.2579465519273214e-07,3.400217551338218e-07,0.0008158358283145231,1.6639702256925781e-07,5.184531822386724e-06,mountain,mountain,True
risk_socialization_threshold,powerless,0.630393,0.0008750404663001636,0.0008709770978205468,0.04178499306526079,0.0004364805341705849,0.0205389838765066,snare,snare,True
risk_socialization_threshold,moderate,0.641765,0.0001547761801719798,0.00015531276292620017,0.01760722340655693,7.750307845658095e-05,0.008558586029067228,snare,snare,True
risk_socialization_threshold,institutional,-0.042575,13.569116173523632,14.879469592636685,2.7115374537944934,1.5732512146639879,0.8917163692905876,snare,rope,False
risk_socialization_threshold,analytical,0.79456,0.9832138324170167,0.6220743480444271,1.2382798182501984,0.37124420279070114,0.5192721647615954,snare,tangled_rope,False
ritualistic_transition_scaffold,powerless,0.31202,0.037894551782144105,0.04887342000118565,0.2927748591181304,0.02139103902241533,0.0894638770846129,rope,rope,True
ritualistic_transition_scaffold,moderate,0.282412,0.0001584859235713398,0.00016180125829514373,0.017895849844151785,8.006482620730682e-05,0.00446802964835169,rope,rope,True
ritualistic_transition_scaffold,institutional,-0.011831,0.3868643118616912,0.06633065322747755,0.4982686186595592,0.06174753215623622,0.0644212947598925,rope,rope,True
ritualistic_transition_scaffold,analytical,0.383581,0.7632842882756503,1.1476343951557688,1.355739218722092,0.44217894404273633,0.5826066479387402,rope,tangled_rope,False
rn_proteus_adoption,powerless,0.413016,0.0014018124872959433,0.0009676052264889008,0.04805247203803454,0.0005772322486817649,0.002100712199553989,tangled_rope,tangled_rope,True
rn_proteus_adoption,moderate,0.420467,0.0019800740022140675,0.0012572624718624958,0.055805177411820145,0.0007785039455485189,0.0023316486838093065,tangled_rope,tangled_rope,True
rn_proteus_adoption,institutional,0.006599,4.053579032780667,5.59078521797098,2.7701434577789907,1.6306825625515433,0.9801032854591158,tangled_rope,rope,False
rn_proteus_adoption,analytical,0.520574,0.012750054022197997,0.0030449816352485413,0.10304488139144137,0.0026539747222977237,0.0030895978423567433,tangled_rope,tangled_rope,True
robustness_vs_efficiency_tradeoff,powerless,0.249209,3.2233171205690287,0.4470817302720052,1.1592107860316552,0.3266423222844527,0.29268983125664594,tangled_rope,tangled_rope,True
robustness_vs_efficiency_tradeoff,moderate,0.575376,0.057707594538411414,0.061295890922908415,0.34484686482406945,0.029656257715577946,0.16601679065891467,tangled_rope,tangled_rope,True
robustness_vs_efficiency_tradeoff,institutional,-0.021971,7.603840595161866,11.77257670051977,2.5349928307613805,1.4026577645899743,0.8723447249451269,tangled_rope,rope,False
robustness_vs_efficiency_tradeoff,analytical,0.712364,0.0008442050409779833,0.0008335699099327685,0.04089195602713298,0.000418023454152575,0.018305166171026566,tangled_rope,tangled_rope,True
roc_african_exarchate,powerless,0.2704,3.7278439862373474,0.5460799053152697,1.3593919160738088,0.4444722754532281,0.395471027379965,tangled_rope,tangled_rope,True
roc_african_exarchate,moderate,0.575376,0.06323375675176958,0.06372497592419347,0.3563063758469864,0.031654702452482655,0.1771157535987099,tangled_rope,snare,False
roc_african_exarchate,institutional,-0.021971,9.600678573422705,11.768717972503136,2.5377907324202584,1.4053285427494289,0.8541575446616818,tangled_rope,rope,False
roc_african_exarchate,analytical,0.712364,0.0010811134094864897,0.0011654509829568185,0.04713314910187869,0.0005553577323109621,0.021392152008916032,tangled_rope,tangled_rope,True
rogers_commission_institutional_analysis,powerless,0.3016,4.913419709859274,0.9976192148909532,1.8013504719600217,0.7578382078243593,0.6245286172438945,snare,tangled_rope,False
rogers_commission_institutional_analysis,moderate,0.796575,1.0653406982782703,0.7110249867996277,1.3064645042008842,0.4117529431932884,0.5589216874904632,snare,tangled_rope,False
rogers_commission_institutional_analysis,institutional,-0.024506,14.439798659048506,14.309590779546705,2.6658783839732627,1.5287587281306951,0.8519526812206717,snare,rope,False
rogers_commission_institutional_analysis,analytical,0.79456,1.0252842239420819,0.6963920748577435,1.2882920739168253,0.4007742464903634,0.5543674708071646,snare,tangled_rope,False
roman_bath_system,powerless,0.38041,0.1223855487567758,0.11800952029214692,0.4902099353598274,0.05977628189313889,0.24091467071866302,rope,tangled_rope,False
roman_bath_system,moderate,0.387272,0.1834220950838093,0.17167252487346202,0.5955792920542904,0.08802528173870837,0.2892729309277341,rope,tangled_rope,False
roman_bath_system,institutional,-0.014788,3.4456073082938112,0.5809976061435557,1.4241531156824248,0.48598665725553225,0.43052398505069683,rope,rope,True
roman_bath_system,analytical,0.479476,1.720929556796028,0.7594000043350974,1.4642318217898735,0.5124766028602594,0.5539334135333753,rope,tangled_rope,False
roman_colosseum_games,powerless,0.3016,4.802160838026086,0.9984460423326126,1.7721730023661781,0.73510346337912,0.6077889632097525,snare,tangled_rope,False
roman_colosseum_games,moderate,0.641765,0.0007521757908634976,0.0008753018582090062,0.04023429163867174,0.0004046859076229829,0.009210140245513698,snare,snare,True
roman_colosseum_games,institutional,-0.024506,14.494452985827534,14.867525539819587,2.854171652054015,1.7135673143464742,0.9454845954660872,snare,rope,False
roman_colosseum_games,analytical,0.79456,1.0999627385641144,0.8582390265523583,1.353227863625589,0.44060521374403216,0.5481185341658125,snare,tangled_rope,False
roman_monumental_construction,powerless,0.2704,3.475093131797637,0.5054644466987123,1.303500575411104,0.4099533412789774,0.36752926847458645,tangled_rope,tangled_rope,True
roman_monumental_construction,moderate,0.575376,0.06234616816009826,0.0637094112988158,0.35502316268107864,0.03142770646184028,0.17585558189627576,tangled_rope,snare,False
roman_monumental_construction,institutional,-0.03817,9.244405407928484,12.289165716602398,2.62424714735694,1.4884046245051172,0.8899897262630775,tangled_rope,rope,False
roman_monumental_construction,analytical,0.712364,0.0009440949799579914,0.0009328542453278237,0.04327853659763938,0.0004682396606692084,0.020688528338595025,tangled_rope,tangled_rope,True
roman_road_network,powerless,0.3016,3.515799615167044,0.608516251014786,1.4248829637178926,0.48646364597763275,0.43225034504074505,tangled_rope,tangled_rope,True
roman_road_network,moderate,0.641765,0.0001521879877267945,0.0001522859434725551,0.017448057859343686,7.61081980556502e-05,0.008649145410708214,tangled_rope,tangled_rope,True
roman_road_network,institutional,-0.008431,10.630476628327731,14.100476539047882,2.6820048145797393,1.5444462699140413,0.882221239138605,tangled_rope,rope,False
roman_road_network,analytical,0.79456,0.8028376410797939,0.4284104839559752,1.0665191470854087,0.27769066650385865,0.39874847665941904,tangled_rope,tangled_rope,True
rotation_seven_black_soil,powerless,0.4784,1.844787121623823,6.097469627787964,2.266689243937428,1.1527349794388568,0.842444192254974,tangled_rope,scaffold,False
rotation_seven_black_soil,moderate,1.017973,0.001467345692309787,0.0005364565687464673,0.03903817956723483,0.00038098276971053986,0.0008441783539993031,tangled_rope,tangled_rope,True
rotation_seven_black_soil,institutional,-0.038872,15.603395865329391,8.059191244634432,3.0834473922835173,1.9418629292497307,0.9989476075976104,tangled_rope,scaffold,False
rotation_seven_black_soil,analytical,1.260336,0.005043149369419834,0.0009965724321138608,0.05894188939986029,0.0008684737203437359,0.0010417757583496279,tangled_rope,tangled_rope,True
rotation_seven_isolation,powerless,0.4056,0.012637415794804895,0.006182099830573391,0.1251781417765123,0.003916113131759746,0.007091191915784667,tangled_rope,tangled_rope,True
rotation_seven_isolation,moderate,0.863064,0.01802707140743679,0.016687198578178394,0.17693546109402647,0.0078214361198069,0.014191216685039983,tangled_rope,tangled_rope,True
rotation_seven_isolation,institutional,-0.081409,2.7902692960608335,21.275527976390997,2.6268192040635654,1.4908915321202594,0.9336449758515799,tangled_rope,rope,False
rotation_seven_isolation,analytical,1.068546,1.310143812324737,3.375188740530041,1.9040874878765741,0.8399610743971238,0.7173752155977681,tangled_rope,piton,False
rotation_seven_kubo_ranking,powerless,0.3536,2.575773247200169,0.764885445177445,1.5546292247077613,0.5744008993995239,0.5380962663143172,snare,tangled_rope,False
rotation_seven_kubo_ranking,moderate,0.752415,0.25076582606253384,0.2212678371790118,0.6858889619903449,0.11646273256257055,0.3247147998462463,snare,tangled_rope,False
rotation_seven_kubo_ranking,institutional,-0.049915,12.77141016948688,18.725693905628006,2.6889271976342473,1.5511894020209496,0.8898903203383464,snare,rope,False
rotation_seven_kubo_ranking,analytical,0.931553,4.354075232537686,0.8467500752500021,1.6480507639670117,0.641454906521716,0.5403888847509984,snare,tangled_rope,False
rotmigration_decision_threshold,powerless,0.2704,2.7876738233464087,0.3970092214473974,1.1473930993360764,0.3201990980563005,0.29268257175318757,tangled_rope,tangled_rope,True
rotmigration_decision_threshold,moderate,0.575376,0.057707594538411414,0.061295890922908415,0.34484686482406945,0.029656257715577946,0.16601679065891467,tangled_rope,tangled_rope,True
rotmigration_decision_threshold,institutional,0.618736,0.08381187288779679,0.08921009395973302,0.41579609303652115,0.043066146315298065,0.20144350520587018,tangled_rope,tangled_rope,True
rotmigration_decision_threshold,analytical,0.712364,0.0008442050409779833,0.0008335699099327685,0.04089195602713298,0.000418023454152575,0.018305166171026566,tangled_rope,tangled_rope,True
royal_navy_middle_east_withdrawal,powerless,0.2704,3.556700456197528,0.5152645280755648,1.3211429417288723,0.4207165517967485,0.3765726887082644,tangled_rope,tangled_rope,True
royal_navy_middle_east_withdrawal,moderate,0.575376,0.06268179334849551,0.06376316682470232,0.3555769454479713,0.03152556933235385,0.17639902736736968,tangled_rope,snare,False
royal_navy_middle_east_withdrawal,institutional,0.057264,8.512074718853546,7.356083216405482,2.029117740014371,0.944010776900651,0.5532175405780628,tangled_rope,rope,False
royal_navy_middle_east_withdrawal,analytical,0.712364,0.0009585819283254864,0.0009528670010176377,0.04366779169313024,0.0004767000697220546,0.0209141862334305,tangled_rope,tangled_rope,True
rules_based_international_order,powerless,0.3016,3.981531879210117,0.7072863270745438,1.5443491781187355,0.5672096694210625,0.49403440078592836,tangled_rope,tangled_rope,True
rules_based_international_order,moderate,0.641765,0.00017318872437118552,0.0001769761467998158,0.018704831190202373,8.746703991593524e-05,0.00882513050637096,tangled_rope,snare,False
rules_based_international_order,institutional,-0.042575,11.94652185541471,14.888704050082875,2.729479612087593,1.5907971113108377,0.9171776761369312,tangled_rope,rope,False
rules_based_international_order,analytical,0.79456,0.8900765950232121,0.5112345572560263,1.1455155306340752,0.31918080587850584,0.4515758483706998,tangled_rope,tangled_rope,True
russells_paradox_self_reference,powerless,0.09084,4.83596133785333e-05,4.6716028683876724e-05,0.009749576474812126,2.3763513300721043e-05,0.0009027831817305376,mountain,mountain,True
russells_paradox_self_reference,moderate,0.079998,5.48001902669933e-12,5.480022519331948e-12,3.3103391581925025e-06,2.7400390107999023e-12,3.1461443250613286e-07,mountain,mountain,True
russells_paradox_self_reference,institutional,-0.00955,2.570995014946064,4.11078649603599,2.4113201452874273,1.2858468611934433,0.9199721172873245,mountain,rope,False
russells_paradox_self_reference,analytical,0.110402,7.749509032067569e-05,8.081161066928392e-05,0.012579924378357588,3.956349390168251e-05,0.0012324788335269649,mountain,mountain,True
s1_visa,powerless,0.413016,0.0005707536560602569,0.000405224523113563,0.030830868426504805,0.00023763090612999925,0.0008353134833366966,tangled_rope,tangled_rope,True
s1_visa,moderate,0.420467,0.0008090471370607584,0.0005366241577535005,0.03596210214036446,0.000323309486461159,0.0009270643247084521,tangled_rope,tangled_rope,True
s1_visa,institutional,-0.027894,3.7940601310374515,6.440685757264533,2.772222703177067,1.6327262497676682,0.9765663749832357,tangled_rope,rope,False
s1_visa,analytical,0.520574,0.0057244265473393235,0.0036558951493693252,0.08030796819576845,0.0016121258132306246,0.0012282283021063322,tangled_rope,tangled_rope,True
s1_visa_judgment_sharing_agreement,powerless,0.3016,2.4314588090155884,0.40097990905564584,1.143988582708184,0.31835376371286245,0.2940819549636708,tangled_rope,tangled_rope,True
s1_visa_judgment_sharing_agreement,moderate,0.641765,0.0001293232520092051,0.00012974058866065924,0.016093575840562063,6.475044644603796e-05,0.0073525632212825265,tangled_rope,tangled_rope,True
s1_visa_judgment_sharing_agreement,institutional,0.063872,7.119509352935036,10.93114250615454,2.256707535636794,1.1437037968636143,0.7308545544961071,tangled_rope,rope,False
s1_visa_judgment_sharing_agreement,analytical,0.79456,0.5786828790715073,0.2719043947757168,0.8724395691540549,0.1872893242713274,0.2754683245445602,tangled_rope,tangled_rope,True
sa_renewable_price_differential,powerless,0.56518,0.00022463015069293932,0.00021002032985438794,0.020589729412996388,0.00010598330327329408,0.0004223723461910687,tangled_rope,tangled_rope,True
sa_renewable_price_differential,moderate,0.575376,0.00030505167554817223,0.00028039637034866897,0.023772838813817563,0.00014128530282409927,0.0005043536266838333,tangled_rope,tangled_rope,True
sa_renewable_price_differential,institutional,0.403807,0.00735868412891383,0.021142942515957636,0.14690865058938057,0.005393112354999852,0.006218732683340944,tangled_rope,tangled_rope,True
sa_renewable_price_differential,analytical,0.712364,0.0008127662936067277,0.00015075631487750554,0.023268701510023727,0.00013535659067910564,0.00019602719505806832,tangled_rope,tangled_rope,True
sadhu_integrity_protocol,powerless,0.630393,0.00014905487810995912,0.00014461435068613776,0.01713079010298809,7.336554384202756e-05,0.0034389008775727037,snare,snare,True
sadhu_integrity_protocol,moderate,0.641765,2.760861635269787e-05,2.6355295341982042e-05,0.007326076282554293,1.3417833421099307e-05,0.0014590829426631702,snare,snare,True
sadhu_integrity_protocol,institutional,-0.024506,22.145365491095028,13.712753469606596,3.1276205828618586,1.9860280429222188,0.9559232323815398,snare,rope,False
sadhu_integrity_protocol,analytical,0.79456,0.5174986468562628,0.8988045143319453,1.1532708449455653,0.3233964381509151,0.45867438106033187,snare,tangled_rope,False
sapir_whorf_hypothesis,powerless,0.56518,0.00019489413260625538,0.00023493178984259445,0.020632727480481557,0.00010642641692577795,0.0006624511441667424,tangled_rope,tangled_rope,True
sapir_whorf_hypothesis,moderate,0.575376,0.00026134267951070386,0.00032308000709228526,0.024022411049459205,0.00014426732370233507,0.0007930443703932921,tangled_rope,tangled_rope,True
sapir_whorf_hypothesis,institutional,-0.007558,3.4550571181978023,11.246479368344506,2.7772590707419518,1.6376781288734046,0.9679612199313743,tangled_rope,rope,False
sapir_whorf_hypothesis,analytical,0.712364,0.00016026051422275025,0.00019647611489420597,0.01743221805888062,7.597007565380365e-05,0.00015370154386984216,tangled_rope,tangled_rope,True
satellite_d2m_standard,powerless,0.413016,0.0007401281557794104,0.0005213051844893782,0.03505404309441493,0.00030718862025642897,0.0010885085935238177,tangled_rope,tangled_rope,True
satellite_d2m_standard,moderate,0.420467,0.001048062165430427,0.0006866788359255755,0.040837264337042614,0.00041690605460621775,0.0012081044488422045,tangled_rope,tangled_rope,True
satellite_d2m_standard,institutional,0.110727,1.4548014727407377,4.408345109074903,2.0602546396802897,0.9705806207454083,0.7681512222122763,tangled_rope,rope,False
satellite_d2m_standard,analytical,0.520574,0.007222166613936678,0.0038322662904976884,0.08697938551345635,0.0018910552934014969,0.0016007156870554004,tangled_rope,tangled_rope,True
scam_doubt_manufacturing,powerless,0.3536,2.0675345587256144,3.5540061783897015,2.20877737656828,1.1006389311502482,0.8713195283298368,snare,tangled_rope,False
scam_doubt_manufacturing,moderate,0.752415,0.028353592130581137,0.04512207917995465,0.26545349242335226,0.017590542910743495,0.049085973283786055,snare,snare,True
scam_doubt_manufacturing,institutional,-0.039852,22.67930041167908,20.65747657645288,3.1282846034602243,1.9866920480748613,0.9966504393130894,snare,rope,False
scam_doubt_manufacturing,analytical,0.931553,5.899566834737746,5.733631102256286,2.854695658576029,1.7140859289232635,0.9821289036596068,snare,piton,False
scientific_paradigm_lifecycle,powerless,0.3016,4.590854111276769,0.8815254518754129,1.7084378767618853,0.6863846482101913,0.5779188458356345,snare,tangled_rope,False
scientific_paradigm_lifecycle,moderate,0.641765,0.0001547761801719798,0.00015531276292620017,0.01760722340655693,7.750307845658095e-05,0.008558586029067228,snare,snare,True
scientific_paradigm_lifecycle,institutional,-0.024506,13.451264551256886,14.253966909424056,2.6459099470214937,1.5093763103179594,0.857166363758337,snare,rope,False
scientific_paradigm_lifecycle,analytical,0.79456,0.9832138324170167,0.6220743480444271,1.2382798182501984,0.37124420279070114,0.5192721647615954,snare,tangled_rope,False
second_order_unintended_consequences,powerless,0.3016,2.4314588090155884,0.40097990905564584,1.143988582708184,0.31835376371286245,0.2940819549636708,tangled_rope,tangled_rope,True
second_order_unintended_consequences,moderate,0.641765,0.0001293232520092051,0.00012974058866065924,0.016093575840562063,6.475044644603796e-05,0.0073525632212825265,tangled_rope,tangled_rope,True
second_order_unintended_consequences,institutional,0.063872,7.119509352935036,10.93114250615454,2.256707535636794,1.1437037968636143,0.7308545544961071,tangled_rope,rope,False
second_order_unintended_consequences,analytical,0.79456,0.5786828790715073,0.2719043947757168,0.8724395691540549,0.1872893242713274,0.2754683245445602,tangled_rope,tangled_rope,True
seedance_export_restriction,powerless,0.609944,0.0014993840974948183,0.0014922135546857939,0.05469536561721895,0.0007478491438238783,0.027111364370600577,snare,snare,True
seedance_export_restriction,moderate,0.641765,0.00015292057016963443,0.000152693958749983,0.01748133169568183,7.639875306103292e-05,0.008680812221841416,snare,snare,True
seedance_export_restriction,institutional,-0.024506,12.93464084178771,14.338070883597883,2.6582092074393184,1.5213089592689073,0.8666214905278807,snare,rope,False
seedance_export_restriction,analytical,0.79456,0.9556340946088397,0.5833608235832104,1.2089498870220754,0.3543987670759751,0.4983995499442636,snare,tangled_rope,False
self_enforced_boundary_protocol,powerless,0.347803,0.002791884434355451,0.0020921937889103303,0.06934121930754189,0.0012019307680032503,0.005531028982985298,tangled_rope,tangled_rope,True
self_enforced_boundary_protocol,moderate,0.354077,0.003992651088371977,0.0028018554955875886,0.08146114260917287,0.0016587501004156147,0.006253053438297074,tangled_rope,tangled_rope,True
self_enforced_boundary_protocol,institutional,0.093243,1.5868575610361795,3.2818032569856017,2.0413346773530647,0.9544056197678077,0.799258654419452,tangled_rope,rope,False
self_enforced_boundary_protocol,analytical,0.438378,0.028282420489820954,0.008962166249539208,0.16881220535269414,0.007120161428753652,0.009281165139315766,tangled_rope,tangled_rope,True
self_surpassing_superman,powerless,0.739082,0.014318503077211315,0.02044785351103786,0.1841981585708048,0.008476246400003348,0.030776515689647344,snare,snare,True
self_surpassing_superman,moderate,0.752415,0.028116606767912628,0.04446682126106358,0.26402506860181313,0.017402014651516716,0.0489261914182888,snare,snare,True
self_surpassing_superman,institutional,-0.028731,22.674128055206417,20.654214533302444,3.126879998116623,1.9852874772237301,0.9959819432331334,snare,rope,False
self_surpassing_superman,analytical,0.94516,6.72830526814496,5.868076710307474,2.8880752272662864,1.7471609384636633,0.9833599477785759,snare,piton,False
semantic_overload_friction,powerless,0.586918,0.020967906561542845,0.02240515728259615,0.20817557612887588,0.010824489376498733,0.09379296199901452,tangled_rope,tangled_rope,True
semantic_overload_friction,moderate,0.597506,0.025387743488335276,0.02725834571881175,0.22933764297345352,0.01313453705237899,0.10380261390381107,tangled_rope,tangled_rope,True
semantic_overload_friction,institutional,0.022219,6.139416350212578,10.853628423004604,2.3148416568305494,1.1965944178321963,0.7874639425650383,tangled_rope,rope,False
semantic_overload_friction,analytical,0.739763,0.07809608354253651,0.062208968614790264,0.37273527884235863,0.0346324821645931,0.13741970013944177,tangled_rope,tangled_rope,True
semiconductor_fabrication_chokepoint,powerless,0.3016,5.712958690239168,7.579456965611874,2.8391489950491464,1.6987077398558346,0.9807675977724629,snare,tangled_rope,False
semiconductor_fabrication_chokepoint,moderate,0.641765,1.1597501672223265e-05,1.0697218803079021e-05,0.004700200787973444,5.5229693199099434e-06,0.0005607905237535737,snare,snare,True
semiconductor_fabrication_chokepoint,institutional,0.233383,11.541229914857547,12.109318653519782,3.0311460845514873,1.8896095589173814,0.9835416722887893,snare,rope,False
semiconductor_fabrication_chokepoint,analytical,0.79456,0.24504552036736613,0.5326938081533531,0.8318102809596943,0.17049799570098711,0.2518753865700859,snare,snare,True
semiconductor_mission_2026,powerless,0.56518,0.00017933387386411516,0.00021593415930302415,0.01978421573950742,9.785300016253825e-05,0.000608633015695054,tangled_rope,tangled_rope,True
semiconductor_mission_2026,moderate,0.575376,0.00024012922499901733,0.00029648524314383247,0.023015973672791044,0.00013243229947456484,0.000726741394571193,tangled_rope,tangled_rope,True
semiconductor_mission_2026,institutional,-0.021971,3.7116401157431365,11.355418986677236,2.8209781130181426,1.6807569106040132,0.9746735226654418,tangled_rope,rope,False
semiconductor_mission_2026,analytical,0.712364,6.53215314826504e-05,2.242506638553963e-05,0.007270413467114871,1.3214713443470132e-05,5.981524817772095e-05,tangled_rope,tangled_rope,True
shadow_pricing_failure,powerless,0.3016,4.60890240321557,0.8879982389886178,1.7135298390698241,0.6902285371217315,0.5804703032362672,snare,tangled_rope,False
shadow_pricing_failure,moderate,0.641765,0.00015636221439389666,0.00015727051780184566,0.017706807349165528,7.838224463876557e-05,0.00854642793593241,snare,snare,True
shadow_pricing_failure,institutional,0.169004,10.400459174959087,1.9360337798423504,1.8045896622753106,0.7603785398215106,0.5805810596199324,snare,tangled_rope,False
shadow_pricing_failure,analytical,0.79456,0.985921946818423,0.6263520922588168,1.2412584679999572,0.37297462302636963,0.5212606973425843,snare,tangled_rope,False
shannon_entropy_limit,powerless,0.09084,1.3468414487096588e-06,1.300286930222996e-06,0.0016268102795383656,6.616278847186579e-07,2.513172465057334e-05,mountain,mountain,True
shannon_entropy_limit,moderate,0.079998,1.5285891536206874e-13,1.5256865782383174e-13,5.527507362065157e-07,7.63483627406917e-14,8.765720815873124e-09,mountain,mountain,True
shannon_entropy_limit,institutional,-0.00955,0.30441971905114545,1.611121073605155,1.047472365275063,0.26808661582108406,0.26372930977201436,mountain,mountain,True
shannon_entropy_limit,analytical,0.110402,2.1603945683061705e-06,2.2546654458851707e-06,0.002100844510651439,1.1033868130839613e-06,3.43724292978687e-05,mountain,mountain,True
shannons_source_coding_theorem,powerless,0.09084,2.026910696919324e-07,1.956927695787584e-07,0.0006311032707324072,9.957283415132512e-08,3.785681464751889e-06,mountain,mountain,True
shannons_source_coding_theorem,moderate,0.079998,2.3093065865718957e-14,2.28962918494325e-14,2.1490760299348777e-07,1.1497776216529816e-14,1.3206830073997367e-09,mountain,mountain,True
shannons_source_coding_theorem,institutional,-0.00955,0.05225489703994835,0.31934472327361857,0.44423409457143415,0.04913347937360198,0.05117249372040522,mountain,mountain,True
shannons_source_coding_theorem,analytical,0.110402,3.2579465519273214e-07,3.400217551338218e-07,0.0008158358283145231,1.6639702256925781e-07,5.184531822386724e-06,mountain,mountain,True
shock_propagation_asymmetry,powerless,0.630393,0.0008865956466750146,0.0008834714380283522,0.04207200633752718,0.00044249711137888726,0.020871191805839295,snare,snare,True
shock_propagation_asymmetry,moderate,0.641765,0.00015292057016963443,0.000152693958749983,0.01748133169568183,7.639875306103292e-05,0.008680812221841416,snare,snare,True
shock_propagation_asymmetry,institutional,-0.042575,13.06249290718506,14.904848192204614,2.7233818455295875,1.584830251934742,0.8963740650081777,snare,rope,False
shock_propagation_asymmetry,analytical,0.79456,0.9556340946088397,0.5833608235832104,1.2089498870220754,0.3543987670759751,0.4983995499442636,snare,tangled_rope,False
signal_without_control,powerless,0.630393,0.0008865956466750146,0.0008834714380283522,0.04207200633752718,0.00044249711137888726,0.020871191805839295,snare,snare,True
signal_without_control,moderate,0.641765,0.00015292057016963443,0.000152693958749983,0.01748133169568183,7.639875306103292e-05,0.008680812221841416,snare,snare,True
signal_without_control,institutional,-0.042575,13.06249290718506,14.904848192204614,2.7233818455295875,1.584830251934742,0.8963740650081777,snare,rope,False
signal_without_control,analytical,0.79456,0.9556340946088397,0.5833608235832104,1.2089498870220754,0.3543987670759751,0.4983995499442636,snare,tangled_rope,False
silent_dependency_activation,powerless,0.3016,4.401900459700516,0.8232293469561432,1.6563791781976476,0.6475787752837242,0.5513983557578446,snare,tangled_rope,False
silent_dependency_activation,moderate,0.641765,0.00015292057016963443,0.000152693958749983,0.01748133169568183,7.639875306103292e-05,0.008680812221841416,snare,snare,True
silent_dependency_activation,institutional,0.063872,12.363738059090817,8.807192665594092,2.2034426858787617,1.0958772466419482,0.5514967197875381,snare,rope,False
silent_dependency_activation,analytical,0.79456,0.9556340946088397,0.5833608235832104,1.2089498870220754,0.3543987670759751,0.4983995499442636,snare,tangled_rope,False
silicon_lexicon_overload,powerless,0.2704,4.003079306702942,0.7008312697403278,1.4336911700945734,0.4922360835909762,0.42455073492120743,tangled_rope,tangled_rope,True
silicon_lexicon_overload,moderate,0.575376,0.06347343338222709,0.0630130080539833,0.35564081117847435,0.03153686520375284,0.17647443748855995,tangled_rope,snare,False
silicon_lexicon_overload,institutional,0.233911,5.136284264051105,1.0140949280645914,1.4789267756269548,0.5223394329983105,0.42456611145096557,tangled_rope,tangled_rope,True
silicon_lexicon_overload,analytical,0.712364,0.015648180060249383,0.027763072253015334,0.20163040579228025,0.010155099642399348,0.030589784771751838,tangled_rope,tangled_rope,True
silklink_2026,powerless,0.597787,0.017018567387181875,0.01726460565536174,0.18515331509108882,0.008564318237424661,0.09182636702308178,tangled_rope,tangled_rope,True
silklink_2026,moderate,0.608571,0.019139030939424664,0.019418154020703605,0.19635557900971218,0.009631138507887388,0.09742649403056258,tangled_rope,tangled_rope,True
silklink_2026,institutional,0.160262,7.452587236471939,1.8996154754593813,1.508211571073278,0.5422319060598706,0.3966417814901598,tangled_rope,tangled_rope,True
silklink_2026,analytical,0.753462,0.22976340475014634,0.1784888756043589,0.6349994473033238,0.09996209284099812,0.27002344811201034,tangled_rope,tangled_rope,True
silver_scarcity_mountain_2026,powerless,0.20439,0.20499539297455535,0.5134547313711079,0.7813392361805206,0.15069145704673706,0.20728351862080507,mountain,mountain,True
silver_scarcity_mountain_2026,moderate,0.179996,1.0523436070064237e-09,1.0521708874356054e-09,4.587498116158704e-05,5.261286269528553e-10,4.216858241812282e-06,mountain,mountain,True
silver_scarcity_mountain_2026,institutional,-0.021488,0.26391697528110497,0.6818771126287028,0.8906073091400369,0.195040173435033,0.25374717355607057,mountain,mountain,True
silver_scarcity_mountain_2026,analytical,0.248404,6.995841004836578,4.754299365550652,2.8993775958115013,1.7583766042219418,0.990655285018312,mountain,rope,False
sk_ai_act_2026,powerless,0.3016,4.401900459700516,0.8232293469561432,1.6563791781976476,0.6475787752837242,0.5513983557578446,snare,tangled_rope,False
sk_ai_act_2026,moderate,0.641765,0.00015292057016963443,0.000152693958749983,0.01748133169568183,7.639875306103292e-05,0.008680812221841416,snare,snare,True
sk_ai_act_2026,institutional,-0.042575,13.06249290718506,14.904848192204614,2.7233818455295875,1.584830251934742,0.8963740650081777,snare,rope,False
sk_ai_act_2026,analytical,0.79456,0.9556340946088397,0.5833608235832104,1.2089498870220754,0.3543987670759751,0.4983995499442636,snare,tangled_rope,False
sk_dantongbeop,powerless,0.2704,2.7876738233464087,0.3970092214473974,1.1473930993360764,0.3201990980563005,0.29268257175318757,tangled_rope,tangled_rope,True
sk_dantongbeop,moderate,0.575376,0.057707594538411414,0.061295890922908415,0.34484686482406945,0.029656257715577946,0.16601679065891467,tangled_rope,tangled_rope,True
sk_dantongbeop,institutional,-0.021971,7.603840595161866,11.77257670051977,2.5349928307613805,1.4026577645899743,0.8723447249451269,tangled_rope,rope,False
sk_dantongbeop,analytical,0.712364,0.0008442050409779833,0.0008335699099327685,0.04089195602713298,0.000418023454152575,0.018305166171026566,tangled_rope,tangled_rope,True
sk_newtro_aesthetic,powerless,0.56518,0.00019489413260625538,0.00023493178984259445,0.020632727480481557,0.00010642641692577795,0.0006624511441667424,tangled_rope,tangled_rope,True
sk_newtro_aesthetic,moderate,0.575376,0.00026134267951070386,0.00032308000709228526,0.024022411049459205,0.00014426732370233507,0.0007930443703932921,tangled_rope,tangled_rope,True
sk_newtro_aesthetic,institutional,-0.021971,3.7121516804073105,11.357015735862644,2.8209494937991852,1.6807286583652674,0.9751526731795039,tangled_rope,rope,False
sk_newtro_aesthetic,analytical,0.712364,0.00016026051422275025,0.00019647611489420597,0.01743221805888062,7.597007565380365e-05,0.00015370154386984216,tangled_rope,tangled_rope,True
skills_based_hiring,powerless,0.413016,0.0015521446224157334,0.0010715650183877419,0.05056603835370211,0.0006391970080601886,0.0023268629897549298,tangled_rope,tangled_rope,True
skills_based_hiring,moderate,0.452153,0.005503897035755269,0.0024753353376403327,0.08410417325877798,0.0017681174085200507,0.003165370934414158,tangled_rope,tangled_rope,True
skills_based_hiring,institutional,-0.016056,4.570407170961754,5.558634792543722,2.824195527169275,1.683933483702188,0.9865933728145425,tangled_rope,rope,False
skills_based_hiring,analytical,0.520574,0.014117852504598806,0.003366900995867142,0.10842682148688759,0.0029383741188763034,0.003419799214119329,tangled_rope,tangled_rope,True
sludge_bureaucratic_friction,powerless,0.3016,4.866100294040117,0.9774423367537308,1.7872237287327157,0.7467975011837821,0.6175892774107397,snare,tangled_rope,False
sludge_bureaucratic_friction,moderate,0.641765,0.0001525363479530036,0.00015351227808458668,0.01749107208157086,7.648391315304028e-05,0.008277779153339493,snare,snare,True
sludge_bureaucratic_friction,institutional,-0.053908,14.42705984223973,15.190856041683219,2.741524194075768,1.6025942437610354,0.8962796296578317,snare,rope,False
sludge_bureaucratic_friction,analytical,0.79456,1.017995896170704,0.6811414001011024,1.2794223714493755,0.39546359400473957,0.5491700697648784,snare,tangled_rope,False
sm_addictive_design,powerless,0.3016,4.203207447924743,0.8516368612491011,1.6099199228141745,0.6137198089780976,0.5226259929586583,snare,tangled_rope,False
sm_addictive_design,moderate,0.641765,0.00015503196632926474,0.00015452282735853312,0.017591183074102065,7.736193174248981e-05,0.008764878439966983,snare,snare,True
sm_addictive_design,institutional,-0.024506,13.161586304245796,13.891542064506849,2.9336760795153842,1.7924577272886921,0.7274456705616384,snare,rope,False
sm_addictive_design,analytical,0.79456,0.9231221078290248,0.5440229505444621,1.1765034100520675,0.33617581622943243,0.47514570809947493,snare,tangled_rope,False
smartphone_ubiquity,powerless,0.24288,9.510408498082368,8.731314681531979,2.9432329777424298,1.8019653630421684,0.9852623499296869,snare,tangled_rope,False
smartphone_ubiquity,moderate,0.641765,9.196879733727992e-06,9.044251044474312e-06,0.004267239739374457,4.55233202157206e-06,0.0004999087873085051,snare,snare,True
smartphone_ubiquity,institutional,-0.024506,22.69832994266805,16.122557877928102,3.1284340358575573,1.9868414772010754,0.9905978388224044,snare,rope,False
smartphone_ubiquity,analytical,0.79456,0.22279364148297,0.49345426709838114,0.7960744434497811,0.156352877636358,0.23172970275659266,snare,snare,True
social_credit_architecture,powerless,0.3536,2.3416488039085803,0.6522435738456621,1.4522022758319106,0.5044624704901884,0.48223697189519754,tangled_rope,tangled_rope,True
social_credit_architecture,moderate,0.752415,0.23978566652625613,0.20185783571239876,0.6625962512619112,0.10875820403258338,0.3040651945625271,tangled_rope,tangled_rope,True
social_credit_architecture,institutional,-0.049915,11.562537453269304,18.496594532036315,2.6454145797719533,1.5088960944544256,0.8788326662262549,tangled_rope,rope,False
social_credit_architecture,analytical,0.931553,3.9183942808561407,0.666792137866134,1.5233211202596444,0.5526179671411497,0.48406552403692543,tangled_rope,tangled_rope,True
social_loafing,powerless,0.413016,0.0008686977369306282,0.0006009558491094513,0.03784222188764347,0.0003579977586392034,0.0012982522485912914,tangled_rope,tangled_rope,True
social_loafing,moderate,0.420467,0.0012273701930039262,0.0007822060395980413,0.043963776969408855,0.00048318396453841196,0.0014409257488766296,tangled_rope,tangled_rope,True
social_loafing,institutional,0.060189,2.5640725062010987,5.5138304323762295,2.496933199325602,1.3664456711019115,0.9225150137117584,tangled_rope,rope,False
social_loafing,analytical,0.520574,0.007974144522264066,0.002229874494857442,0.08293499370473242,0.0017193069040295082,0.0019093528442778473,tangled_rope,tangled_rope,True
social_media_participation_threshold,powerless,0.3224,4.16397643231289,5.399393856104948,2.6789769319921057,1.5414985033927948,0.9712413335405671,snare,tangled_rope,False
social_media_participation_threshold,moderate,0.686025,0.0022925258645127406,0.0026957476265812167,0.07045396265599431,0.0012408118910732363,0.009836091758691486,snare,snare,True
social_media_participation_threshold,institutional,-0.026196,22.699090632926772,16.732318994758387,3.13284380188488,1.9912511761974834,0.9847246123021446,snare,rope,False
social_media_participation_threshold,analytical,0.849357,1.4140755461987218,2.7360523058216546,1.9164497078333453,0.8500534672179749,0.7643456912582226,snare,tangled_rope,False
social_narrative_casting,powerless,0.56518,0.04871864822026833,0.049327025813362166,0.3131156469051674,0.02446032985518971,0.15564425863314657,tangled_rope,snare,False
social_narrative_casting,moderate,0.575376,0.06317230823630575,0.06374168518735344,0.35624290991837576,0.03164345650068084,0.1770532470677994,tangled_rope,snare,False
social_narrative_casting,institutional,-0.021971,9.538294283685563,11.742655729203673,2.5310511590249654,1.3988971686600122,0.8515052948782101,tangled_rope,rope,False
social_narrative_casting,analytical,0.712364,0.001044504832886698,0.00109955233030059,0.04610672060538768,0.0005314338844134175,0.021320774403396858,tangled_rope,tangled_rope,True
soe_property_bailout,powerless,0.3016,4.60890240321557,0.8879982389886178,1.7135298390698241,0.6902285371217315,0.5804703032362672,snare,tangled_rope,False
soe_property_bailout,moderate,0.641765,0.00015636221439389666,0.00015727051780184566,0.017706807349165528,7.838224463876557e-05,0.00854642793593241,snare,snare,True
soe_property_bailout,institutional,-0.024506,13.513276065126751,14.286708333831768,2.6518467853528613,1.5151338970472574,0.8597395684384596,snare,rope,False
soe_property_bailout,analytical,0.79456,0.985921946818423,0.6263520922588168,1.2412584679999572,0.37297462302636963,0.5212606973425843,snare,tangled_rope,False
solar_system_weirdness,powerless,0.347803,0.002526949545951264,0.001893038885260264,0.0659630695296928,0.0010876830332797033,0.005004717282160025,tangled_rope,tangled_rope,True
solar_system_weirdness,moderate,0.354077,0.003613602004091854,0.0025349922161642625,0.07748994867597604,0.0015009852524740983,0.005657964894107597,tangled_rope,tangled_rope,True
solar_system_weirdness,institutional,0.035239,2.5827863186962534,4.171010800557744,2.4192890100813664,1.2932960286439483,0.9210629323158326,tangled_rope,rope,False
solar_system_weirdness,analytical,0.438378,0.025603966774907973,0.00817819696864661,0.16071318527760192,0.0064537081283751714,0.008402087183537185,tangled_rope,tangled_rope,True
sorites_paradox,powerless,0.413016,0.0005724154903402039,0.00040732400984770233,0.030889554163867308,0.00023853639732564926,0.0008365171904630001,tangled_rope,tangled_rope,True
sorites_paradox,moderate,0.420467,0.0008116432058637934,0.0005402026068970767,0.03604325957908112,0.00032477035024259675,0.0009284003302381938,tangled_rope,tangled_rope,True
sorites_paradox,institutional,-0.016056,3.5851679186508014,6.385964816741158,2.7389220627680197,1.6000443366102775,0.9713877261219918,tangled_rope,rope,False
sorites_paradox,analytical,0.520574,0.005786027013622608,0.003863271473571708,0.08150542077973219,0.0016605535667183894,0.001229997699372743,tangled_rope,tangled_rope,True
sovereignty_as_arbitrage,powerless,0.56518,0.01626373060740003,0.019229491628570083,0.18789959318761745,0.008820073836806845,0.05634931370490315,tangled_rope,tangled_rope,True
sovereignty_as_arbitrage,moderate,0.575376,0.021596724317573267,0.02607351333990087,0.2176066115524475,0.01182648545386387,0.06650962916954128,tangled_rope,tangled_rope,True
sovereignty_as_arbitrage,institutional,0.082363,2.3415646003328665,7.423336361258514,1.8757698209928482,0.8170104756383247,0.6237793167696852,tangled_rope,rope,False
sovereignty_as_arbitrage,analytical,0.712364,0.0006075172755381812,0.0008529055127589971,0.037267312839533814,0.0003472031052718087,0.005960940985988747,tangled_rope,tangled_rope,True
spain_digital_offensive_2026,powerless,0.3016,4.533199320264565,0.8620553222554574,1.6923247735233027,0.6742771948681852,0.5697892422375538,snare,tangled_rope,False
spain_digital_offensive_2026,moderate,0.641765,0.00015269739340484598,0.00015267240161400062,0.017473888788967776,7.633371177818297e-05,0.008598837815198102,snare,snare,True
spain_digital_offensive_2026,institutional,-0.042575,13.389836022819884,14.842069078473612,2.7034083403151636,1.565312857499321,0.8889835869682057,snare,rope,False
spain_digital_offensive_2026,analytical,0.79456,0.9748454828322008,0.6095509754850228,1.2291730857799055,0.3659761506302549,0.5129254154315126,snare,tangled_rope,False
square_cube_law,powerless,0.09084,2.026910696919324e-07,1.956927695787584e-07,0.0006311032707324072,9.957283415132512e-08,3.785681464751889e-06,mountain,mountain,True
square_cube_law,moderate,0.079998,2.3093065865718957e-14,2.28962918494325e-14,2.1490760299348777e-07,1.1497776216529816e-14,1.3206830073997367e-09,mountain,mountain,True
square_cube_law,institutional,-0.00955,0.05225489703994835,0.31934472327361857,0.44423409457143415,0.04913347937360198,0.05117249372040522,mountain,mountain,True
square_cube_law,analytical,0.110402,3.2579465519273214e-07,3.400217551338218e-07,0.0008158358283145231,1.6639702256925781e-07,5.184531822386724e-06,mountain,mountain,True
stable_marriage_coordination,powerless,0.200584,2.9916354872313883e-05,2.9715983422475434e-05,0.007722164665489551,1.4907938259553918e-05,0.0023473534175798283,rope,rope,True
stable_marriage_coordination,moderate,0.181551,3.438908294807995e-07,3.4364445208667294e-07,0.0008291774330653242,1.7188380135811362e-07,0.00025318494829397464,rope,rope,True
stable_marriage_coordination,institutional,-0.007605,0.10834886907201281,0.14124250325382234,0.49626049577715514,0.06125337625802804,0.19321214186786592,rope,rope,True
stable_marriage_coordination,analytical,0.246588,5.2682342919450073e-08,5.9063257029586024e-08,0.000332183073393491,2.7586398292856666e-08,9.1404857591737e-05,rope,rope,True
start_treaty,powerless,0.646327,8.277672303492237e-06,8.194435220726406e-06,0.004055336713879953,4.111437556847718e-06,0.001997960000078236,snare,snare,True
start_treaty,moderate,0.641765,0.00015185079539423992,0.00015153474309026715,0.01741733932311622,7.58404479548801e-05,0.008622443073721064,snare,snare,True
start_treaty,institutional,-0.053908,13.565724352963711,15.220410773843724,2.8243483208667937,1.6840843582842038,0.8851761546473063,snare,rope,False
start_treaty,analytical,0.79456,0.969506465585993,0.6018923508863953,1.2234604488959304,0.3626887956502722,0.5089088812727118,snare,tangled_rope,False
status_flattening_effect,powerless,0.56518,0.015735682030402015,0.01863339133175189,0.18489135306452306,0.008540118377482935,0.054556274914784875,tangled_rope,tangled_rope,True
status_flattening_effect,moderate,0.575376,0.020899998923317203,0.025277630213041264,0.21415937858789622,0.011455108168398169,0.06441714067843596,tangled_rope,tangled_rope,True
status_flattening_effect,institutional,-0.03817,4.00741666954693,12.043803788165748,2.6654249221273374,1.528318045569912,0.9404009540602358,tangled_rope,rope,False
status_flattening_effect,analytical,0.712364,0.00035312701733769634,0.0003966827466325528,0.026941111476974387,0.000181453128067164,0.00573448843836008,tangled_rope,tangled_rope,True
steinmetz_valuation_asymmetry,powerless,0.630393,0.0008803757077638319,0.0008765960840084718,0.04191603174942918,0.00043922235210688663,0.02071756204312203,snare,snare,True
steinmetz_valuation_asymmetry,moderate,0.641765,0.00015185079539423992,0.00015153474309026715,0.01741733932311622,7.58404479548801e-05,0.008622443073721064,snare,snare,True
steinmetz_valuation_asymmetry,institutional,-0.024506,13.350957086787304,14.597803227046715,2.7346517314615566,1.5958611790586013,0.8685857301558844,snare,rope,False
steinmetz_valuation_asymmetry,analytical,0.79456,0.969506465585993,0.6018923508863953,1.2234604488959304,0.3626887956502722,0.5089088812727118,snare,tangled_rope,False
stoic_logos_governance,powerless,0.38041,0.001176824781007978,0.000849165422443438,0.04455061988355202,0.0004961689163453316,0.00201217566818224,tangled_rope,tangled_rope,True
stoic_logos_governance,moderate,0.387272,0.001673093697670752,0.0011227742142486882,0.05206372412414245,0.0006776195749370879,0.0022535041068950826,tangled_rope,tangled_rope,True
stoic_logos_governance,institutional,-0.014788,3.50369818988841,5.450781615486919,2.6857119185556453,1.5480567070632223,0.9676891126900508,tangled_rope,rope,False
stoic_logos_governance,analytical,0.479476,0.011495484720414926,0.004190266052398185,0.10588596821066791,0.002802304911951905,0.0031481904453830923,tangled_rope,tangled_rope,True
straight_coercion_2025,powerless,0.3016,4.866100294040117,0.9774423367537308,1.7872237287327157,0.7467975011837821,0.6175892774107397,snare,tangled_rope,False
straight_coercion_2025,moderate,0.641765,0.0001525363479530036,0.00015351227808458668,0.01749107208157086,7.648391315304028e-05,0.008277779153339493,snare,snare,True
straight_coercion_2025,institutional,-0.008431,14.16464110833875,13.365799196826547,2.5740931027101803,1.4400851213858683,0.7949005624802514,snare,rope,False
straight_coercion_2025,analytical,0.79456,1.017995896170704,0.6811414001011024,1.2794223714493755,0.39546359400473957,0.5491700697648784,snare,tangled_rope,False
strange_attractor_dynamics,powerless,0.13626,4.886221288913496e-05,6.433326382685124e-05,0.010564118074852708,2.790008280655855e-05,0.00013643389337025802,mountain,mountain,True
strange_attractor_dynamics,moderate,0.119997,7.397675883358606e-13,7.399411025545308e-13,1.216796378051872e-06,3.69910720577638e-13,1.2497627710494896e-08,mountain,mountain,True
strange_attractor_dynamics,institutional,-0.014325,0.17828585607974698,1.0563690742151886,0.8134878691776505,0.16317228613418647,0.16394398695117296,mountain,mountain,True
strange_attractor_dynamics,analytical,0.165603,0.0023453092045702104,0.006464752573559904,0.08519799058496359,0.0018143999962629857,0.002687510319767883,mountain,mountain,True
strange_attractors,powerless,0.135203,12.2250652779182,3.180312343903003,1.8770399980918557,0.8180348691654336,0.57802845732454,snare,tangled_rope,False
strange_attractors,moderate,0.641765,0.0001547761801719798,0.00015531276292620017,0.01760722340655693,7.750307845658095e-05,0.008558586029067228,snare,snare,True
strange_attractors,institutional,-0.024506,13.451264551256886,14.253966909424056,2.6459099470214937,1.5093763103179594,0.857166363758337,snare,rope,False
strange_attractors,analytical,0.79456,0.9832138324170167,0.6220743480444271,1.2382798182501984,0.37124420279070114,0.5192721647615954,snare,tangled_rope,False
strategic_deep_sea_rare_earth_mining,powerless,0.630393,0.0007552885417521492,0.0007636141907325501,0.03897223156831953,0.00037969669361418004,0.017907098308561797,tangled_rope,tangled_rope,True
strategic_deep_sea_rare_earth_mining,moderate,0.641765,0.0001293232520092051,0.00012974058866065924,0.016093575840562063,6.475044644603796e-05,0.0073525632212825265,tangled_rope,tangled_rope,True
strategic_deep_sea_rare_earth_mining,institutional,-0.024506,8.191518715328883,14.286488457519429,2.737569278465984,1.5987189695725423,0.911855134898928,tangled_rope,rope,False
strategic_deep_sea_rare_earth_mining,analytical,0.79456,0.5786828790715073,0.2719043947757168,0.8724395691540549,0.1872893242713274,0.2754683245445602,tangled_rope,tangled_rope,True
streaming_bundling_mandate,powerless,0.3016,3.515799615167044,0.608516251014786,1.4248829637178926,0.48646364597763275,0.43225034504074505,tangled_rope,tangled_rope,True
streaming_bundling_mandate,moderate,0.641765,0.0001521879877267945,0.0001522859434725551,0.017448057859343686,7.61081980556502e-05,0.008649145410708214,tangled_rope,tangled_rope,True
streaming_bundling_mandate,institutional,-0.024506,10.78756801164802,14.476613374965394,2.7421437989849107,1.6032015126713373,0.8977504597785195,tangled_rope,rope,False
streaming_bundling_mandate,analytical,0.79456,0.8028376410797939,0.4284104839559752,1.0665191470854087,0.27769066650385865,0.39874847665941904,tangled_rope,tangled_rope,True
structural_extraction_without_actor,powerless,0.630393,0.0005781234576081279,0.0006487122477035969,0.034977156782483323,0.000305842578855177,0.003000153804381534,snare,snare,True
structural_extraction_without_actor,moderate,0.641765,0.0011935499469970102,0.001427541361572516,0.05104099368562488,0.000651260411024309,0.004726186097899519,snare,snare,True
structural_extraction_without_actor,institutional,0.169004,17.40580743998411,14.059783471826139,3.063146715357342,1.921574174299004,0.9820618938117319,snare,rope,False
structural_extraction_without_actor,analytical,0.79456,1.1412812590388468,2.689274442768793,1.782339835159188,0.7429950277145507,0.6904559960642422,snare,piton,False
sts86_ascent_checklist,powerless,0.09084,2.026910696919324e-07,1.956927695787584e-07,0.0006311032707324072,9.957283415132512e-08,3.785681464751889e-06,mountain,mountain,True
sts86_ascent_checklist,moderate,0.079998,2.3093065865718957e-14,2.28962918494325e-14,2.1490760299348777e-07,1.1497776216529816e-14,1.3206830073997367e-09,mountain,mountain,True
sts86_ascent_checklist,institutional,-0.00955,0.05225489703994835,0.31934472327361857,0.44423409457143415,0.04913347937360198,0.05117249372040522,mountain,mountain,True
sts86_ascent_checklist,analytical,0.110402,3.2579465519273214e-07,3.400217551338218e-07,0.0008158358283145231,1.6639702256925781e-07,5.184531822386724e-06,mountain,mountain,True
student_loan_default_cliff,powerless,0.3224,3.942168624838762,0.872870779357395,1.6919554895690114,0.6740007190179609,0.5777035657662807,snare,tangled_rope,False
student_loan_default_cliff,moderate,0.686025,0.03186490296452507,0.03202897056813615,0.2527709759766201,0.015952040721400287,0.12599054838583384,snare,tangled_rope,False
student_loan_default_cliff,institutional,-0.026196,13.509321813625407,15.92386648715823,2.6795618890736423,1.5420679011489058,0.869823357908766,snare,rope,False
student_loan_default_cliff,analytical,0.849357,2.2816966315087406,0.8245633133009908,1.5728530391498556,0.5872415004006908,0.5720693131292678,snare,tangled_rope,False
student_loan_interest_accrual,powerless,0.2704,8.611278550227778,8.110137726576326,2.919191824183835,1.7780572380605713,0.9579330537748757,snare,rope,False
student_loan_interest_accrual,moderate,0.575376,0.008455812511450628,0.006728940152848658,0.12259182783767503,0.00375601283799304,0.021044759123267975,snare,snare,True
student_loan_interest_accrual,institutional,-0.03817,22.257881507443567,9.675272589179524,3.1206070935556345,1.9790148250432655,0.9580443981006721,snare,rope,False
student_loan_interest_accrual,analytical,0.712364,0.0004833350185716819,0.0002365049940035097,0.023800813020839588,0.00014161800377659198,0.003772886608924046,snare,snare,True
sturgeons_law,powerless,0.347803,0.002526949545951264,0.001893038885260264,0.0659630695296928,0.0010876830332797033,0.005004717282160025,tangled_rope,tangled_rope,True
sturgeons_law,moderate,0.354077,0.003613602004091854,0.0025349922161642625,0.07748994867597604,0.0015009852524740983,0.005657964894107597,tangled_rope,tangled_rope,True
sturgeons_law,institutional,-0.013521,3.4742945797390115,4.494041606551137,2.616245281272717,1.4806730931203569,0.9627995781396573,tangled_rope,rope,False
sturgeons_law,analytical,0.438378,0.025603966774907973,0.00817819696864661,0.16071318527760192,0.0064537081283751714,0.008402087183537185,tangled_rope,tangled_rope,True
suanne_coup_of_peace,powerless,0.630393,5.057695288481944e-05,4.90819302878399e-05,0.009980577908453567,2.4902932166706038e-05,0.0011703680585386511,snare,snare,True
suanne_coup_of_peace,moderate,0.641765,9.15487344354205e-06,8.862938208585202e-06,0.004238005510059192,4.4901709956030414e-06,0.0004971700807928636,snare,snare,True
suanne_coup_of_peace,institutional,-0.042575,22.715293317491398,15.274628524207893,3.1331208359412726,1.9915282076863192,0.9854115319473495,snare,rope,False
suanne_coup_of_peace,analytical,0.79456,0.22139512571652345,0.49030034043501824,0.7936293797813949,0.155406525086007,0.23048496976861477,snare,snare,True
subscription_economy_model,powerless,0.56518,0.015872216520847984,0.01878779088151114,0.1856745111663598,0.008612567556066503,0.05501930328651883,tangled_rope,tangled_rope,True
subscription_economy_model,moderate,0.490585,0.010938804361609704,0.009091427611528426,0.14107333319089144,0.004973358775038965,0.032040703472704435,tangled_rope,tangled_rope,True
subscription_economy_model,institutional,-0.021971,3.7880930867772906,11.764275089303009,2.6012637514739083,1.4662201475502483,0.9238111053287396,tangled_rope,rope,False
subscription_economy_model,analytical,0.712364,0.0003898028284946038,0.00046152477347610006,0.02864727877977024,0.0002051631376158526,0.00579000993126981,tangled_rope,tangled_rope,True
superbowl_advertising_extraction,powerless,0.739082,0.04119218715627151,0.055758048999888954,0.3086872722405414,0.0237747050729568,0.08741279663602464,snare,snare,True
superbowl_advertising_extraction,moderate,0.752415,0.07898924020535504,0.11526369069559125,0.43481581561782395,0.04708031699660641,0.13357993586578076,snare,snare,True
superbowl_advertising_extraction,institutional,-0.049915,22.0098638757312,18.951736176389428,3.1253057177705457,1.983713244194417,0.9951088471500978,snare,rope,False
superbowl_advertising_extraction,analytical,0.931553,6.032544930328215,3.1276274030458016,2.623413636347879,1.4875988885786806,0.9486575646738907,snare,tangled_rope,False
suslin_hypothesis,powerless,0.09084,2.026910696919324e-07,1.956927695787584e-07,0.0006311032707324072,9.957283415132512e-08,3.785681464751889e-06,mountain,mountain,True
suslin_hypothesis,moderate,0.079998,2.3093065865718957e-14,2.28962918494325e-14,2.1490760299348777e-07,1.1497776216529816e-14,1.3206830073997367e-09,mountain,mountain,True
suslin_hypothesis,institutional,-0.00955,0.05225489703994835,0.31934472327361857,0.44423409457143415,0.04913347937360198,0.05117249372040522,mountain,mountain,True
suslin_hypothesis,analytical,0.110402,3.2579465519273214e-07,3.400217551338218e-07,0.0008158358283145231,1.6639702256925781e-07,5.184531822386724e-06,mountain,mountain,True
suslin_hypothesis_undecidability,powerless,0.09084,2.026910696919324e-07,1.956927695787584e-07,0.0006311032707324072,9.957283415132512e-08,3.785681464751889e-06,mountain,mountain,True
suslin_hypothesis_undecidability,moderate,0.079998,2.3093065865718957e-14,2.28962918494325e-14,2.1490760299348777e-07,1.1497776216529816e-14,1.3206830073997367e-09,mountain,mountain,True
suslin_hypothesis_undecidability,institutional,-0.00955,0.05225489703994835,0.31934472327361857,0.44423409457143415,0.04913347937360198,0.05117249372040522,mountain,mountain,True
suslin_hypothesis_undecidability,analytical,0.110402,3.2579465519273214e-07,3.400217551338218e-07,0.0008158358283145231,1.6639702256925781e-07,5.184531822386724e-06,mountain,mountain,True
swift_legacy_piton,powerless,0.195639,0.002604251956722609,0.0029476169336768946,0.07440303772297832,0.0013837934024713873,0.013950730919591536,rope,rope,True
swift_legacy_piton,moderate,0.199169,0.004056809749621607,0.00472080299663004,0.09348589745959292,0.002184505468075185,0.017937865445960433,rope,rope,True
swift_legacy_piton,institutional,-0.007605,0.08763925756280419,0.026826700664516197,0.2955055994161703,0.02179120306537656,0.029245760890256434,rope,rope,True
swift_legacy_piton,analytical,0.246588,0.08264543718638473,0.13500137440970805,0.4559598822676867,0.051750127758829784,0.12288661852632476,rope,rope,True
sylow_theorems,powerless,0.13626,3.4346537563711765e-05,4.5223191572931926e-05,0.008857106121077471,1.96120501570497e-05,9.590132227277337e-05,mountain,mountain,True
sylow_theorems,moderate,0.119997,5.20001217344988e-13,5.201083342946381e-13,1.0198318143051182e-06,2.6001892869159244e-13,8.784403426886911e-09,mountain,mountain,True
sylow_theorems,institutional,-0.014325,0.1284401449351297,0.7827068540665388,0.6936118460530667,0.11907367763998677,0.12101574044094598,mountain,mountain,True
sylow_theorems,analytical,0.165603,0.0016492319606454511,0.004548428894057699,0.07145182586297744,0.0012762051067322904,0.0018905568153703145,mountain,mountain,True
sylow_theorems_group_theory,powerless,0.09084,2.026910696919324e-07,1.956927695787584e-07,0.0006311032707324072,9.957283415132512e-08,3.785681464751889e-06,mountain,mountain,True
sylow_theorems_group_theory,moderate,0.079998,2.3093065865718957e-14,2.28962918494325e-14,2.1490760299348777e-07,1.1497776216529816e-14,1.3206830073997367e-09,mountain,mountain,True
sylow_theorems_group_theory,institutional,-0.00955,0.05225489703994835,0.31934472327361857,0.44423409457143415,0.04913347937360198,0.05117249372040522,mountain,mountain,True
sylow_theorems_group_theory,analytical,0.110402,3.2579465519273214e-07,3.400217551338218e-07,0.0008158358283145231,1.6639702256925781e-07,5.184531822386724e-06,mountain,mountain,True
synthetic_data_feedback_loop,powerless,0.3016,6.149469403100578,5.31146069037892,2.708605647613907,1.5703873860377864,0.9565174749061072,snare,tangled_rope,False
synthetic_data_feedback_loop,moderate,0.641765,2.5872679883134982e-05,2.4959584256067865e-05,0.007115616468846143,1.2657986081075852e-05,0.001396235854215333,snare,snare,True
synthetic_data_feedback_loop,institutional,-0.024506,22.168495925517785,14.154911567213443,3.1262419142439986,1.9846494113757622,0.9656668805076893,snare,rope,False
synthetic_data_feedback_loop,analytical,0.79456,0.5019256318109805,0.8836535686906913,1.1391096235354568,0.31571774087413595,0.4487147842460547,snare,snare,True
tail_risk_compression,powerless,0.3016,4.913419709859274,0.9976192148909532,1.8013504719600217,0.7578382078243593,0.6245286172438945,snare,tangled_rope,False
tail_risk_compression,moderate,0.641765,0.00016426996337572764,0.00016785656282097117,0.018216179516110462,8.295672554950964e-05,0.008234130903001735,snare,snare,True
tail_risk_compression,institutional,0.169004,11.133247165941361,1.9879695042532113,1.8848114199231227,0.8243128606847302,0.6246618063544815,snare,tangled_rope,False
tail_risk_compression,analytical,0.79456,1.0252842239420819,0.6963920748577435,1.2882920739168253,0.4007742464903634,0.5543674708071646,snare,tangled_rope,False
taiwan_existential_sovereignty,powerless,0.4056,0.020110794831802226,0.013062433545111038,0.17640537331062645,0.0077746715785685545,0.020906841638387418,tangled_rope,tangled_rope,True
taiwan_existential_sovereignty,moderate,0.863064,0.06436267417450138,0.02317608665980403,0.2679223772979772,0.01791877906586421,0.025840439622791103,tangled_rope,tangled_rope,True
taiwan_existential_sovereignty,institutional,-0.032957,2.4066696634638225,19.348669499954106,2.3854354250935095,1.2617290743116791,0.8510406924356545,tangled_rope,rope,False
taiwan_existential_sovereignty,analytical,1.068546,0.4680322427191304,0.1648984892811029,0.44888828336134384,0.05016405601029915,0.02677701735962873,tangled_rope,tangled_rope,True
taiwan_storm_2026,powerless,0.3016,4.498073957461461,0.8615950909766986,1.6833630089868357,0.667580475863961,0.5646779459816035,snare,tangled_rope,False
taiwan_storm_2026,moderate,0.493099,0.20952375654563468,0.19308539701503316,0.6340362286940409,0.09966160384252717,0.3062920511612555,snare,tangled_rope,False
taiwan_storm_2026,institutional,-0.024506,13.350957086787304,14.597803227046715,2.7346517314615566,1.5958611790586013,0.8685857301558844,snare,rope,False
taiwan_storm_2026,analytical,0.79456,0.969506465585993,0.6018923508863953,1.2234604488959304,0.3626887956502722,0.5089088812727118,snare,tangled_rope,False
taiwan_strait_hegemony_shift,powerless,0.3536,2.1680323748555477,0.6037307702287776,1.3805078405396665,0.4578312791149256,0.4419978204550737,tangled_rope,tangled_rope,True
taiwan_strait_hegemony_shift,moderate,0.752415,0.22906925901266012,0.1868325929188272,0.6422837773551088,0.10224880138399033,0.2863651761025595,tangled_rope,tangled_rope,True
taiwan_strait_hegemony_shift,institutional,-0.063203,12.104752374686953,17.185113025939888,2.9937131041115173,1.8522551588347955,0.6226329951299154,tangled_rope,rope,False
taiwan_strait_hegemony_shift,analytical,0.931553,3.6091333242712085,0.5856352896256513,1.4419929282071076,0.4977033943112973,0.4435479307397715,tangled_rope,tangled_rope,True
taiwan_university_application_system,powerless,0.2704,3.705115663738418,0.5410761358850688,1.3542046046206728,0.44121699241478246,0.3929679953716248,tangled_rope,tangled_rope,True
taiwan_university_application_system,moderate,0.575376,0.06317230823630575,0.06374168518735344,0.35624290991837576,0.03164345650068084,0.1770532470677994,tangled_rope,snare,False
taiwan_university_application_system,institutional,-0.03817,9.690248476291462,12.253213987030346,2.6045591138446014,1.4693967004343467,0.8841697372805376,tangled_rope,rope,False
taiwan_university_application_system,analytical,0.712364,0.001044504832886698,0.00109955233030059,0.04610672060538768,0.0005314338844134175,0.021320774403396858,tangled_rope,tangled_rope,True
taliban_slavery_law_2024,powerless,0.4056,0.0030692131059928338,0.01428975418724291,0.08557327305375197,0.0018304169949242713,0.0020695423302720213,tangled_rope,tangled_rope,True
taliban_slavery_law_2024,moderate,0.863064,0.0063575535537389845,0.002244995622933861,0.0837468456269621,0.0017531273569369992,0.0025458367526867143,tangled_rope,tangled_rope,True
taliban_slavery_law_2024,institutional,-0.032957,4.9102582507536585,18.569504139715406,2.9668162839963528,1.8254459977820165,0.9897725187158575,tangled_rope,rope,False
taliban_slavery_law_2024,analytical,1.068546,0.042408381282079285,0.0026486784299725925,0.1027378141456217,0.002638184408334272,0.0026357931010828847,tangled_rope,tangled_rope,True
tarski_undefinability_theorem,powerless,0.09084,2.026910696919324e-07,1.956927695787584e-07,0.0006311032707324072,9.957283415132512e-08,3.785681464751889e-06,mountain,mountain,True
tarski_undefinability_theorem,moderate,0.079998,2.3093065865718957e-14,2.28962918494325e-14,2.1490760299348777e-07,1.1497776216529816e-14,1.3206830073997367e-09,mountain,mountain,True
tarski_undefinability_theorem,institutional,-0.00955,0.05225489703994835,0.31934472327361857,0.44423409457143415,0.04913347937360198,0.05117249372040522,mountain,mountain,True
tarski_undefinability_theorem,analytical,0.110402,3.2579465519273214e-07,3.400217551338218e-07,0.0008158358283145231,1.6639702256925781e-07,5.184531822386724e-06,mountain,mountain,True
teaching_horses_to_sing,powerless,0.673869,0.0051714002420949565,0.00699653899164253,0.10936599895016279,0.0029894853826877574,0.012985847862199584,snare,snare,True
teaching_horses_to_sing,moderate,0.686025,0.010243170768248724,0.01523211576048952,0.1572659569335429,0.006179960018634874,0.02048846986949393,snare,snare,True
teaching_horses_to_sing,institutional,-0.04976,22.82212305056487,16.953781275347875,3.12717175260918,1.9855792239776024,0.9942576822561149,snare,rope,False
teaching_horses_to_sing,analytical,0.849357,3.938644027631082,4.594957287404365,2.688329601252818,1.5506070668402248,0.9734501036164513,snare,piton,False
tear_gas_repression_2026,powerless,0.3536,2.6048795339345454,0.7809953788979915,1.567916962601977,0.5837518859929625,0.5452650286270824,snare,tangled_rope,False
tear_gas_repression_2026,moderate,0.752415,0.25221120594140983,0.22414094964419387,0.6890860591364952,0.11754019955172486,0.3271215248085293,snare,tangled_rope,False
tear_gas_repression_2026,institutional,-0.009884,12.687295224951223,16.983827858283973,2.5551856214743847,1.421958995593165,0.8151479791555145,snare,rope,False
tear_gas_repression_2026,analytical,0.931553,4.443832331130851,0.9875814232316202,1.6893804402141455,0.672074085905575,0.5476297692944962,snare,tangled_rope,False
technocratic_overreach,powerless,0.630393,0.0008750404663001636,0.0008709770978205468,0.04178499306526079,0.0004364805341705849,0.0205389838765066,snare,snare,True
technocratic_overreach,moderate,0.641765,0.0001547761801719798,0.00015531276292620017,0.01760722340655693,7.750307845658095e-05,0.008558586029067228,snare,snare,True
technocratic_overreach,institutional,-0.024506,13.451264551256886,14.253966909424056,2.6459099470214937,1.5093763103179594,0.857166363758337,snare,rope,False
technocratic_overreach,analytical,0.79456,0.9832138324170167,0.6220743480444271,1.2382798182501984,0.37124420279070114,0.5192721647615954,snare,tangled_rope,False
technological_point_of_no_return,powerless,0.4056,0.29015971084323217,0.3036722773254773,0.7481615445520555,0.1383121668035829,0.3566853221663374,snare,tangled_rope,False
technological_point_of_no_return,moderate,0.863064,1.1670003048046254,0.7100168803339955,1.3317686491789316,0.4272584061218253,0.5515863435605985,snare,tangled_rope,False
technological_point_of_no_return,institutional,-0.032957,15.465527918378594,21.99204752468108,3.0724479998161365,1.930869119545871,0.9866337560289209,snare,rope,False
technological_point_of_no_return,analytical,0.944063,3.919811447723409,1.0354916443406676,1.7570849878461259,0.7234523527140481,0.5993288575915412,snare,tangled_rope,False
temporal_scale_arbitrage,powerless,0.121217,7.98534951176689,3.2582073589501563,1.6179710911490595,0.6195343312648903,0.3675424947753712,tangled_rope,tangled_rope,True
temporal_scale_arbitrage,moderate,0.575376,0.06234616816009826,0.0637094112988158,0.35502316268107864,0.03142770646184028,0.17585558189627576,tangled_rope,snare,False
temporal_scale_arbitrage,institutional,-0.021971,9.082741449836115,11.824391048942035,2.552013571909883,1.4189230481779025,0.8616428503782315,tangled_rope,rope,False
temporal_scale_arbitrage,analytical,0.712364,0.0009440949799579914,0.0009328542453278237,0.04327853659763938,0.0004682396606692084,0.020688528338595025,tangled_rope,tangled_rope,True
temporal_scarcity,powerless,0.56518,0.01626373060740003,0.019229491628570083,0.18789959318761745,0.008820073836806845,0.05634931370490315,tangled_rope,tangled_rope,True
temporal_scarcity,moderate,0.575376,0.021596724317573267,0.02607351333990087,0.2176066115524475,0.01182648545386387,0.06650962916954128,tangled_rope,tangled_rope,True
temporal_scarcity,institutional,-0.021971,3.91218836821958,11.776995950045052,2.6272055968336203,1.4912652060316638,0.9308107292931446,tangled_rope,rope,False
temporal_scarcity,analytical,0.712364,0.0006075172755381812,0.0008529055127589971,0.037267312839533814,0.0003472031052718087,0.005960940985988747,tangled_rope,tangled_rope,True
terrain_inaccessibility_wheeled_vehicles,powerless,0.13626,2.730279028570617e-05,3.5949374266308514e-05,0.007896875560758833,1.5590140650892342e-05,7.623432689174425e-05,mountain,mountain,True
terrain_inaccessibility_wheeled_vehicles,moderate,0.119997,4.132238557376591e-13,4.13497107665991e-13,9.088486839519166e-07,2.066924304130193e-13,6.982801670218919e-09,mountain,mountain,True
terrain_inaccessibility_wheeled_vehicles,institutional,-0.014325,0.10340849699810349,0.6392197195539203,0.6237856691241498,0.09649112264130194,0.09863579103813724,mountain,mountain,True
terrain_inaccessibility_wheeled_vehicles,analytical,0.165603,0.0013112644818884492,0.0036172414796492025,0.06371445995193167,0.0010147972723359908,0.0015034062402410342,mountain,mountain,True
texas_hispanic_political_pivot,powerless,0.3016,2.860223659497747,0.4606214499289143,1.254441416496279,0.3806764188332022,0.34824324733157497,tangled_rope,tangled_rope,True
texas_hispanic_political_pivot,moderate,0.641765,0.0001625215704105067,0.00016741717056133695,0.018154385656934523,8.239486389634455e-05,0.008075976335080615,tangled_rope,tangled_rope,True
texas_hispanic_political_pivot,institutional,0.010072,8.56686826442456,13.076887146688302,2.4829024775893442,1.3531532310730299,0.8396707575932139,tangled_rope,rope,False
texas_hispanic_political_pivot,analytical,0.79456,0.6733080659449923,0.3350217973624727,0.9554784388751437,0.22392672699499724,0.3245478603281996,tangled_rope,tangled_rope,True
thai_article_112_mountain,powerless,0.20439,0.5992260351906596,1.1134822078949267,1.257073002904753,0.3822222896517217,0.49414100762752033,mountain,rope,False
thai_article_112_mountain,moderate,0.179996,4.061033192104925e-09,4.060403452395464e-09,9.011901003424398e-05,2.0303591348941027e-09,1.627304273632557e-05,mountain,mountain,True
thai_article_112_mountain,institutional,-0.021488,0.7336118258121477,1.3419770674253062,1.3841762383508782,0.46016966188392167,0.5570127482268266,mountain,rope,False
thai_article_112_mountain,analytical,0.248404,8.072157166600306,3.386074305160207,2.743619418973635,1.604647907106081,0.9660444898802663,mountain,rope,False
thai_senate_veto_2026,powerless,0.56518,0.04421875747633546,0.04683023926917067,0.301647858175195,0.022704768184582856,0.1445364428073025,tangled_rope,tangled_rope,True
thai_senate_veto_2026,moderate,0.575376,0.057707594538411414,0.061295890922908415,0.34484686482406945,0.029656257715577946,0.16601679065891467,tangled_rope,tangled_rope,True
thai_senate_veto_2026,institutional,-0.021971,7.603840595161866,11.77257670051977,2.5349928307613805,1.4026577645899743,0.8723447249451269,tangled_rope,rope,False
thai_senate_veto_2026,analytical,0.712364,0.0008442050409779833,0.0008335699099327685,0.04089195602713298,0.000418023454152575,0.018305166171026566,tangled_rope,tangled_rope,True
the_calm_protocol_suppression,powerless,0.3016,4.866100294040117,0.9774423367537308,1.7872237287327157,0.7467975011837821,0.6175892774107397,snare,tangled_rope,False
the_calm_protocol_suppression,moderate,0.641765,0.0001525363479530036,0.00015351227808458668,0.01749107208157086,7.648391315304028e-05,0.008277779153339493,snare,snare,True
the_calm_protocol_suppression,institutional,-0.042575,14.361359289419966,14.83749438334369,2.705119895718078,1.566983657422352,0.8770503347688775,snare,rope,False
the_calm_protocol_suppression,analytical,0.79456,1.017995896170704,0.6811414001011024,1.2794223714493755,0.39546359400473957,0.5491700697648784,snare,tangled_rope,False
the_churn_systemic_upheaval,powerless,0.3016,4.401900459700516,0.8232293469561432,1.6563791781976476,0.6475787752837242,0.5513983557578446,snare,tangled_rope,False
the_churn_systemic_upheaval,moderate,0.641765,0.00015292057016963443,0.000152693958749983,0.01748133169568183,7.639875306103292e-05,0.008680812221841416,snare,snare,True
the_churn_systemic_upheaval,institutional,-0.024506,12.93464084178771,14.338070883597883,2.6582092074393184,1.5213089592689073,0.8666214905278807,snare,rope,False
the_churn_systemic_upheaval,analytical,0.79456,0.9556340946088397,0.5833608235832104,1.2089498870220754,0.3543987670759751,0.4983995499442636,snare,tangled_rope,False
the_trivial_topology,powerless,0.56518,0.015308837958334636,0.01814966455904315,0.1824187315823387,0.008313382654585465,0.05310886006143001,tangled_rope,tangled_rope,True
the_trivial_topology,moderate,0.575376,0.02033699050940249,0.024631494894209245,0.21132627166073997,0.01115431459790016,0.06272801127219141,tangled_rope,tangled_rope,True
the_trivial_topology,institutional,-0.021971,3.701637847285166,11.753557119638689,2.589929453712855,1.455305608592583,0.9202946162098294,tangled_rope,rope,False
the_trivial_topology,analytical,0.712364,0.00029343407964333324,0.00029379993189696587,0.023944603864314434,0.00014333430146194396,0.005566643326319079,tangled_rope,tangled_rope,True
the_wall_procedural_barrier,powerless,0.56518,0.04829203007749851,0.0492459233807494,0.31229717810588387,0.024332880398419243,0.1548382227248548,tangled_rope,snare,False
the_wall_procedural_barrier,moderate,0.575376,0.06268179334849551,0.06376316682470232,0.3555769454479713,0.03152556933235385,0.17639902736736968,tangled_rope,snare,False
the_wall_procedural_barrier,institutional,-0.021971,9.211305010249216,11.738069373391989,2.5284721464247064,1.3964378955701757,0.852246854333815,tangled_rope,rope,False
the_wall_procedural_barrier,analytical,0.712364,0.0009585819283254864,0.0009528670010176377,0.04366779169313024,0.0004767000697220546,0.0209141862334305,tangled_rope,tangled_rope,True
theatrical_neutrality,powerless,0.630393,0.0005781234576081279,0.0006487122477035969,0.034977156782483323,0.000305842578855177,0.003000153804381534,snare,snare,True
theatrical_neutrality,moderate,0.641765,0.0011935499469970102,0.001427541361572516,0.05104099368562488,0.000651260411024309,0.004726186097899519,snare,snare,True
theatrical_neutrality,institutional,-0.024506,22.625671086648435,15.171729873795442,3.1221456023829064,1.9805532552348946,0.9933614829599124,snare,rope,False
theatrical_neutrality,analytical,0.79456,1.1412812590388468,2.689274442768793,1.782339835159188,0.7429950277145507,0.6904559960642422,snare,piton,False
thermodynamics_entropy,powerless,0.09084,1.3468414487096588e-06,1.300286930222996e-06,0.0016268102795383656,6.616278847186579e-07,2.513172465057334e-05,mountain,mountain,True
thermodynamics_entropy,moderate,0.079998,1.5285891536206874e-13,1.5256865782383174e-13,5.527507362065157e-07,7.63483627406917e-14,8.765720815873124e-09,mountain,mountain,True
thermodynamics_entropy,institutional,-0.00955,0.30441971905114545,1.611121073605155,1.047472365275063,0.26808661582108406,0.26372930977201436,mountain,mountain,True
thermodynamics_entropy,analytical,0.110402,2.1603945683061705e-06,2.2546654458851707e-06,0.002100844510651439,1.1033868130839613e-06,3.43724292978687e-05,mountain,mountain,True
three_body_problem,powerless,0.13626,2.730279028570617e-05,3.5949374266308514e-05,0.007896875560758833,1.5590140650892342e-05,7.623432689174425e-05,mountain,mountain,True
three_body_problem,moderate,0.119997,4.132238557376591e-13,4.13497107665991e-13,9.088486839519166e-07,2.066924304130193e-13,6.982801670218919e-09,mountain,mountain,True
three_body_problem,institutional,-0.014325,0.10340849699810349,0.6392197195539203,0.6237856691241498,0.09649112264130194,0.09863579103813724,mountain,mountain,True
three_body_problem,analytical,0.165603,0.0013112644818884492,0.0036172414796492025,0.06371445995193167,0.0010147972723359908,0.0015034062402410342,mountain,mountain,True
three_body_unpredicability,powerless,0.13626,3.4346537563711765e-05,4.5223191572931926e-05,0.008857106121077471,1.96120501570497e-05,9.590132227277337e-05,mountain,mountain,True
three_body_unpredicability,moderate,0.119997,5.20001217344988e-13,5.201083342946381e-13,1.0198318143051182e-06,2.6001892869159244e-13,8.784403426886911e-09,mountain,mountain,True
three_body_unpredicability,institutional,-0.014325,0.1284401449351297,0.7827068540665388,0.6936118460530667,0.11907367763998677,0.12101574044094598,mountain,mountain,True
three_body_unpredicability,analytical,0.165603,0.0016492319606454511,0.004548428894057699,0.07145182586297744,0.0012762051067322904,0.0018905568153703145,mountain,mountain,True
trade_secret_law,powerless,0.2704,2.7876738233464087,0.3970092214473974,1.1473930993360764,0.3201990980563005,0.29268257175318757,tangled_rope,tangled_rope,True
trade_secret_law,moderate,0.575376,0.057707594538411414,0.061295890922908415,0.34484686482406945,0.029656257715577946,0.16601679065891467,tangled_rope,tangled_rope,True
trade_secret_law,institutional,-0.021971,7.603840595161866,11.77257670051977,2.5349928307613805,1.4026577645899743,0.8723447249451269,tangled_rope,rope,False
trade_secret_law,analytical,0.712364,0.0008442050409779833,0.0008335699099327685,0.04089195602713298,0.000418023454152575,0.018305166171026566,tangled_rope,tangled_rope,True
tragedy_of_the_commons,powerless,0.3016,3.2115062172176962,0.6517563499040556,1.359334594649463,0.4444362463336563,0.3911885179146923,tangled_rope,tangled_rope,True
tragedy_of_the_commons,moderate,0.641765,0.00014907492501901634,0.00014874809406627095,0.01725233274307542,7.441028485727843e-05,0.008406357650108665,tangled_rope,tangled_rope,True
tragedy_of_the_commons,institutional,0.063872,9.74041273444828,12.443268402127188,2.6407608682760726,1.5043861971841734,0.8067920271075211,tangled_rope,rope,False
tragedy_of_the_commons,analytical,0.79456,0.7406220938480033,0.3795239594361449,1.0124181825824687,0.2508222650069425,0.36276678894917413,tangled_rope,tangled_rope,True
trajans_bridge_lifecycle,powerless,0.2704,2.7876738233464087,0.3970092214473974,1.1473930993360764,0.3201990980563005,0.29268257175318757,tangled_rope,tangled_rope,True
trajans_bridge_lifecycle,moderate,0.575376,0.057707594538411414,0.061295890922908415,0.34484686482406945,0.029656257715577946,0.16601679065891467,tangled_rope,tangled_rope,True
trajans_bridge_lifecycle,institutional,0.00903,7.260046284894966,10.586560088217922,2.360834849321227,1.2389223243192966,0.7947565544469587,tangled_rope,rope,False
trajans_bridge_lifecycle,analytical,0.712364,0.0008442050409779833,0.0008335699099327685,0.04089195602713298,0.000418023454152575,0.018305166171026566,tangled_rope,tangled_rope,True
transformer_self_attention,powerless,0.413016,0.0014018124872959433,0.0009676052264889008,0.04805247203803454,0.0005772322486817649,0.002100712199553989,tangled_rope,tangled_rope,True
transformer_self_attention,moderate,0.420467,0.0019800740022140675,0.0012572624718624958,0.055805177411820145,0.0007785039455485189,0.0023316486838093065,tangled_rope,tangled_rope,True
transformer_self_attention,institutional,-0.016056,4.471551339400721,5.648665940017088,2.8194950034928024,1.679292904999877,0.9858517329169382,tangled_rope,rope,False
transformer_self_attention,analytical,0.520574,0.012750054022197997,0.0030449816352485413,0.10304488139144137,0.0026539747222977237,0.0030895978423567433,tangled_rope,tangled_rope,True
transient_event_detection,powerless,0.413016,0.0014018124872959433,0.0009676052264889008,0.04805247203803454,0.0005772322486817649,0.002100712199553989,tangled_rope,tangled_rope,True
transient_event_detection,moderate,0.433811,0.003154071503657802,0.0017275513188713817,0.06752600450246668,0.0011398320364700667,0.0026235778001389987,tangled_rope,tangled_rope,True
transient_event_detection,institutional,-0.016056,4.471551339400721,5.648665940017088,2.8194950034928024,1.679292904999877,0.9858517329169382,tangled_rope,rope,False
transient_event_detection,analytical,0.520574,0.012750054022197997,0.0030449816352485413,0.10304488139144137,0.0026539747222977237,0.0030895978423567433,tangled_rope,tangled_rope,True
traveling_salesman_problem,powerless,0.13626,3.4346537563711765e-05,4.5223191572931926e-05,0.008857106121077471,1.96120501570497e-05,9.590132227277337e-05,mountain,mountain,True
traveling_salesman_problem,moderate,0.119997,5.20001217344988e-13,5.201083342946381e-13,1.0198318143051182e-06,2.6001892869159244e-13,8.784403426886911e-09,mountain,mountain,True
traveling_salesman_problem,institutional,-0.014325,0.1284401449351297,0.7827068540665388,0.6936118460530667,0.11907367763998677,0.12101574044094598,mountain,mountain,True
traveling_salesman_problem,analytical,0.165603,0.0016492319606454511,0.004548428894057699,0.07145182586297744,0.0012762051067322904,0.0018905568153703145,mountain,mountain,True
traveling_salesperson_problem,powerless,0.413016,0.0014018124872959433,0.0009676052264889008,0.04805247203803454,0.0005772322486817649,0.002100712199553989,tangled_rope,tangled_rope,True
traveling_salesperson_problem,moderate,0.358504,0.0010077170904216621,0.0012735725025626572,0.047517885148855694,0.0005644607989233448,0.0032058909021634996,tangled_rope,tangled_rope,True
traveling_salesperson_problem,institutional,-0.016056,4.471551339400721,5.648665940017088,2.8194950034928024,1.679292904999877,0.9858517329169382,tangled_rope,rope,False
traveling_salesperson_problem,analytical,0.520574,0.012750054022197997,0.0030449816352485413,0.10304488139144137,0.0026539747222977237,0.0030895978423567433,tangled_rope,tangled_rope,True
trillion_bond_rush_2026,powerless,0.3016,5.896991079309,4.8575315860444475,2.7180921919336063,1.579657280916852,0.9646430116486361,snare,tangled_rope,False
trillion_bond_rush_2026,moderate,0.641765,7.49941927417273e-05,8.553219324615577e-05,0.012636072615374755,3.991745000092793e-05,0.0011147309910276015,snare,snare,True
trillion_bond_rush_2026,institutional,0.063872,22.262094249694012,14.812144798222365,3.1028768001209355,1.961286564480127,0.9893233683106816,snare,rope,False
trillion_bond_rush_2026,analytical,0.79456,0.47848080878603244,0.9859150334806416,1.1385227680382242,0.31540134734001607,0.42672958985705345,snare,snare,True
trump_epa_greenhouse_gas_reversal,powerless,0.3016,4.401900459700516,0.8232293469561432,1.6563791781976476,0.6475787752837242,0.5513983557578446,snare,tangled_rope,False
trump_epa_greenhouse_gas_reversal,moderate,0.641765,0.00015292057016963443,0.000152693958749983,0.01748133169568183,7.639875306103292e-05,0.008680812221841416,snare,snare,True
trump_epa_greenhouse_gas_reversal,institutional,-0.024506,12.93464084178771,14.338070883597883,2.6582092074393184,1.5213089592689073,0.8666214905278807,snare,rope,False
trump_epa_greenhouse_gas_reversal,analytical,0.79456,0.9556340946088397,0.5833608235832104,1.2089498870220754,0.3543987670759751,0.4983995499442636,snare,tangled_rope,False
trump_indian_tariffs_2026,powerless,0.56518,0.00017933387386411516,0.00021593415930302415,0.01978421573950742,9.785300016253825e-05,0.000608633015695054,tangled_rope,tangled_rope,True
trump_indian_tariffs_2026,moderate,0.575376,0.00024012922499901733,0.00029648524314383247,0.023015973672791044,0.00013243229947456484,0.000726741394571193,tangled_rope,tangled_rope,True
trump_indian_tariffs_2026,institutional,0.034872,2.6688593885666054,10.68603446106751,2.6010298267792287,1.4659947116531782,0.9293885974739547,tangled_rope,rope,False
trump_indian_tariffs_2026,analytical,0.712364,6.53215314826504e-05,2.242506638553963e-05,0.007270413467114871,1.3214713443470132e-05,5.981524817772095e-05,tangled_rope,tangled_rope,True
tsp,powerless,0.413016,0.0005707536560602569,0.000405224523113563,0.030830868426504805,0.00023763090612999925,0.0008353134833366966,tangled_rope,tangled_rope,True
tsp,moderate,0.420467,0.0008090471370607584,0.0005366241577535005,0.03596210214036446,0.000323309486461159,0.0009270643247084521,tangled_rope,tangled_rope,True
tsp,institutional,-0.016056,3.585220075186527,6.386983159893552,2.738972115263682,1.6000933781918905,0.9714060164741113,tangled_rope,rope,False
tsp,analytical,0.520574,0.0057244265473393235,0.0036558951493693252,0.08030796819576845,0.0016121258132306246,0.0012282283021063322,tangled_rope,tangled_rope,True
twin_prime_conjecture,powerless,0.13626,2.730279028570617e-05,3.5949374266308514e-05,0.007896875560758833,1.5590140650892342e-05,7.623432689174425e-05,mountain,mountain,True
twin_prime_conjecture,moderate,0.119997,4.132238557376591e-13,4.13497107665991e-13,9.088486839519166e-07,2.066924304130193e-13,6.982801670218919e-09,mountain,mountain,True
twin_prime_conjecture,institutional,-0.014325,0.10340849699810349,0.6392197195539203,0.6237856691241498,0.09649112264130194,0.09863579103813724,mountain,mountain,True
twin_prime_conjecture,analytical,0.165603,0.0013112644818884492,0.0036172414796492025,0.06371445995193167,0.0010147972723359908,0.0015034062402410342,mountain,mountain,True
ua_mobilization_protector_cert,powerless,0.3536,2.494982029841652,0.7238509702403153,1.5186708815961822,0.5494126405298972,0.518466902940227,snare,tangled_rope,False
ua_mobilization_protector_cert,moderate,0.752415,0.2473430161627569,0.21452108857160468,0.678190394320069,0.11388796069272043,0.3179925569060218,snare,tangled_rope,False
ua_mobilization_protector_cert,institutional,-0.049915,12.357967502616138,18.6764755969797,2.6798320671441163,1.542330905956817,0.8867278784818865,snare,rope,False
ua_mobilization_protector_cert,analytical,0.931553,4.190139216431334,0.7390938319590792,1.594769980387192,0.6028395634271096,0.5205825331681926,snare,tangled_rope,False
udhr_1946,powerless,0.413016,0.008587494996383215,0.013388104226381186,0.14544197925938215,0.005286012196454848,0.015511748665371718,tangled_rope,tangled_rope,True
udhr_1946,moderate,0.420467,0.014010914291754994,0.023821701276470885,0.1893017779596324,0.008952104453967274,0.022206530147561465,tangled_rope,tangled_rope,True
udhr_1946,institutional,0.247,0.04864321861004451,0.05094627299396776,0.2539552853865892,0.016101669924819907,0.014401799552343329,tangled_rope,tangled_rope,True
udhr_1946,analytical,0.520574,0.35553428991924735,1.054274675329687,1.0551612914238515,0.27194478308791076,0.31295943763099454,tangled_rope,tangled_rope,True
uk_artist_resale_right,powerless,0.399619,0.0002642993332403625,0.0002276001665314569,0.0220687495690408,0.00012175619148437083,0.0006323154936624875,tangled_rope,tangled_rope,True
uk_artist_resale_right,moderate,0.420467,0.0009954533716374078,0.0008081171122484161,0.04155973438485939,0.00043178734294830023,0.0009772017975154949,tangled_rope,tangled_rope,True
uk_artist_resale_right,institutional,0.041847,2.5757798873376707,5.866244555008328,2.513672483542451,1.3823448870187967,0.9234969224940492,tangled_rope,rope,False
uk_artist_resale_right,analytical,0.520574,0.010297422045955122,0.01962476134804111,0.14571109127656567,0.0053055831017423715,0.005172330710485656,tangled_rope,tangled_rope,True
uk_graduate_visa_salary_threshold,powerless,0.3016,4.135482674633136,0.7712445289291658,1.5868274885583376,0.5971674904744461,0.5144394781224464,snare,tangled_rope,False
uk_graduate_visa_salary_threshold,moderate,0.641765,0.00015461199099205792,0.00015440875009259421,0.01757785615775844,7.7244759541013e-05,0.008777783464951505,snare,snare,True
uk_graduate_visa_salary_threshold,institutional,-0.024506,12.531394905994164,14.581722683669303,2.80161848758127,1.661660763482703,0.8732263657521695,snare,rope,False
uk_graduate_visa_salary_threshold,analytical,0.79456,0.9133099353851144,0.5330679813056202,1.1670433887583311,0.33094501190278897,0.4684203426175567,snare,tangled_rope,False
uk_help_to_buy_scheme,powerless,0.3016,2.860223659497747,0.4606214499289143,1.254441416496279,0.3806764188332022,0.34824324733157497,tangled_rope,tangled_rope,True
uk_help_to_buy_scheme,moderate,0.641765,0.0001625215704105067,0.00016741717056133695,0.018154385656934523,8.239486389634455e-05,0.008075976335080615,tangled_rope,tangled_rope,True
uk_help_to_buy_scheme,institutional,-0.024506,8.93562672046415,14.290334409376495,2.648949583325645,1.51232363366711,0.9088164531710502,tangled_rope,rope,False
uk_help_to_buy_scheme,analytical,0.79456,0.6733080659449923,0.3350217973624727,0.9554784388751437,0.22392672699499724,0.3245478603281996,tangled_rope,tangled_rope,True
uk_hicbc_2024,powerless,0.56518,0.048006563310710494,0.049149775138238656,0.31168062431801913,0.024237091029204478,0.15423219427174745,tangled_rope,snare,False
uk_hicbc_2024,moderate,0.575376,0.06234616816009826,0.0637094112988158,0.35502316268107864,0.03142770646184028,0.17585558189627576,tangled_rope,snare,False
uk_hicbc_2024,institutional,-0.021971,9.082741449836115,11.824391048942035,2.552013571909883,1.4189230481779025,0.8616428503782315,tangled_rope,rope,False
uk_hicbc_2024,analytical,0.712364,0.0009440949799579914,0.0009328542453278237,0.04327853659763938,0.0004682396606692084,0.020688528338595025,tangled_rope,tangled_rope,True
uk_necc_formation,powerless,0.56518,0.00017933387386411516,0.00021593415930302415,0.01978421573950742,9.785300016253825e-05,0.000608633015695054,tangled_rope,tangled_rope,True
uk_necc_formation,moderate,0.575376,0.00024012922499901733,0.00029648524314383247,0.023015973672791044,0.00013243229947456484,0.000726741394571193,tangled_rope,tangled_rope,True
uk_necc_formation,institutional,-0.021971,3.7116401157431365,11.355418986677236,2.8209781130181426,1.6807569106040132,0.9746735226654418,tangled_rope,rope,False
uk_necc_formation,analytical,0.712364,6.53215314826504e-05,2.242506638553963e-05,0.007270413467114871,1.3214713443470132e-05,5.981524817772095e-05,tangled_rope,tangled_rope,True
uk_ssp_eligibility,powerless,0.2704,7.536163775163564,6.459939764858531,2.81806120762038,1.6778777454909577,0.9643640053696867,snare,tangled_rope,False
uk_ssp_eligibility,moderate,0.575376,0.007082631190573941,0.00564588735723449,0.11227241406310474,0.003150446282962985,0.017739917564253083,snare,snare,True
uk_ssp_eligibility,institutional,-0.021971,22.298076408972346,11.964036079518486,3.123531939004961,1.9819395308814112,0.964716982580681,snare,rope,False
uk_ssp_eligibility,analytical,0.712364,0.00018391434720140437,0.00015268608914357408,0.01768219979289389,7.816453823237805e-05,0.0031989908430217,snare,snare,True
uk_student_visa_dependents,powerless,0.36032,2.6609656720850063,0.8164724036829348,1.5975927722139867,0.6048607515175466,0.5621001846431233,snare,tangled_rope,False
uk_student_visa_dependents,moderate,0.641765,0.00015185079539423992,0.00015153474309026715,0.01741733932311622,7.58404479548801e-05,0.008622443073721064,snare,snare,True
uk_student_visa_dependents,institutional,-0.024506,13.350957086787304,14.597803227046715,2.7346517314615566,1.5958611790586013,0.8685857301558844,snare,rope,False
uk_student_visa_dependents,analytical,0.79456,0.969506465585993,0.6018923508863953,1.2234604488959304,0.3626887956502722,0.5089088812727118,snare,tangled_rope,False
uk_unpaid_care_system,powerless,0.630393,4.3599405948061015e-05,4.315271068990324e-05,0.009311312671780186,2.1675096766740113e-05,0.0009019704624965066,snare,snare,True
uk_unpaid_care_system,moderate,0.641765,1.7385760865537327e-05,1.9372927395924822e-05,0.006049468273620071,9.14900962272312e-06,0.00038344535556003416,snare,snare,True
uk_unpaid_care_system,institutional,-0.042575,22.77183449168993,16.67564988169111,3.130202078032468,1.9886094860206016,0.9967554765648233,snare,rope,False
uk_unpaid_care_system,analytical,0.79456,0.19078526702609316,0.46645535145306843,0.7472255228876346,0.13797033244972398,0.19978071892742078,snare,snare,True
ukr_mobilization,powerless,0.739082,0.13665206890682344,0.11860515023186838,0.5042492228140572,0.0632308039792354,0.23041537427600822,tangled_rope,tangled_rope,True
ukr_mobilization,moderate,0.752415,0.22486016435518638,0.18147637126835298,0.6345933992411678,0.09983536695086889,0.27977907549393977,tangled_rope,tangled_rope,True
ukr_mobilization,institutional,-0.028731,11.812899409678407,16.418440828858813,2.9864105768702034,1.8449735853159266,0.6150123388696648,tangled_rope,rope,False
ukr_mobilization,analytical,0.931553,3.5018560553388705,0.5608835591270375,1.4142788275804756,0.4795532053478575,0.4295876049496524,tangled_rope,tangled_rope,True
ukraine_tight_gas_pilot,powerless,0.2704,2.7876738233464087,0.3970092214473974,1.1473930993360764,0.3201990980563005,0.29268257175318757,tangled_rope,tangled_rope,True
ukraine_tight_gas_pilot,moderate,0.575376,0.057707594538411414,0.061295890922908415,0.34484686482406945,0.029656257715577946,0.16601679065891467,tangled_rope,tangled_rope,True
ukraine_tight_gas_pilot,institutional,0.151521,5.682177654985166,1.8886405194246128,1.3583779395581632,0.44383513378358963,0.2926919850860625,tangled_rope,tangled_rope,True
ukraine_tight_gas_pilot,analytical,0.712364,0.0008442050409779833,0.0008335699099327685,0.04089195602713298,0.000418023454152575,0.018305166171026566,tangled_rope,tangled_rope,True
ulysses_chp01,powerless,0.3536,2.128795211674458,3.5383085571743353,2.224133569325028,1.1143812959072412,0.877834349087212,snare,tangled_rope,False
ulysses_chp01,moderate,0.752415,0.028885422381342406,0.04499899106238173,0.26682740844083336,0.017772831123820693,0.05076770441485878,snare,snare,True
ulysses_chp01,institutional,-0.063203,22.664132874994248,20.580683730377427,3.1305731736005216,1.9889805757641346,0.9926859449303954,snare,rope,False
ulysses_chp01,analytical,0.931553,5.2766681093834595,4.28509133654873,2.759299543371896,1.6200306148665344,0.9791088668377607,snare,tangled_rope,False
ulysses_chp02,powerless,0.3536,2.0675345587256144,3.5540061783897015,2.20877737656828,1.1006389311502482,0.8713195283298368,snare,tangled_rope,False
ulysses_chp02,moderate,0.752415,0.028353592130581137,0.04512207917995465,0.26545349242335226,0.017590542910743495,0.049085973283786055,snare,snare,True
ulysses_chp02,institutional,-0.028731,22.67630421991045,20.64491028904636,3.12697017100933,1.985377647691493,0.9961376582944977,snare,rope,False
ulysses_chp02,analytical,0.931553,5.899566834737746,5.733631102256286,2.854695658576029,1.7140859289232635,0.9821289036596068,snare,piton,False
ulysses_chp04,powerless,0.56518,0.0487734083064664,0.049328865621335455,0.31320676320483615,0.024474538673038393,0.15573407673815115,tangled_rope,snare,False
ulysses_chp04,moderate,0.575376,0.06323375675176958,0.06372497592419347,0.3563063758469864,0.031654702452482655,0.1771157535987099,tangled_rope,snare,False
ulysses_chp04,institutional,0.151521,7.564420766081356,1.835887452113807,1.5120060875741974,0.5448323951986715,0.39548592533386623,tangled_rope,tangled_rope,True
ulysses_chp04,analytical,0.712364,0.0010811134094864897,0.0011654509829568185,0.04713314910187869,0.0005553577323109621,0.021392152008916032,tangled_rope,tangled_rope,True
ulysses_chp05,powerless,0.2704,3.705115663738418,0.5410761358850688,1.3542046046206728,0.44121699241478246,0.3929679953716248,tangled_rope,tangled_rope,True
ulysses_chp05,moderate,0.575376,0.06317230823630575,0.06374168518735344,0.35624290991837576,0.03164345650068084,0.1770532470677994,tangled_rope,snare,False
ulysses_chp05,institutional,-0.021971,9.538294283685563,11.742655729203673,2.5310511590249654,1.3988971686600122,0.8515052948782101,tangled_rope,rope,False
ulysses_chp05,analytical,0.712364,0.001044504832886698,0.00109955233030059,0.04610672060538768,0.0005314338844134175,0.021320774403396858,tangled_rope,tangled_rope,True
ulysses_chp06,powerless,0.130426,0.002640634598143455,0.0028211587870868985,0.07387364591088273,0.0013641737809860727,0.02206720974271087,rope,rope,True
ulysses_chp06,moderate,0.132779,0.00404472294338228,0.004384459181791617,0.09175458053878639,0.002104356632482425,0.027732807576831192,rope,rope,True
ulysses_chp06,institutional,-0.00507,0.14797255736781625,0.06760645438061232,0.4380710174363929,0.047785048088392346,0.08149417374577524,rope,rope,True
ulysses_chp06,analytical,0.164392,0.06349238822080525,0.08172898905797157,0.3787915546599925,0.03576366264283286,0.1341216558282825,rope,rope,True
ulysses_chp07,powerless,0.56518,0.04904751971961543,0.048958930927296314,0.313055811106459,0.024451001197903256,0.15560585534033133,tangled_rope,snare,False
ulysses_chp07,moderate,0.575376,0.06347343338222709,0.0630130080539833,0.35564081117847435,0.03153686520375284,0.17647443748855995,tangled_rope,snare,False
ulysses_chp07,institutional,-0.021971,10.853659763830636,12.139655634409499,2.8041717824354913,1.6641775326099064,0.9486541522243449,tangled_rope,rope,False
ulysses_chp07,analytical,0.712364,0.015648180060249383,0.027763072253015334,0.20163040579228025,0.010155099642399348,0.030589784771751838,tangled_rope,tangled_rope,True
ulysses_chp08,powerless,0.630393,0.001081197167905989,0.0007254482103111427,0.04158972186547024,0.00043241065873179306,0.004452706263462565,tangled_rope,tangled_rope,True
ulysses_chp08,moderate,0.620043,0.0009188175099849438,0.0007183023749774319,0.04000907535501082,0.00040016818243084404,0.0057066053333805905,tangled_rope,tangled_rope,True
ulysses_chp08,institutional,-0.024506,10.793679108958841,7.065704565319158,3.0646812593241726,1.9231075609486832,0.9458769237834161,tangled_rope,rope,False
ulysses_chp08,analytical,0.79456,0.11765703774766569,0.045166793653392885,0.3690706348155872,0.03395675748696878,0.051542041672066774,tangled_rope,tangled_rope,True
ulysses_chp09,powerless,0.56518,0.0002039967937259659,0.0002452499013907947,0.02109359977250649,0.00011123395674270265,0.0007003780190178999,tangled_rope,tangled_rope,True
ulysses_chp09,moderate,0.575376,0.0002743731016142729,0.00033813155156982966,0.024592718174676335,0.00015119854168298938,0.0008407569142409033,tangled_rope,tangled_rope,True
ulysses_chp09,institutional,0.082363,1.8656384286739662,9.403007551404908,2.323007463739256,1.2040790952441829,0.8436017589934698,tangled_rope,rope,False
ulysses_chp09,analytical,0.712364,0.00035952407207811345,0.0005516524804415883,0.028602757940930857,0.00020452595445623366,0.000446737848247442,tangled_rope,tangled_rope,True
ulysses_chp10,powerless,0.38041,0.003054266276828799,0.0022001901199444193,0.07175974007514331,0.0012872269707698844,0.005244269138082069,tangled_rope,tangled_rope,True
ulysses_chp10,moderate,0.387272,0.00434136094661994,0.0029029043608522977,0.08382928651221916,0.001756580127901394,0.005875534896274792,tangled_rope,tangled_rope,True
ulysses_chp10,institutional,0.140834,1.366323087900987,3.086799027928368,1.933271766896162,0.8638573224315902,0.7509294884082944,tangled_rope,rope,False
ulysses_chp10,analytical,0.479476,0.029254674943631636,0.007861618000592445,0.16346947914488058,0.006676849315733083,0.00821645199898624,tangled_rope,tangled_rope,True
ulysses_chp11,powerless,0.413016,0.0004909801252244756,0.0004505687295599714,0.030216463035452334,0.00022825431779171276,0.0005483482752362347,tangled_rope,tangled_rope,True
ulysses_chp11,moderate,0.420467,0.00072193351642639,0.0006839131120340436,0.03663752066046382,0.0003355675958158039,0.0006085596993946139,tangled_rope,tangled_rope,True
ulysses_chp11,institutional,-0.016056,3.181789293351769,6.65222332609449,2.6759800296320493,1.5385819321771255,0.9579053620689417,tangled_rope,rope,False
ulysses_chp11,analytical,0.520574,0.00963885718867528,0.024293562831004614,0.15571994285238175,0.006059113271970456,0.00662469969608963,tangled_rope,tangled_rope,True
ulysses_chp12,powerless,0.739082,0.14802423461972974,0.13629551615306779,0.5328414279504334,0.07056114227157698,0.2566355117755807,snare,tangled_rope,False
ulysses_chp12,moderate,0.578117,0.011491828060186044,0.011355330719210518,0.1511499360676927,0.005708857802659407,0.07497939724042912,snare,snare,True
ulysses_chp12,institutional,-0.028731,12.203407862365701,17.748313557225543,2.597170888659326,1.4622768655266114,0.846331396691825,snare,rope,False
ulysses_chp12,analytical,0.931553,4.190139216431334,0.7390938319590792,1.594769980387192,0.6028395634271096,0.5205825331681926,snare,tangled_rope,False
ulysses_chp13,powerless,0.3536,2.128795211674458,3.5383085571743353,2.224133569325028,1.1143812959072412,0.877834349087212,snare,tangled_rope,False
ulysses_chp13,moderate,0.752415,0.028885422381342406,0.04499899106238173,0.26682740844083336,0.017772831123820693,0.05076770441485878,snare,snare,True
ulysses_chp13,institutional,-0.028731,22.65430893492139,20.556628396005127,3.126814630901565,1.9852221117852262,0.9933506544707366,snare,rope,False
ulysses_chp13,analytical,0.931553,5.2766681093834595,4.28509133654873,2.759299543371896,1.6200306148665344,0.9791088668377607,snare,tangled_rope,False
ulysses_chp14,powerless,0.20439,0.5992260351906596,1.1134822078949267,1.257073002904753,0.3822222896517217,0.49414100762752033,mountain,rope,False
ulysses_chp14,moderate,0.179996,4.061033192104925e-09,4.060403452395464e-09,9.011901003424398e-05,2.0303591348941027e-09,1.627304273632557e-05,mountain,mountain,True
ulysses_chp14,institutional,-0.021488,0.7336118258121477,1.3419770674253062,1.3841762383508782,0.46016966188392167,0.5570127482268266,mountain,rope,False
ulysses_chp14,analytical,0.248404,8.072157166600306,3.386074305160207,2.743619418973635,1.604647907106081,0.9660444898802663,mountain,rope,False
ulysses_chp15,powerless,0.4056,1.106932736969036,0.7144873780248904,1.3165503444936248,0.4179028463801479,0.5560072762275472,piton,tangled_rope,False
ulysses_chp15,moderate,0.863064,0.26885312962072017,0.18526239576198125,0.6578663746466699,0.10722500333397053,0.27125760974117397,piton,piton,True
ulysses_chp15,institutional,0.227281,1.1349512959713925,3.110623918830301,1.4017139002882235,0.47142031184790945,0.5308148036637276,piton,tangled_rope,False
ulysses_chp15,analytical,1.068546,2.2109072796909452,0.49261350262780657,1.294056541608034,0.4042425383238521,0.39250129819489255,piton,piton,True
ulysses_chp16,powerless,0.597787,0.00010839699062868767,0.00012097414333353362,0.015112858944370946,5.709935467087789e-05,0.0005992280538084094,tangled_rope,tangled_rope,True
ulysses_chp16,moderate,0.608571,0.00012762719710216483,0.00014328561343406225,0.016413366316498697,6.734927046245611e-05,0.0006544996032313843,tangled_rope,tangled_rope,True
ulysses_chp16,institutional,-0.023239,3.840757546412861,12.459007865225226,2.842221155499283,1.701745194310667,0.9781144238722619,tangled_rope,rope,False
ulysses_chp16,analytical,0.753462,0.0015565663299236952,0.0018687190170352916,0.05622292205746152,0.0007902022007267865,0.0009588726682978757,tangled_rope,tangled_rope,True
ulysses_chp17,powerless,0.413016,0.0015549073336314282,0.0010734023896395058,0.050610039945049784,0.0006403098664987491,0.0023303005290457018,tangled_rope,tangled_rope,True
ulysses_chp17,moderate,0.420467,0.0021963791629358016,0.0013947809073310532,0.05877633664409683,0.0008636022794257192,0.0025866870515322106,tangled_rope,tangled_rope,True
ulysses_chp17,institutional,-0.016056,4.569665140489697,5.55691184402507,2.824024560430504,1.6837646665224055,0.9865295223234066,tangled_rope,rope,False
ulysses_chp17,analytical,0.520574,0.014149527356071103,0.003384273863894288,0.10858545440607066,0.0029469762202323107,0.0034288697728726268,tangled_rope,tangled_rope,True
ulysses_chp18,powerless,0.413016,0.0015521446224157334,0.0010715650183877419,0.05056603835370211,0.0006391970080601886,0.0023268629897549298,tangled_rope,tangled_rope,True
ulysses_chp18,moderate,0.420467,0.002192465869939665,0.001392393288885272,0.05872529556972363,0.0008621031426653984,0.0025827988827581416,tangled_rope,tangled_rope,True
ulysses_chp18,institutional,-0.027894,4.782404700992853,5.578817475682021,2.8444366088150765,1.7039360569457376,0.9885018899946951,tangled_rope,rope,False
ulysses_chp18,analytical,0.520574,0.014117852504598806,0.003366900995867142,0.10842682148688759,0.0029383741188763034,0.003419799214119329,tangled_rope,tangled_rope,True
un_high_seas_treaty_2026,powerless,0.467997,0.3247085678505757,0.2151331187931338,0.7227793432184203,0.12918725072193118,0.27408922230321386,tangled_rope,tangled_rope,True
un_high_seas_treaty_2026,moderate,0.641765,0.00014720511567843303,0.00014918500633564693,0.01721181580207176,7.406119370805863e-05,0.007970301462721041,tangled_rope,tangled_rope,True
un_high_seas_treaty_2026,institutional,-0.024506,8.740910410076559,14.215728010451755,2.6224495241756163,1.4866670145259373,0.8998761965159114,tangled_rope,rope,False
un_high_seas_treaty_2026,analytical,0.79456,0.6609021777559156,0.32471147142960155,0.9441391753318671,0.21874181676951296,0.3185068097297649,tangled_rope,tangled_rope,True
unclos_2026,powerless,0.56518,0.015872216520847984,0.01878779088151114,0.1856745111663598,0.008612567556066503,0.05501930328651883,tangled_rope,tangled_rope,True
unclos_2026,moderate,0.524479,0.00021989502635341149,0.00022495756805304993,0.021090502530802503,0.00011120129375781864,0.0055392496575960015,tangled_rope,tangled_rope,True
unclos_2026,institutional,0.021396,3.111938451073382,10.545038637606748,2.354521286790907,1.2330875649148654,0.8425603014212791,tangled_rope,rope,False
unclos_2026,analytical,0.712364,0.0003898028284946038,0.00046152477347610006,0.02864727877977024,0.0002051631376158526,0.00579000993126981,tangled_rope,tangled_rope,True
unconditional_university_offers_uk,powerless,0.56518,0.015735682030402015,0.01863339133175189,0.18489135306452306,0.008540118377482935,0.054556274914784875,tangled_rope,tangled_rope,True
unconditional_university_offers_uk,moderate,0.575376,0.020899998923317203,0.025277630213041264,0.21415937858789622,0.011455108168398169,0.06441714067843596,tangled_rope,tangled_rope,True
unconditional_university_offers_uk,institutional,-0.021971,3.757999189346797,11.760093726149362,2.595835431515737,1.4609907014487429,0.922272834686685,tangled_rope,rope,False
unconditional_university_offers_uk,analytical,0.712364,0.00035312701733769634,0.0003966827466325528,0.026941111476974387,0.000181453128067164,0.00573448843836008,tangled_rope,tangled_rope,True
uneven_risk_distribution,powerless,0.630393,0.0008856784689267521,0.0008884636906138897,0.042120268759333904,0.0004435128671480704,0.020918683649674086,tangled_rope,tangled_rope,True
uneven_risk_distribution,moderate,0.641765,0.0001521879877267945,0.0001522859434725551,0.017448057859343686,7.61081980556502e-05,0.008649145410708214,tangled_rope,tangled_rope,True
uneven_risk_distribution,institutional,-0.008431,10.630476628327731,14.100476539047882,2.6820048145797393,1.5444462699140413,0.882221239138605,tangled_rope,rope,False
uneven_risk_distribution,analytical,0.79456,0.8028376410797939,0.4284104839559752,1.0665191470854087,0.27769066650385865,0.39874847665941904,tangled_rope,tangled_rope,True
union_protection_underperformance,powerless,0.2704,2.7876738233464087,0.3970092214473974,1.1473930993360764,0.3201990980563005,0.29268257175318757,tangled_rope,tangled_rope,True
union_protection_underperformance,moderate,0.575376,0.057707594538411414,0.061295890922908415,0.34484686482406945,0.029656257715577946,0.16601679065891467,tangled_rope,tangled_rope,True
union_protection_underperformance,institutional,-0.021971,7.603840595161866,11.77257670051977,2.5349928307613805,1.4026577645899743,0.8723447249451269,tangled_rope,rope,False
union_protection_underperformance,analytical,0.712364,0.0008442050409779833,0.0008335699099327685,0.04089195602713298,0.000418023454152575,0.018305166171026566,tangled_rope,tangled_rope,True
unrequited_love_protocol,powerless,0.630393,0.0008750404663001636,0.0008709770978205468,0.04178499306526079,0.0004364805341705849,0.0205389838765066,snare,snare,True
unrequited_love_protocol,moderate,0.641765,0.0001547761801719798,0.00015531276292620017,0.01760722340655693,7.750307845658095e-05,0.008558586029067228,snare,snare,True
unrequited_love_protocol,institutional,-0.024506,13.451264551256886,14.253966909424056,2.6459099470214937,1.5093763103179594,0.857166363758337,snare,rope,False
unrequited_love_protocol,analytical,0.79456,0.9832138324170167,0.6220743480444271,1.2382798182501984,0.37124420279070114,0.5192721647615954,snare,tangled_rope,False
unrwa_eviction_order,powerless,0.3016,4.913419709859274,0.9976192148909532,1.8013504719600217,0.7578382078243593,0.6245286172438945,snare,tangled_rope,False
unrwa_eviction_order,moderate,0.641765,0.00016426996337572764,0.00016785656282097117,0.018216179516110462,8.295672554950964e-05,0.008234130903001735,snare,snare,True
unrwa_eviction_order,institutional,-0.033992,14.494493808260126,14.6688558280964,2.699827176414166,1.5618179994399675,0.871926140462615,snare,rope,False
unrwa_eviction_order,analytical,0.79456,1.0252842239420819,0.6963920748577435,1.2882920739168253,0.4007742464903634,0.5543674708071646,snare,tangled_rope,False
us_ai_chip_export_controls,powerless,0.36032,2.6609656720850063,0.8164724036829348,1.5975927722139867,0.6048607515175466,0.5621001846431233,snare,tangled_rope,False
us_ai_chip_export_controls,moderate,0.641765,0.00015185079539423992,0.00015153474309026715,0.01741733932311622,7.58404479548801e-05,0.008622443073721064,snare,snare,True
us_ai_chip_export_controls,institutional,-0.024506,13.350957086787304,14.597803227046715,2.7346517314615566,1.5958611790586013,0.8685857301558844,snare,rope,False
us_ai_chip_export_controls,analytical,0.79456,0.969506465585993,0.6018923508863953,1.2234604488959304,0.3626887956502722,0.5089088812727118,snare,tangled_rope,False
us_canada_geopolitical_asymmetry,powerless,0.56518,0.042112335326522934,0.04518869943713915,0.29532735713286623,0.021764970842837187,0.13858444791060787,tangled_rope,tangled_rope,True
us_canada_geopolitical_asymmetry,moderate,0.575376,0.05506568161293547,0.059378692976364736,0.33811141883291607,0.028511830460909913,0.15965401746202756,tangled_rope,tangled_rope,True
us_canada_geopolitical_asymmetry,institutional,-0.021971,7.449198902300622,11.971250557041431,2.6739698845728,1.5366262486165365,0.8958042226211117,tangled_rope,rope,False
us_canada_geopolitical_asymmetry,analytical,0.712364,0.0007925270754015961,0.0007697857440317467,0.03942510431366474,0.00038857212952567415,0.017164046997790172,tangled_rope,tangled_rope,True
us_china_chip_tariffs_v2,powerless,0.3016,4.553004315649656,0.8685549419369445,1.6978351020385958,0.678408036429523,0.5725781246656964,snare,tangled_rope,False
us_china_chip_tariffs_v2,moderate,0.641765,0.00015307661331721124,0.00015317378234686122,0.017498805592115422,7.655156093745314e-05,0.008585031042155411,snare,snare,True
us_china_chip_tariffs_v2,institutional,-0.024506,13.329546974072345,14.213703019261628,2.6382599983441137,1.501963718873946,0.8543300919553047,snare,rope,False
us_china_chip_tariffs_v2,analytical,0.79456,0.977698119148956,0.613718644442507,1.232258069100065,0.36775695928929264,0.5151062561416241,snare,tangled_rope,False
us_debt_ceiling,powerless,0.673869,0.016720291311210528,0.017621665772783637,0.18514932588831676,0.008563949461622207,0.0872007214065349,snare,snare,True
us_debt_ceiling,moderate,0.686025,0.03481994546981742,0.03695636398548933,0.2675610959099917,0.017870558345079623,0.12750004378569924,snare,snare,True
us_debt_ceiling,institutional,-0.026196,15.060954466303805,16.52791195664471,2.8814749792139103,1.7406150337824553,0.951883036723929,snare,rope,False
us_debt_ceiling,analytical,0.849357,2.7584725604129945,1.6151298204833677,1.8513637616038936,0.7974202233141578,0.6277030913001573,snare,tangled_rope,False
us_embargo_cuba,powerless,0.3536,1.8971008763932737,0.4795088596846334,1.2658050255263897,0.38737178622016255,0.38261589662961537,tangled_rope,tangled_rope,True
us_embargo_cuba,moderate,0.752415,0.20933043243091162,0.16339360244078985,0.6069035878371647,0.09137855011130291,0.256626938114361,tangled_rope,tangled_rope,True
us_embargo_cuba,institutional,-0.028731,9.336328656248567,17.466901261813504,2.520756788229447,1.3890867577776211,0.8409640512138626,tangled_rope,rope,False
us_embargo_cuba,analytical,0.970939,4.146694331707264,0.4904996302713146,1.3342043634429794,0.4287642462083237,0.38387559298573265,tangled_rope,tangled_rope,True
us_employer_health_insurance,powerless,0.3016,4.941662759353287,5.259148701374325,2.7797074943987456,1.6400863105029144,0.9823859739601983,snare,tangled_rope,False
us_employer_health_insurance,moderate,0.641765,1.7385760865537327e-05,1.9372927395924822e-05,0.006049468273620071,9.14900962272312e-06,0.00038344535556003416,snare,snare,True
us_employer_health_insurance,institutional,0.169004,16.212848974701352,13.907049891485526,3.0479123881553525,1.9063539865275885,0.9887367106680709,snare,rope,False
us_employer_health_insurance,analytical,0.79456,0.19078526702609316,0.46645535145306843,0.7472255228876346,0.13797033244972398,0.19978071892742078,snare,snare,True
us_foreign_policy_america_first,powerless,0.3016,4.590854111276769,0.8815254518754129,1.7084378767618853,0.6863846482101913,0.5779188458356345,snare,tangled_rope,False
us_foreign_policy_america_first,moderate,0.641765,0.0001547761801719798,0.00015531276292620017,0.01760722340655693,7.750307845658095e-05,0.008558586029067228,snare,snare,True
us_foreign_policy_america_first,institutional,-0.042575,13.569116173523632,14.879469592636685,2.7115374537944934,1.5732512146639879,0.8917163692905876,snare,rope,False
us_foreign_policy_america_first,analytical,0.79456,0.9832138324170167,0.6220743480444271,1.2382798182501984,0.37124420279070114,0.5192721647615954,snare,tangled_rope,False
us_greenland_envoy,powerless,0.56518,0.005812580690731037,0.004788464597289632,0.10259103727540714,0.002630653335200119,0.017471013618182263,snare,snare,True
us_greenland_envoy,moderate,0.575376,0.0072921444877564875,0.005844415263219623,0.11407671853348524,0.0032524924863924815,0.019050294161846892,snare,snare,True
us_greenland_envoy,institutional,-0.021971,22.183570099270483,11.900153244129807,3.1166286515297985,1.9750366461683306,0.9961183895326771,snare,rope,False
us_greenland_envoy,analytical,0.712364,0.020874400500790355,0.038365717357184415,0.23491226198417564,0.013780089329997476,0.03215717864207557,snare,snare,True
us_isolationism_policy_2026,powerless,0.3016,4.913419709859274,0.9976192148909532,1.8013504719600217,0.7578382078243593,0.6245286172438945,snare,tangled_rope,False
us_isolationism_policy_2026,moderate,0.641765,0.00016426996337572764,0.00016785656282097117,0.018216179516110462,8.295672554950964e-05,0.008234130903001735,snare,snare,True
us_isolationism_policy_2026,institutional,0.023865,14.171255666789484,11.628840376131869,2.454568777873045,1.3264081508562096,0.6978747696858757,snare,rope,False
us_isolationism_policy_2026,analytical,0.79456,1.0252842239420819,0.6963920748577435,1.2882920739168253,0.4007742464903634,0.5543674708071646,snare,tangled_rope,False
us_israel_faa_502b_nonenforcement,powerless,0.3016,5.046061112963211,1.09405938952672,1.8451966574503817,0.7924982412258834,0.6441313411725015,snare,tangled_rope,False
us_israel_faa_502b_nonenforcement,moderate,0.641765,0.0010229386604954979,0.0012013054453544813,0.04702956984504645,0.0005529196313976477,0.009139235226791054,snare,snare,True
us_israel_faa_502b_nonenforcement,institutional,-0.024506,15.225480917046255,14.922155869727314,2.859698342913896,1.7190381194434878,0.9406798652972304,snare,rope,False
us_israel_faa_502b_nonenforcement,analytical,0.79456,1.177185276077618,1.0131616402500843,1.4286512698570588,0.48892961006419766,0.5789042489396221,snare,tangled_rope,False
us_labor_mobility,powerless,0.24288,3.6134654598353495,0.6931017173943945,1.1941357987550094,0.3460246934115366,0.29411453628806605,tangled_rope,tangled_rope,True
us_labor_mobility,moderate,0.641765,0.0001293232520092051,0.00012974058866065924,0.016093575840562063,6.475044644603796e-05,0.0073525632212825265,tangled_rope,tangled_rope,True
us_labor_mobility,institutional,-0.024506,8.191518715328883,14.286488457519429,2.737569278465984,1.5987189695725423,0.911855134898928,tangled_rope,rope,False
us_labor_mobility,analytical,0.79456,0.5786828790715073,0.2719043947757168,0.8724395691540549,0.1872893242713274,0.2754683245445602,tangled_rope,tangled_rope,True
us_legal_standard_reasonable_doubt,powerless,0.630393,0.0008348389266855385,0.0008431999176051142,0.04096220011009432,0.0004194607963649924,0.01952256913061501,tangled_rope,tangled_rope,True
us_legal_standard_reasonable_doubt,moderate,0.641765,0.0001625215704105067,0.00016741717056133695,0.018154385656934523,8.239486389634455e-05,0.008075976335080615,tangled_rope,tangled_rope,True
us_legal_standard_reasonable_doubt,institutional,-0.024506,8.93562672046415,14.290334409376495,2.648949583325645,1.51232363366711,0.9088164531710502,tangled_rope,rope,False
us_legal_standard_reasonable_doubt,analytical,0.79456,0.6733080659449923,0.3350217973624727,0.9554784388751437,0.22392672699499724,0.3245478603281996,tangled_rope,tangled_rope,True
us_military_recruitment_advertising,powerless,0.56518,0.04904751971961543,0.048958930927296314,0.313055811106459,0.024451001197903256,0.15560585534033133,tangled_rope,snare,False
us_military_recruitment_advertising,moderate,0.575376,0.06347343338222709,0.0630130080539833,0.35564081117847435,0.03153686520375284,0.17647443748855995,tangled_rope,snare,False
us_military_recruitment_advertising,institutional,-0.03817,11.011631102896482,12.31224881975102,2.8464614177427974,1.705938709079921,0.9597386987592831,tangled_rope,rope,False
us_military_recruitment_advertising,analytical,0.712364,0.015648180060249383,0.027763072253015334,0.20163040579228025,0.010155099642399348,0.030589784771751838,tangled_rope,tangled_rope,True
us_sanctions_belarus_2022,powerless,0.3536,2.4549836296338534,0.7049497886110188,1.5011727343019434,0.5374218949359325,0.5088849715850213,snare,tangled_rope,False
us_sanctions_belarus_2022,moderate,0.578117,0.011525441905962575,0.011411543111402505,0.15144782443012375,0.0057313714025165295,0.0752880740435723,snare,snare,True
us_sanctions_belarus_2022,institutional,-0.028731,12.04303766223672,17.912920808949952,2.616626997397165,1.4810417255221746,0.8555970070828098,snare,rope,False
us_sanctions_belarus_2022,analytical,0.931553,4.1177474846409305,0.715825244404879,1.57502913900715,0.5887826528649771,0.5109202780060361,snare,tangled_rope,False
us_sanctions_icc_israel_case,powerless,0.630393,0.0008466731692892793,0.0008410906632607043,0.0410818129239425,0.0004219140031590942,0.019820265502986045,snare,snare,True
us_sanctions_icc_israel_case,moderate,0.641765,0.0001525363479530036,0.00015351227808458668,0.01749107208157086,7.648391315304028e-05,0.008277779153339493,snare,snare,True
us_sanctions_icc_israel_case,institutional,-0.024506,14.256628436200211,14.142066532616486,2.639840037209176,1.5034941399120751,0.8386016405799808,snare,rope,False
us_sanctions_icc_israel_case,analytical,0.79456,1.017995896170704,0.6811414001011024,1.2794223714493755,0.39546359400473957,0.5491700697648784,snare,tangled_rope,False
us_sanctions_moex_2024,powerless,0.739082,0.12603554732165412,0.1057765404388226,0.48005556032438224,0.05733725788058754,0.2092503140108983,tangled_rope,tangled_rope,True
us_sanctions_moex_2024,moderate,0.752415,0.20568975003199022,0.15944478251825778,0.6004986537582717,0.08947444339639268,0.2514076028376482,tangled_rope,tangled_rope,True
us_sanctions_moex_2024,institutional,-0.049915,9.43776402614646,18.533315726195188,2.6532504222487514,1.5164957801390486,0.8830920382330697,tangled_rope,rope,False
us_sanctions_moex_2024,analytical,0.931553,3.0698509670620786,0.46863535930615424,1.3028101003107218,0.40953460845039724,0.3740849569319609,tangled_rope,tangled_rope,True
us_sdf_alliance_abandonment_2026,powerless,0.3536,0.29958830049807,3.1289695115393785,1.047648593243063,0.2681747574982631,0.26027931478091726,snare,snare,True
us_sdf_alliance_abandonment_2026,moderate,0.752415,0.0006200215078525038,0.0010189683754852825,0.03953493562353478,0.00039074005987706624,0.0010960496826628585,snare,snare,True
us_sdf_alliance_abandonment_2026,institutional,-0.054575,23.01875081785671,20.49116225308757,3.1412831863504596,1.9996905327619012,0.9997555910581143,snare,rope,False
us_sdf_alliance_abandonment_2026,analytical,0.931553,2.2710149339802292,8.295088363861689,2.4610190878411964,1.3324851113677574,0.8968198325949888,snare,piton,False
us_two_party_duopoly,powerless,0.3016,4.866100294040117,0.9774423367537308,1.7872237287327157,0.7467975011837821,0.6175892774107397,snare,tangled_rope,False
us_two_party_duopoly,moderate,0.641765,0.0001525363479530036,0.00015351227808458668,0.01749107208157086,7.648391315304028e-05,0.008277779153339493,snare,snare,True
us_two_party_duopoly,institutional,-0.024506,14.256628436200211,14.142066532616486,2.639840037209176,1.5034941399120751,0.8386016405799808,snare,rope,False
us_two_party_duopoly,analytical,0.79456,1.017995896170704,0.6811414001011024,1.2794223714493755,0.39546359400473957,0.5491700697648784,snare,tangled_rope,False
us_usmca_china_leverage,powerless,0.630393,0.0008803757077638319,0.0008765960840084718,0.04191603174942918,0.00043922235210688663,0.02071756204312203,snare,snare,True
us_usmca_china_leverage,moderate,0.641765,0.00015185079539423992,0.00015153474309026715,0.01741733932311622,7.58404479548801e-05,0.008622443073721064,snare,snare,True
us_usmca_china_leverage,institutional,0.010072,13.100457954313145,13.354424981620982,2.5961679021706403,1.4613108778323594,0.8102849839153209,snare,rope,False
us_usmca_china_leverage,analytical,0.79456,0.969506465585993,0.6018923508863953,1.2234604488959304,0.3626887956502722,0.5089088812727118,snare,tangled_rope,False
us_venezuela_oil_pressure,powerless,0.3744,1.0404845352473502,0.35102928082701373,1.0463732085244914,0.26753716823164553,0.3080244537159389,tangled_rope,tangled_rope,True
us_venezuela_oil_pressure,moderate,0.796674,0.3546203240199469,0.21747230033151105,0.7391063122396453,0.13502232367047132,0.26358937288468465,tangled_rope,tangled_rope,True
us_venezuela_oil_pressure,institutional,-0.030421,8.065309655223562,19.52300550859931,2.568864436309411,1.435067455892851,0.8774318787921832,tangled_rope,rope,False
us_venezuela_oil_pressure,analytical,0.98635,3.534003170996389,0.38001074084545255,1.1863026403009584,0.34163343131515833,0.3130251328974039,tangled_rope,tangled_rope,True
us_venezuela_plausible_deniability_2025,powerless,0.3016,4.913419709859274,0.9976192148909532,1.8013504719600217,0.7578382078243593,0.6245286172438945,snare,tangled_rope,False
us_venezuela_plausible_deniability_2025,moderate,0.641765,0.00016426996337572764,0.00016785656282097117,0.018216179516110462,8.295672554950964e-05,0.008234130903001735,snare,snare,True
us_venezuela_plausible_deniability_2025,institutional,-0.008431,14.3478752877149,13.583821096235797,2.6025615041582273,1.4674709391598948,0.8110577884407794,snare,rope,False
us_venezuela_plausible_deniability_2025,analytical,0.79456,1.0252842239420819,0.6963920748577435,1.2882920739168253,0.4007742464903634,0.5543674708071646,snare,tangled_rope,False
us_visa_lottery,powerless,0.2704,3.556700456197528,0.5152645280755648,1.3211429417288723,0.4207165517967485,0.3765726887082644,tangled_rope,tangled_rope,True
us_visa_lottery,moderate,0.575376,0.06268179334849551,0.06376316682470232,0.3555769454479713,0.03152556933235385,0.17639902736736968,tangled_rope,snare,False
us_visa_lottery,institutional,0.151521,7.215931015249727,1.8040365471292623,1.4787035695109354,0.5221890254869261,0.3765864446366697,tangled_rope,tangled_rope,True
us_visa_lottery,analytical,0.712364,0.0009585819283254864,0.0009528670010176377,0.04366779169313024,0.0004767000697220546,0.0209141862334305,tangled_rope,tangled_rope,True
us_wind_project_ban_2025,powerless,0.3016,4.4150418328014815,0.8462466970731837,1.6613684057330984,0.6512585852295211,0.552913398465324,snare,tangled_rope,False
us_wind_project_ban_2025,moderate,0.641765,0.00015281587019319367,0.00015250432357118173,0.017472516877281647,7.632172608469496e-05,0.008674696596917553,snare,snare,True
us_wind_project_ban_2025,institutional,-0.042575,13.39069572959277,14.929798396236713,2.8425986691144214,1.7021184918759205,0.8570785011159315,snare,rope,False
us_wind_project_ban_2025,analytical,0.79456,0.9572398659591479,0.5854293830228323,1.210605048534245,0.35534000866672316,0.49960505889860995,snare,tangled_rope,False
usc_26_469_passive_loss,powerless,0.2496,0.8808963367240037,0.18839895137528365,0.6354395117720772,0.10009952354167971,0.0849644603464679,tangled_rope,tangled_rope,True
usc_26_469_passive_loss,moderate,0.531116,0.06160357596796804,0.07959692719861608,0.37344131572494976,0.034763426668300096,0.13032292596581657,tangled_rope,tangled_rope,True
usc_26_469_passive_loss,institutional,-0.035234,3.933997688427133,10.575122313530876,2.575028060341507,1.4409827534653246,0.9134804525050176,tangled_rope,rope,False
usc_26_469_passive_loss,analytical,0.657567,0.1457551833004568,0.202579827847403,0.5840812178352905,0.08468327169313537,0.22254930936102735,tangled_rope,tangled_rope,True
utopia_apocalypse_fragility,powerless,0.277964,5.85229737426445,1.0213187032297526,1.8152200089463673,0.7687381895648788,0.6246321455444664,snare,tangled_rope,False
utopia_apocalypse_fragility,moderate,0.641765,0.00016426996337572764,0.00016785656282097117,0.018216179516110462,8.295672554950964e-05,0.008234130903001735,snare,snare,True
utopia_apocalypse_fragility,institutional,-0.024506,14.439798659048506,14.309590779546705,2.6658783839732627,1.5287587281306951,0.8519526812206717,snare,rope,False
utopia_apocalypse_fragility,analytical,0.79456,1.0252842239420819,0.6963920748577435,1.2882920739168253,0.4007742464903634,0.5543674708071646,snare,tangled_rope,False
value_alignment_drift,powerless,0.3016,3.6513526670256495,0.6261151528119804,1.4584846257636714,0.5086410661400566,0.4502029288429232,tangled_rope,tangled_rope,True
value_alignment_drift,moderate,0.641765,0.00017271783727567037,0.00017684232179662675,0.018688187110693054,8.731144908952934e-05,0.00875778503767266,tangled_rope,tangled_rope,True
value_alignment_drift,institutional,0.169004,8.195027546467124,2.046491778175688,1.597060983977357,0.6044797655250554,0.45026841067627316,tangled_rope,tangled_rope,True
value_alignment_drift,analytical,0.79456,0.8308048206968573,0.4552820126557925,1.0918570925667248,0.290708905972081,0.4143472056787668,tangled_rope,tangled_rope,True
value_extraction_plateau,powerless,0.3536,2.349027214435964,0.6591256469870675,1.4555801159412058,0.5067073505542731,0.48387844363629084,tangled_rope,tangled_rope,True
value_extraction_plateau,moderate,0.752415,0.2401538718394845,0.20242620250381624,0.6633277896389707,0.10899627863923711,0.304733994147321,tangled_rope,tangled_rope,True
value_extraction_plateau,institutional,0.045602,11.128538078379183,14.14474779160922,2.3477386649156777,1.2268278351902804,0.6954004673911072,tangled_rope,rope,False
value_extraction_plateau,analytical,0.931553,3.929244618224143,0.6644059468127301,1.5252079559763427,0.5539207619145186,0.48571833538170245,tangled_rope,tangled_rope,True
van_der_waerden,powerless,0.09084,1.3468414487096588e-06,1.300286930222996e-06,0.0016268102795383656,6.616278847186579e-07,2.513172465057334e-05,mountain,mountain,True
van_der_waerden,moderate,0.079998,1.5285891536206874e-13,1.5256865782383174e-13,5.527507362065157e-07,7.63483627406917e-14,8.765720815873124e-09,mountain,mountain,True
van_der_waerden,institutional,-0.00955,0.30441971905114545,1.611121073605155,1.047472365275063,0.26808661582108406,0.26372930977201436,mountain,mountain,True
van_der_waerden,analytical,0.110402,2.1603945683061705e-06,2.2546654458851707e-06,0.002100844510651439,1.1033868130839613e-06,3.43724292978687e-05,mountain,mountain,True
venezuela_oil_privatization_v1,powerless,0.3016,4.866100294040117,0.9774423367537308,1.7872237287327157,0.7467975011837821,0.6175892774107397,snare,tangled_rope,False
venezuela_oil_privatization_v1,moderate,0.641765,0.0001525363479530036,0.00015351227808458668,0.01749107208157086,7.648391315304028e-05,0.008277779153339493,snare,snare,True
venezuela_oil_privatization_v1,institutional,-0.024506,14.256628436200211,14.142066532616486,2.639840037209176,1.5034941399120751,0.8386016405799808,snare,rope,False
venezuela_oil_privatization_v1,analytical,0.79456,1.017995896170704,0.6811414001011024,1.2794223714493755,0.39546359400473957,0.5491700697648784,snare,tangled_rope,False
verification_bottleneck,powerless,0.434754,0.0012441368091713628,0.0017631826062129337,0.053875448489818775,0.0007255971089856668,0.0020144268940695187,tangled_rope,tangled_rope,True
verification_bottleneck,moderate,0.442597,0.0019706338199590163,0.003041331584356956,0.06901645212361474,0.0011906995000641268,0.0028551446336456173,tangled_rope,tangled_rope,True
verification_bottleneck,institutional,-0.016901,3.09941930944971,7.365622197971488,2.674446724128455,1.5370901267314108,0.954152757755615,tangled_rope,rope,False
verification_bottleneck,analytical,0.547972,0.03860578997651194,0.12153787002334665,0.3496544149635811,0.030486782424591956,0.039013255818026525,tangled_rope,tangled_rope,True
vertebrate_turning_point_2026,powerless,0.413016,0.0014033586598038628,0.0009686544637176258,0.04807866779778056,0.000577861745141654,0.0021029736813447707,tangled_rope,tangled_rope,True
vertebrate_turning_point_2026,moderate,0.420467,0.001982263129854536,0.001258631068652681,0.05583562805585069,0.0007793537188192981,0.0023342903873918293,tangled_rope,tangled_rope,True
vertebrate_turning_point_2026,institutional,-0.016056,4.471662202551352,5.647640148651337,2.8194505785550215,1.6792490550157504,0.9858335693733266,tangled_rope,rope,False
vertebrate_turning_point_2026,analytical,0.520574,0.012766563081502936,0.0030534751689522597,0.1031287692841698,0.0026582966762706962,0.003094042763034613,tangled_rope,tangled_rope,True
viral_emergence_covid19_exemplar,powerless,0.2704,3.6334502093829513,0.527269055829272,1.338080419773016,0.43116535805352857,0.3850601026427936,tangled_rope,tangled_rope,True
viral_emergence_covid19_exemplar,moderate,0.575376,0.06295467041429036,0.06377102488715672,0.3559756934391985,0.03159612836946664,0.17679068611482207,tangled_rope,snare,False
viral_emergence_covid19_exemplar,institutional,-0.021971,9.364214806137696,11.707055888617946,2.5214880265716118,1.389783088126282,0.8483596832844696,tangled_rope,rope,False
viral_emergence_covid19_exemplar,analytical,0.712364,0.0009842454912296983,0.0009939552983148788,0.04438902199579345,0.0004925760978399015,0.021119832043433262,tangled_rope,tangled_rope,True
viral_transmission_rates,powerless,0.3016,4.913419709859274,0.9976192148909532,1.8013504719600217,0.7578382078243593,0.6245286172438945,snare,tangled_rope,False
viral_transmission_rates,moderate,0.641765,0.00016426996337572764,0.00016785656282097117,0.018216179516110462,8.295672554950964e-05,0.008234130903001735,snare,snare,True
viral_transmission_rates,institutional,-0.033992,14.494493808260126,14.6688558280964,2.699827176414166,1.5618179994399675,0.871926140462615,snare,rope,False
viral_transmission_rates,analytical,0.79456,1.0252842239420819,0.6963920748577435,1.2882920739168253,0.4007742464903634,0.5543674708071646,snare,tangled_rope,False
visibility_bias_governance,powerless,0.3016,4.808084625461087,1.0093407790628242,1.7746810236778667,0.7370471772506091,0.6085895833357491,snare,tangled_rope,False
visibility_bias_governance,moderate,0.641765,0.0009233382751110204,0.0010810063426155113,0.04464607443928956,0.0004982972976515653,0.00944320487899536,snare,snare,True
visibility_bias_governance,institutional,0.063872,13.955131281062183,12.078569630294671,2.5562467925023395,1.422974960244717,0.7863316622853367,snare,rope,False
visibility_bias_governance,analytical,0.79456,1.124995867804222,0.9070384180175927,1.3750290911144634,0.45434856928577155,0.5503177183668071,snare,tangled_rope,False
vision_of_the_cross,powerless,0.630393,0.0019127760988120425,0.002058771462272675,0.06295832042726206,0.0009908557006930363,0.020682184291536065,snare,snare,True
vision_of_the_cross,moderate,0.641765,0.0023482497200058797,0.002786083902097364,0.07144508906816459,0.0012759644911210946,0.010781091615148009,snare,snare,True
vision_of_the_cross,institutional,-0.042575,15.507690794003423,14.852745008013649,2.945962379012445,1.8046815348109118,0.9669188813629794,snare,rope,False
vision_of_the_cross,analytical,0.79456,1.356142387921956,1.2978093297828939,1.5579657186040277,0.5767429914769369,0.5905567275459643,snare,tangled_rope,False
vns_implant_for_trd,powerless,0.2704,3.705115663738418,0.5410761358850688,1.3542046046206728,0.44121699241478246,0.3929679953716248,tangled_rope,tangled_rope,True
vns_implant_for_trd,moderate,0.575376,0.06317230823630575,0.06374168518735344,0.35624290991837576,0.03164345650068084,0.1770532470677994,tangled_rope,snare,False
vns_implant_for_trd,institutional,-0.021971,9.538294283685563,11.742655729203673,2.5310511590249654,1.3988971686600122,0.8515052948782101,tangled_rope,rope,False
vns_implant_for_trd,analytical,0.712364,0.001044504832886698,0.00109955233030059,0.04610672060538768,0.0005314338844134175,0.021320774403396858,tangled_rope,tangled_rope,True
weierstrass_function,powerless,0.13626,2.730279028570617e-05,3.5949374266308514e-05,0.007896875560758833,1.5590140650892342e-05,7.623432689174425e-05,mountain,mountain,True
weierstrass_function,moderate,0.119997,4.132238557376591e-13,4.13497107665991e-13,9.088486839519166e-07,2.066924304130193e-13,6.982801670218919e-09,mountain,mountain,True
weierstrass_function,institutional,-0.014325,0.10340849699810349,0.6392197195539203,0.6237856691241498,0.09649112264130194,0.09863579103813724,mountain,mountain,True
weierstrass_function,analytical,0.165603,0.0013112644818884492,0.0036172414796492025,0.06371445995193167,0.0010147972723359908,0.0015034062402410342,mountain,mountain,True
whitehead_problem_undecidability,powerless,0.13626,2.730279028570617e-05,3.5949374266308514e-05,0.007896875560758833,1.5590140650892342e-05,7.623432689174425e-05,mountain,mountain,True
whitehead_problem_undecidability,moderate,0.119997,4.132238557376591e-13,4.13497107665991e-13,9.088486839519166e-07,2.066924304130193e-13,6.982801670218919e-09,mountain,mountain,True
whitehead_problem_undecidability,institutional,-0.014325,0.10340849699810349,0.6392197195539203,0.6237856691241498,0.09649112264130194,0.09863579103813724,mountain,mountain,True
whitehead_problem_undecidability,analytical,0.165603,0.0013112644818884492,0.0036172414796492025,0.06371445995193167,0.0010147972723359908,0.0015034062402410342,mountain,mountain,True
wikipedia_noncommercial_model,powerless,0.413016,0.0014018124872959433,0.0009676052264889008,0.04805247203803454,0.0005772322486817649,0.002100712199553989,tangled_rope,tangled_rope,True
wikipedia_noncommercial_model,moderate,0.420467,0.0019800740022140675,0.0012572624718624958,0.055805177411820145,0.0007785039455485189,0.0023316486838093065,tangled_rope,tangled_rope,True
wikipedia_noncommercial_model,institutional,-0.016056,4.471551339400721,5.648665940017088,2.8194950034928024,1.679292904999877,0.9858517329169382,tangled_rope,rope,False
wikipedia_noncommercial_model,analytical,0.520574,0.012750054022197997,0.0030449816352485413,0.10304488139144137,0.0026539747222977237,0.0030895978423567433,tangled_rope,tangled_rope,True
wikipedia_notability_requirement_2026,powerless,0.373408,1.3912543484159574,0.46932011150240904,1.2093862968077862,0.3546468310839784,0.3876651731204154,tangled_rope,tangled_rope,True
wikipedia_notability_requirement_2026,moderate,0.575376,0.06317230823630575,0.06374168518735344,0.35624290991837576,0.03164345650068084,0.1770532470677994,tangled_rope,snare,False
wikipedia_notability_requirement_2026,institutional,-0.021971,9.538294283685563,11.742655729203673,2.5310511590249654,1.3988971686600122,0.8515052948782101,tangled_rope,rope,False
wikipedia_notability_requirement_2026,analytical,0.712364,0.001044504832886698,0.00109955233030059,0.04610672060538768,0.0005314338844134175,0.021320774403396858,tangled_rope,tangled_rope,True
winners_curse,powerless,0.56518,0.04421875747633546,0.04683023926917067,0.301647858175195,0.022704768184582856,0.1445364428073025,tangled_rope,tangled_rope,True
winners_curse,moderate,0.575376,0.057707594538411414,0.061295890922908415,0.34484686482406945,0.029656257715577946,0.16601679065891467,tangled_rope,tangled_rope,True
winners_curse,institutional,-0.030475,7.699209235997402,12.017549440275415,2.575528083953054,1.4414628651926182,0.887837603106428,tangled_rope,rope,False
winners_curse,analytical,0.712364,0.0008442050409779833,0.0008335699099327685,0.04089195602713298,0.000418023454152575,0.018305166171026566,tangled_rope,tangled_rope,True
winter_olympics_2026,powerless,0.3016,4.808084625461087,1.0093407790628242,1.7746810236778667,0.7370471772506091,0.6085895833357491,snare,tangled_rope,False
winter_olympics_2026,moderate,0.641765,0.0009233382751110204,0.0010810063426155113,0.04464607443928956,0.0004982972976515653,0.00944320487899536,snare,snare,True
winter_olympics_2026,institutional,-0.024506,14.556476628424956,14.840878796505175,2.8699970829351584,1.7292384107288452,0.950623097188688,snare,rope,False
winter_olympics_2026,analytical,0.79456,1.124995867804222,0.9070384180175927,1.3750290911144634,0.45434856928577155,0.5503177183668071,snare,tangled_rope,False
working_dog_training,powerless,0.630393,0.0008962467787667767,0.0008942919344098224,0.04231405222912535,0.000447603057307684,0.021102970920286013,snare,snare,True
working_dog_training,moderate,0.641765,0.00015503196632926474,0.00015452282735853312,0.017591183074102065,7.736193174248981e-05,0.008764878439966983,snare,snare,True
working_dog_training,institutional,-0.024506,13.161586304245796,13.891542064506849,2.9336760795153842,1.7924577272886921,0.7274456705616384,snare,rope,False
working_dog_training,analytical,0.624741,0.0012467562151965324,0.0012436261282617663,0.04990329546664948,0.0006225524242999247,0.024883267670028353,snare,snare,True
world_factbook_sunset_2026,powerless,0.413016,0.0004909801252244756,0.0004505687295599714,0.030216463035452334,0.00022825431779171276,0.0005483482752362347,tangled_rope,tangled_rope,True
world_factbook_sunset_2026,moderate,0.420467,0.00072193351642639,0.0006839131120340436,0.03663752066046382,0.0003355675958158039,0.0006085596993946139,tangled_rope,tangled_rope,True
world_factbook_sunset_2026,institutional,-0.016056,3.181789293351769,6.65222332609449,2.6759800296320493,1.5385819321771255,0.9579053620689417,tangled_rope,rope,False
world_factbook_sunset_2026,analytical,0.520574,0.00963885718867528,0.024293562831004614,0.15571994285238175,0.006059113271970456,0.00662469969608963,tangled_rope,tangled_rope,True
worldscale_vlsfo_benchmark,powerless,0.56518,0.00022463015069293932,0.00021002032985438794,0.020589729412996388,0.00010598330327329408,0.0004223723461910687,tangled_rope,tangled_rope,True
worldscale_vlsfo_benchmark,moderate,0.575376,0.00030505167554817223,0.00028039637034866897,0.023772838813817563,0.00014128530282409927,0.0005043536266838333,tangled_rope,tangled_rope,True
worldscale_vlsfo_benchmark,institutional,-0.021971,6.307004574290662,8.854672145065994,3.031916841304403,1.8903791488930954,0.9975362656138251,tangled_rope,rope,False
worldscale_vlsfo_benchmark,analytical,0.712364,0.0008127662936067277,0.00015075631487750554,0.023268701510023727,0.00013535659067910564,0.00019602719505806832,tangled_rope,tangled_rope,True
yangtze_fishing_ban,powerless,0.3016,4.498073957461461,0.8615950909766986,1.6833630089868357,0.667580475863961,0.5646779459816035,snare,tangled_rope,False
yangtze_fishing_ban,moderate,0.641765,0.00015185079539423992,0.00015153474309026715,0.01741733932311622,7.58404479548801e-05,0.008622443073721064,snare,snare,True
yangtze_fishing_ban,institutional,-0.053908,13.565724352963711,15.220410773843724,2.8243483208667937,1.6840843582842038,0.8851761546473063,snare,rope,False
yangtze_fishing_ban,analytical,0.79456,0.969506465585993,0.6018923508863953,1.2234604488959304,0.3626887956502722,0.5089088812727118,snare,tangled_rope,False
yoneda_lemma,powerless,0.13626,3.4346537563711765e-05,4.5223191572931926e-05,0.008857106121077471,1.96120501570497e-05,9.590132227277337e-05,mountain,mountain,True
yoneda_lemma,moderate,0.119997,5.20001217344988e-13,5.201083342946381e-13,1.0198318143051182e-06,2.6001892869159244e-13,8.784403426886911e-09,mountain,mountain,True
yoneda_lemma,institutional,-0.014325,0.1284401449351297,0.7827068540665388,0.6936118460530667,0.11907367763998677,0.12101574044094598,mountain,mountain,True
yoneda_lemma,analytical,0.165603,0.0016492319606454511,0.004548428894057699,0.07145182586297744,0.0012762051067322904,0.0018905568153703145,mountain,mountain,True
yt_ai_slop_incentive,powerless,0.36032,2.7118475675170295,0.8449557578657944,1.6213381810969782,0.6219726701058518,0.5751977285933224,snare,tangled_rope,False
yt_ai_slop_incentive,moderate,0.641765,0.0001547761801719798,0.00015531276292620017,0.01760722340655693,7.750307845658095e-05,0.008558586029067228,snare,snare,True
yt_ai_slop_incentive,institutional,-0.024506,13.451264551256886,14.253966909424056,2.6459099470214937,1.5093763103179594,0.857166363758337,snare,rope,False
yt_ai_slop_incentive,analytical,0.79456,0.9832138324170167,0.6220743480444271,1.2382798182501984,0.37124420279070114,0.5192721647615954,snare,tangled_rope,False
zipfs_law,powerless,0.13626,3.4346537563711765e-05,4.5223191572931926e-05,0.008857106121077471,1.96120501570497e-05,9.590132227277337e-05,mountain,mountain,True
zipfs_law,moderate,0.119997,5.20001217344988e-13,5.201083342946381e-13,1.0198318143051182e-06,2.6001892869159244e-13,8.784403426886911e-09,mountain,mountain,True
zipfs_law,institutional,-0.014325,0.1284401449351297,0.7827068540665388,0.6936118460530667,0.11907367763998677,0.12101574044094598,mountain,mountain,True
zipfs_law,analytical,0.165603,0.0016492319606454511,0.004548428894057699,0.07145182586297744,0.0012762051067322904,0.0018905568153703145,mountain,mountain,True
zombie_reasoning_2026,powerless,0.3016,4.928948449620587,5.356893730283888,2.7815520797425966,1.6419009348983786,0.9825106471221605,snare,tangled_rope,False
zombie_reasoning_2026,moderate,0.641765,3.637454583930968e-05,4.2217694318609625e-05,0.008840994920427484,1.954076597573698e-05,0.00037323562914145895,snare,snare,True
zombie_reasoning_2026,institutional,-0.008431,22.770683506858504,16.56703628735832,3.1269014278360046,1.9853089063641185,0.9950639728256511,snare,rope,False
zombie_reasoning_2026,analytical,0.79456,0.2127243325798266,0.5677293685535186,0.7974388713520677,0.15688217219134454,0.21663957971057335,snare,snare,True
