constraint_id,h1_band,proj_v1,proj_v2,proj_v3,proj_v4,efrac_v1,efrac_v2,efrac_v3,efrac_v4
absorbing_markov_chains,0,-0.24235677819369053,0.03842524726328298,0.01955261072191807,0.00012121586922809792,-1.4026356515079525e-13,0.019226263178897328,0.979866164292934,0.0009075725283089431
abstraction_boundary_overrun,0,-0.9721286829888861,0.21142459796327703,0.0011346387026365944,0.026417696102694052,-5.165020870988508e-14,0.013321790566952369,7.552008566555823e-05,0.9866026893474337
academic_fashion_modernism_2026,0,-0.9523121441723569,0.32442747213927203,0.3460659417486565,0.053270744370479794,-4.4781536874348765e-15,0.0028340179920727008,0.6347179644570927,0.36244801755083894
academic_peer_review_gatekeeping,0,-0.9412380777324816,0.331336430537654,0.3267887086218606,0.2453752464762603,-5.296785291948394e-16,0.00035791407710221104,0.06852833782084734,0.931113748102051
academic_tenure_system,0,-0.9444868177341625,0.32930958614037353,0.33244396802641374,0.1890185699218546,-8.549916854739623e-16,0.0005667686825482546,0.11369195268942718,0.8857412786280255
access_arbitrage,0,-1.055301733734281,0.15704016054219763,0.14185481373674347,0.030971628081433195,-2.3927068971702675e-14,0.002889246981174138,0.4640310856231999,0.5330796673956499
acip_hep_b_infant_mandate,0,-0.5449378517012989,0.09973657479701471,0.023657906272379476,0.018282987932494967,-3.1927094461231657e-14,0.005831782981301806,0.06458635591776946,0.9295818611009607
ad_fus_coordination,0,-0.766141337527077,0.11790530807382285,0.09488848968972831,0.11007580718141576,-1.81641597400929e-15,0.00023458014211294594,0.029905241297728053,0.9698601785601607
ad_synaptic_deficit,0,-1.1105746266144525,0.38406229698354555,0.39541116406836846,0.16531805580755238,-1.4087154567800047e-15,0.00091866706082568,0.19166744842386174,0.807413884515314
adaptive_lag_trap,3,-1.04735891952594,0.16199557355416103,0.12802832262723743,0.16875754232498497,-1.4541336000621393e-15,0.00018969092001557968,0.02332104842713877,0.976489260652847
adversarial_surface_inflation,0,-0.853797256075973,0.2908657393366836,0.31026641893939594,0.04775993288088355,-4.478151080995807e-15,0.002834010007081781,0.6347190007806824,0.3624469892122403
adversarial_truth_decay,0,-1.0992014327636876,0.3911578768771905,0.3756132234972349,0.36261159327329834,-3.4003450091039573e-16,0.00023480080509878973,0.04261601927019029,0.9571491799247112
advice_as_dangerous_gift,0,-1.0527175977088408,0.19129537291224222,0.07424241653024156,0.038272278769925096,-2.518493057187462e-14,0.004534745638573606,0.13444476989612636,0.8610204844653252
agentive_optimism_2026,5,-1.1828693859056862,0.17126413672663268,0.15062736775613636,0.05245811569474067,-1.4621866529791446e-14,0.0016714334908323665,0.2544835569294361,0.7438450095797462
agg1_genetic_determinism,5,-0.9503333365171555,0.3256620231366326,0.34262132303614373,0.08759759814451565,-2.7784385029257203e-15,0.0017791399123038526,0.38761480565544504,0.6106060544322539
aging_well_assessment,0,-1.0543747077291157,0.15761851937169166,0.14024108886763612,0.04705297183427046,-1.4159800798927584e-14,0.001725475036665025,0.2688688291525606,0.7294056958107885
ai_adoption_stigma,0,-0.853797256075973,0.2908657393366836,0.31026641893939594,0.04775993288088355,-4.478151080995807e-15,0.002834010007081781,0.6347190007806824,0.3624469892122403
ai_auditability_gap,5,-1.1857970216685072,0.16941796071496126,0.17293652190125103,0.05493195022916132,-1.2747312142291304e-14,0.00141887396060859,0.29100072544139083,0.7075804005980133
ai_banal_capture,0,-0.9533461853407827,0.3237823480149355,0.34786595376544155,0.03533298276358946,-5.584638493752696e-15,0.0035125874422724888,0.7980688718459489,0.1984185407117842
ai_driven_surveillance_sensor_layer,0,-1.1177165439191394,0.3796065525819142,0.4078434901341583,0.04142549336478814,-5.5845946245652795e-15,0.003512551538110606,0.7980646714969695,0.19842277696492552
ai_evaluators_matching,5,-1.170975455973531,0.17896099981883537,0.14761823881609112,0.1402183057887181,-2.576843973207901e-15,0.00032819831137399715,0.04395368576338785,0.9557181159252407
ai_performance_watermark,0,-1.0543747077291157,0.15761851937169166,0.14024108886763612,0.04705297183427046,-1.4159800798927584e-14,0.001725475036665025,0.2688688291525606,0.7294056958107885
ai_professional_displacement,0,-1.170975455973531,0.17896099981883537,0.14761823881609112,0.1402183057887181,-2.576843973207901e-15,0.00032819831137399715,0.04395368576338785,0.9557181159252407
ai_religion_regulation,0,-0.9533461853407827,0.3237823480149355,0.34786595376544155,0.03533298276358946,-5.584638493752696e-15,0.0035125874422724888,0.7980688718459489,0.1984185407117842
ai_scholar_citation_trap,0,-1.0543747077291157,0.15761851937169166,0.14024108886763612,0.04705297183427046,-1.4159800798927584e-14,0.001725475036665025,0.2688688291525606,0.7294056958107885
ai_superpowers_race_2026,0,-1.176033095598477,0.17580560771851908,0.1564223487291704,0.0524822110798934,-1.4159795036519278e-14,0.0017254816136691316,0.26886743627467824,0.7294070821116668
ai_task_horizon_reliability,6,-0.7715512313357434,0.344671817928269,0.17115996877439643,0.02712465714930714,-1.1644569851706578e-14,0.012671629649723435,0.6150650240406065,0.37226334630968166
ai_training_data_dependency,0,-0.8520231506876077,0.29197257939305404,0.3071781366585639,0.0785357670485302,-2.7784372129194085e-15,0.0017791351433405253,0.3876154870894801,0.6106053777671823
airport_slot_use_it_or_lose_it,3,-1.0462444166893086,0.1626908966114112,0.12608824658390969,0.1880910919012863,-1.174116195000383e-15,0.0001548097416067132,0.018302765000910565,0.9815424252574839
algeria_france_colonial_legacy,6,-0.8810452631272322,0.37105089758266,0.22552901771092349,0.035390102168738585,-8.847200391685042e-15,0.00855664284604147,0.6222100204957642,0.3692333366582031
algorithmic_bias,0,-1.0444462185823695,0.16381276778496276,0.12295802479015133,0.21928486827029997,-8.656597178066575e-16,0.00011611746613633575,0.0128769059045653,0.9870069766292993
algorithmic_epistemic_capture,0,-1.0842973477395164,0.23581994731179487,0.0012654973409526337,0.029465992879792447,-5.164985550654673e-14,0.013321723174918022,7.551226811269195e-05,0.9866027645570209
alignment_tax_tradeoff,0,-0.9472545045474109,0.3275828642395883,0.33726183183557723,0.1410068390793045,-1.4087112739667004e-15,0.0009186667385182146,0.1916662925297213,0.8074150407317618
alternative_sovereignty_scaffold,0,-0.5468922492719742,0.09787872085310577,0.039222300969761904,0.38699972675318234,-7.717265632876988e-17,1.3479180568097513e-05,0.00042603842376820266,0.9995604823956638
altruistic_misery_paradox_2026,0,-0.9721286829888861,0.21142459796327703,0.0011346387026365944,0.026417696102694052,-5.165020870988508e-14,0.013321790566952369,7.552008566555823e-05,0.9866026893474337
alzheimers_levetiracetam,5,-0.8438687669292269,0.2970599877499547,0.2929833548619111,0.21999182931691308,-5.296775924540106e-16,0.0003579126934042574,0.06852836828629799,0.9311137190202983
amish_technological_renunciation,3,-1.2687283778245981,0.18023069595768973,0.1573861729130214,0.05606093474035315,-1.489672119451022e-14,0.0016392225133519446,0.24604200245965627,0.7523187750270066
ancestral_pueblo_hydrology,0,-1.1165042395242126,0.38036289269204454,0.4057331655692364,0.06245563016706634,-4.478132654015137e-15,0.00283399769960409,0.6347167236926957,0.36244927860770465
ancient_grudge_verona,0,-0.9523121441723569,0.32442747213927203,0.3460659417486565,0.053270744370479794,-4.4781536874348765e-15,0.0028340179920727008,0.6347179644570927,0.36244801755083894
anticipatory_capacity_failure,5,-1.176033095598477,0.17580560771851908,0.1564223487291704,0.0524822110798934,-1.4159795036519278e-14,0.0017254816136691316,0.26886743627467824,0.7294070821116668
antifragility,0,-0.5580852361870552,0.09108232584647481,0.0458081311198848,0.05240678988202475,-4.24693190714123e-15,0.0006168356466692011,0.030710161424051266,0.9686730029292837
antikythera_knowledge_loss,0,-0.5099509150249829,-0.34769766972337673,0.35104991190269047,0.030238921975319837,-1.6608061854566636e-15,0.004210103492496166,0.8447392248896204,0.15105067161788507
apartheid_nuclear_program,5,-1.1165042395242126,0.38036289269204454,0.4057331655692364,0.06245563016706634,-4.478132654015137e-15,0.00283399769960409,0.6347167236926957,0.36244927860770465
ape_cognition_framework,0,-0.853797256075973,0.2908657393366836,0.31026641893939594,0.04775993288088355,-4.478151080995807e-15,0.002834010007081781,0.6347190007806824,0.3624469892122403
appropriations_brinkmanship,6,-0.9528550029096244,0.3240887900072527,0.34701092564323965,0.04385364289264695,-5.056426080250589e-15,0.003189664854547414,0.7197787889000349,0.2770315462454228
arctic_geopolitical_flashpoint,5,-0.9412380777324816,0.331336430537654,0.3267887086218606,0.2453752464762603,-5.296785291948394e-16,0.00035791407710221104,0.06852833782084734,0.931113748102051
arg_ev_tariff,5,-0.8520231506876077,0.29197257939305404,0.3071781366585639,0.0785357670485302,-2.7784372129194085e-15,0.0017791351433405253,0.3876154870894801,0.6106053777671823
armra_colostrum_regulation,3,-1.0300085568292283,0.17282022723664073,0.09782559733613426,0.46973846972892713,-1.8554459772765548e-16,2.8482807931097285e-05,0.001796364181380464,0.9981751530106887
arrows_impossibility_theorem,0,-1.0511217329027922,0.1596480058180729,0.1345784576722123,0.10348311091338204,-3.725454352867579e-15,0.00046862690645505943,0.06554612622693803,0.9339852468666106
artificial_scarcity_scaffold,0,-0.5677407488053884,0.08487162750333292,0.0755144243764232,0.02533577573175244,-1.4160186195104529e-14,0.0017255235900219144,0.2688755954914372,0.7293988809185551
artificial_snow_2026,0,-1.0155105759165182,0.2824436137012897,0.2924939468471535,0.053047993362916795,-6.248251022637371e-15,0.0026356036190414733,0.5563473892470203,0.4410170071339445
asean_ceasefire_2011,0,-0.7707384041579466,0.3460432332191947,0.3806736785608071,0.048052684495775905,-2.7512695537508012e-15,0.003024174690365088,0.7203566374475917,0.27661918786204587
asshole_filter_2015,5,-0.9904801469427791,0.19941890753759953,0.03217330609136363,0.031022022207970693,-3.7415667408237655e-14,0.008270306800942632,0.04237171565242429,0.9493579775466705
asymmetric_burden_distribution,0,-0.9069756583049653,0.35408700315431907,0.26938627690299866,0.041895958907848974,-6.635305162381137e-15,0.005514633050962574,0.6282656210062221,0.366219745942822
asymmetric_computational_difficulty,0,-1.2806959127276396,0.4362985911533423,0.46539967821849165,0.07163940295291515,-4.4781731654659874e-15,0.0028340236247462176,0.6347222384637734,0.36244373791148476
atrophied_optimization_piton,0,-0.36536761472964396,0.054316391088347425,0.04922689334519816,0.009496645696694466,-2.6969681151592057e-14,0.0032501584522980223,0.5254643913449935,0.4712854502027355
attention_as_bottleneck_resource,0,-0.8547242820811383,0.29028738050718955,0.3118801438085033,0.03167858912804629,-5.584578857667388e-15,0.003512543127161702,0.7980617871445408,0.19842566972830317
attention_market_cannibalization,0,-0.9533461853407827,0.3237823480149355,0.34786595376544155,0.03533298276358946,-5.584638493752696e-15,0.0035125874422724888,0.7980688718459489,0.1984185407117842
attribution_ambiguity_triplet_sc,0,-0.7705046375927496,0.1151831049159259,0.10248392475640473,0.03438458831388831,-1.4159964017488398e-14,0.0017255049407949787,0.26887217152015264,0.7294023235390665
attritional_warfare_doctrine_ru_ua_2026,5,-1.2806959127276396,0.4362985911533423,0.46539967821849165,0.07163940295291515,-4.4781731654659874e-15,0.0028340236247462176,0.6347222384637734,0.36244373791148476
au_social_media_ban_u16,0,-0.8438687669292269,0.2970599877499547,0.2929833548619111,0.21999182931691308,-5.296775924540106e-16,0.0003579126934042574,0.06852836828629799,0.9311137190202983
australia_social_ban_2026,0,-0.8492628462038035,0.2936946955595961,0.3023731236740263,0.12641943484125523,-1.4087199131874208e-15,0.0009186701776864633,0.19166795008230714,0.8074133797400078
authoritarian_power_paradox,0,-0.9533461853407827,0.3237823480149355,0.34786595376544155,0.03533298276358946,-5.584638493752696e-15,0.0035125874422724888,0.7980688718459489,0.1984185407117842
automatic_enrollment_defaults,3,-0.64599748616068,0.09888849675529447,0.08871628531338152,0.028965267938594965,-1.3817384691001925e-14,0.0017655611014408563,0.2797007378973666,0.7185337010012063
availability_heuristic,0,-1.176033095598477,0.17580560771851908,0.1564223487291704,0.0524822110798934,-1.4159795036519278e-14,0.0017254816136691316,0.26886743627467824,0.7294070821116668
average_is_over_2026,0,-1.1777156944381504,0.17475585734474394,0.15935134055591865,0.023293763087985184,-3.345782227539777e-14,0.004017049983835009,0.657432105149365,0.3385508448668334
awareness_without_leverage,0,-0.8547242820811383,0.29028738050718955,0.3118801438085033,0.03167858912804629,-5.584578857667388e-15,0.003512543127161702,0.7980617871445408,0.19842566972830317
axiom_of_choice_determinacy,4,-0.24235677819369053,0.03842524726328298,0.01955261072191807,0.00012121586922809792,-1.4026356515079525e-13,0.019226263178897328,0.979866164292934,0.0009075725283089431
axiom_reasoner_2026,0,-0.9523121441723569,0.32442747213927203,0.3460659417486565,0.053270744370479794,-4.4781536874348765e-15,0.0028340179920727008,0.6347179644570927,0.36244801755083894
banach_fixed_point,0,-0.16157118546246033,0.025616831508855326,0.013035073814612034,8.081057948539804e-05,-1.4026356515079545e-13,0.019226263178897366,0.9798661642929339,0.0009075725283089317
banach_fixed_point_theorem,0,-0.24235677819369053,0.03842524726328298,0.01955261072191807,0.00012121586922809792,-1.4026356515079525e-13,0.019226263178897328,0.979866164292934,0.0009075725283089431
banach_tarski_paradox,0,-0.16157118546246033,0.025616831508855326,0.013035073814612034,8.081057948539804e-05,-1.4026356515079545e-13,0.019226263178897366,0.9798661642929339,0.0009075725283089317
bangladesh_july_national_charter,0,-0.9523121441723569,0.32442747213927203,0.3460659417486565,0.053270744370479794,-4.4781536874348765e-15,0.0028340179920727008,0.6347179644570927,0.36244801755083894
base_pair_complementarity,0,-0.16157118546246033,0.025616831508855326,0.013035073814612034,8.081057948539804e-05,-1.4026356515079545e-13,0.019226263178897366,0.9798661642929339,0.0009075725283089317
basel_problem_convergence,0,-0.16157118546246033,0.025616831508855326,0.013035073814612034,8.081057948539804e-05,-1.4026356515079545e-13,0.019226263178897366,0.9798661642929339,0.0009075725283089317
bayes_theorem,0,-1.0526006023407504,0.15872535942806212,0.1371528065868041,0.0778288060019171,-6.259515844852731e-15,0.0007761276610860058,0.11406322171818697,0.8851606506207332
bedouin_sedentary_transition,0,-0.9123572355589077,0.350970238800322,0.3799348859844043,0.053411570588870194,-3.628675104686734e-15,0.002928099531485099,0.6753972850649645,0.32167461540355397
beehiiv_platform_model,0,-1.0585634409958797,0.15483586828917426,0.1366903868799784,0.047038208104699414,-1.4474601758370458e-14,0.001688663041855637,0.2590427897284718,0.739268547229687
belief_argument_conclusion,0,-1.176033095598477,0.17580560771851908,0.1564223487291704,0.0524822110798934,-1.4159795036519278e-14,0.0017254816136691316,0.26886743627467824,0.7294070821116668
berkshire_compounding_culture,0,-0.7711820950808135,0.11476044846654324,0.10366321205812047,0.022632569834594066,-2.3927667339722926e-14,0.002889335468801033,0.4640433260051582,0.5330673385260647
bgs_eigenvector_thermalization,4,-0.7150133543925993,-0.0794071060067985,0.11413007412365414,0.037650389711096466,-1.008745730166232e-14,0.0006784207905860715,0.27585211797662057,0.7234694612328033
bgs_spectral_universality,0,-0.16157118546246033,0.025616831508855326,0.013035073814612034,8.081057948539804e-05,-1.4026356515079545e-13,0.019226263178897366,0.9798661642929339,0.0009075725283089317
bh_merger_gravitational_infall,0,-0.24235677819369053,0.03842524726328298,0.01955261072191807,0.00012121586922809792,-1.4026356515079525e-13,0.019226263178897328,0.979866164292934,0.0009075725283089431
big_data_astrophysics_arbitrage,0,-1.0304895840605317,0.2724927883389539,0.27979655348193294,0.052995197920620365,-6.7605692409053325e-15,0.002577704246821514,0.5349380554806532,0.462484240272532
biological_specification,0,-0.769901861809528,0.11555916847238376,0.1014346399828812,0.04484108524262681,-9.390049161503085e-15,0.0011535407775390331,0.17494133313643073,0.8239051260860397
bip_narrative_illusion,0,-0.8942367260884994,0.36242092555575983,0.24784034024378468,0.038699799827298806,-7.588162667011435e-15,0.006796497583543426,0.6256023078635462,0.36760119455291795
birthday_paradox_collison,0,-0.16157118546246033,0.025616831508855326,0.013035073814612034,8.081057948539804e-05,-1.4026356515079545e-13,0.019226263178897366,0.9798661642929339,0.0009075725283089317
blackstone_carried_interest_taxation,0,-0.9533461853407827,0.3237823480149355,0.34786595376544155,0.03533298276358946,-5.584638493752696e-15,0.0035125874422724888,0.7980688718459489,0.1984185407117842
blackstone_conflicts_of_interest,5,-1.1857970216685072,0.16941796071496126,0.17293652190125103,0.05493195022916132,-1.2747312142291304e-14,0.00141887396060859,0.29100072544139083,0.7075804005980133
blackstone_smd_control,6,-0.9513922143598356,0.32500140375135406,0.3444645696101973,0.06922898875759376,-3.593335299161772e-15,0.002286525451778465,0.505580594084178,0.49213288046404696
blackstone_tax_receiveable_agreement,3,-0.7616760345791194,0.10182270210233645,0.1025394106243025,0.03436172338849274,-1.3851949623987282e-14,0.0013498532786869845,0.26944782117283,0.7292023255484968
board_of_peace_2026,3,-1.0548613691988313,0.15731489794530626,0.1410882471049896,0.03861073791402057,-1.852681557960372e-14,0.00224686364356329,0.35572500911167276,0.6420281272447824
boe_base_rate_policy_2024,0,-0.853797256075973,0.2908657393366836,0.31026641893939594,0.04775993288088355,-4.478151080995807e-15,0.002834010007081781,0.6347190007806824,0.3624469892122403
boiled_pineapple_trend_2026,3,-0.3651445997075976,0.05445552710652992,0.048838678898941515,0.013365341085595436,-1.852657230911264e-14,0.0022468612427113247,0.3557261959987817,0.6420269427585256
boltzmann_universality_2026,4,-0.24235677819369053,0.03842524726328298,0.01955261072191807,0.00012121586922809792,-1.4026356515079525e-13,0.019226263178897328,0.979866164292934,0.0009075725283089431
bonbon_drop_sticker_craze,0,-0.853797256075973,0.2908657393366836,0.31026641893939594,0.04775993288088355,-4.478151080995807e-15,0.002834010007081781,0.6347190007806824,0.3624469892122403
boom_bust_path_dependency,0,-0.7671910017647918,0.1172504369305066,0.0967156976376984,0.09186702842257008,-2.5768518860558226e-15,0.0003281998695618054,0.04395407193782687,0.9557177281926139
borsuk_ulam_theorem,0,-0.16157118546246033,0.025616831508855326,0.013035073814612034,8.081057948539804e-05,-1.4026356515079545e-13,0.019226263178897366,0.9798661642929339,0.0009075725283089317
boundary_dissolution_risk,0,-1.176033095598477,0.17580560771851908,0.1564223487291704,0.0524822110798934,-1.4159795036519278e-14,0.0017254816136691316,0.26886743627467824,0.7294070821116668
brain_network_paradigm_2026,0,-0.7716070082290543,0.11449535097231558,0.10440288161507598,0.015261498943500991,-3.345761853297813e-14,0.004017033119880589,0.6574313213371381,0.33855164554301465
brazil_2026_general_elections,0,-0.853797256075973,0.2908657393366836,0.31026641893939594,0.04775993288088355,-4.478151080995807e-15,0.002834010007081781,0.6347190007806824,0.3624469892122403
brazil_hiv_vtn_elimination,0,-0.4398712700318808,0.07070632079926648,0.038387985409296235,0.01730305796057449,-2.0686978832377246e-14,0.002914669814075948,0.1691060864732834,0.8279792437126613
brazil_mexico_financial_requirement,5,-0.9721286829888861,0.21142459796327703,0.0011346387026365944,0.026417696102694052,-5.165020870988508e-14,0.013321790566952369,7.552008566555823e-05,0.9866026893474337
broke_vs_poor_grocery_math,0,-1.1772945582956718,0.17501859841680065,0.15861824583946943,0.030599313348935203,-2.6970765739321853e-14,0.0032502623388835695,0.5254749411640727,0.4712747964970708
brouwer_fixed_point,0,-0.16157118546246033,0.025616831508855326,0.013035073814612034,8.081057948539804e-05,-1.4026356515079545e-13,0.019226263178897366,0.9798661642929339,0.0009075725283089317
burali_forte_paradox,0,-0.24235677819369053,0.03842524726328298,0.01955261072191807,0.00012121586922809792,-1.4026356515079525e-13,0.019226263178897328,0.979866164292934,0.0009075725283089431
burden_of_proof_engineering_safety,5,-0.9251345275287962,0.3413832149801691,0.29875637802939575,0.5247274167752537,-1.1856959342662604e-16,8.803895682159431e-05,0.013271519315071152,0.9866404417281074
burden_of_proof_scientific_empirical,0,-0.8625511373586133,0.2851388725882562,0.32507225732781725,0.04995625488622435,-4.170064631752582e-15,0.0024849230629878033,0.6357049850678281,0.36181009186918817
bureaucratic_legibility_collapse,0,-0.8891137124281954,0.3664113305772544,0.3996379366501595,0.05349349537804281,-3.2113328902034905e-15,0.0029739626475073044,0.6963488265654731,0.30067721078702275
bureaucratic_self_preservation,6,-1.0155105759165182,0.2824436137012897,0.2924939468471535,0.053047993362916795,-6.248251022637371e-15,0.0026356036190414733,0.5563473892470203,0.4410170071339445
bushman_money_magic,0,-1.3787981441926322,0.2061163194966277,0.18339208311207478,0.06153114153767999,-1.4159703119948738e-14,0.0017254585625940742,0.2688664765099651,0.729408064927455
busy_beaver_noncomputability,0,-0.24235677819369053,0.03842524726328298,0.01955261072191807,0.00012121586922809792,-1.4026356515079525e-13,0.019226263178897328,0.979866164292934,0.0009075725283089431
bwb_adeg_rewesale_conditions,0,-1.0444462185823695,0.16381276778496276,0.12295802479015133,0.21928486827029997,-8.656597178066575e-16,0.00011611746613633575,0.0128769059045653,0.9870069766292993
c_physical_blue_wavelength,0,-0.24235677819369053,0.03842524726328298,0.01955261072191807,0.00012121586922809792,-1.4026356515079525e-13,0.019226263178897328,0.979866164292934,0.0009075725283089431
canada_germany_ai_pact,0,-0.7526985734280995,0.1262920645036628,0.07148793499634042,0.34327067901827146,-1.8554432466063043e-16,2.8482927430030223e-05,0.0017963614008783431,0.9981751556716918
canal_panama_influence,0,-0.9335355039815568,0.33614196081820086,0.3133804172160716,0.378993651547986,-2.2806051853551376e-16,0.000161235584133902,0.027583848465054357,0.9722549159508119
cancer_chronotherapy_timing,0,-0.6121045624614727,0.1210066911305956,0.017613780158979665,0.01908103451033318,-3.811420134580846e-14,0.00812234384297202,0.03387376379990825,0.9580038923571579
cancer_prevention,0,-0.9472545045474109,0.3275828642395883,0.33726183183557723,0.1410068390793045,-1.4087112739667004e-15,0.0009186667385182146,0.1916662925297213,0.8074150407317618
cantor_set_topology,0,-0.16157118546246033,0.025616831508855326,0.013035073814612034,8.081057948539804e-05,-1.4026356515079545e-13,0.019226263178897366,0.9798661642929339,0.0009075725283089317
cantors_diagonal_argument,0,-0.16157118546246033,0.025616831508855326,0.013035073814612034,8.081057948539804e-05,-1.4026356515079545e-13,0.019226263178897366,0.9798661642929339,0.0009075725283089317
cap_theorem,0,-0.24235677819369053,0.03842524726328298,0.01955261072191807,0.00012121586922809792,-1.4026356515079525e-13,0.019226263178897328,0.979866164292934,0.0009075725283089431
capability_eval_overhang,0,-0.9523121441723569,0.32442747213927203,0.3460659417486565,0.053270744370479794,-4.4781536874348765e-15,0.0028340179920727008,0.6347179644570927,0.36244801755083894
capital_misallocation_spiral,0,-0.9226909764827715,0.3429077130146506,0.294502755078225,0.5671162862673458,-1.0119862222981424e-16,7.621554673683837e-05,0.011065307776549689,0.9888584766767136
capital_rotation_ai_narrative,0,-0.9472545045474109,0.3275828642395883,0.33726183183557723,0.1410068390793045,-1.4087112739667004e-15,0.0009186667385182146,0.1916662925297213,0.8074150407317618
car_ownership_norm_us,0,-0.9539947430120302,0.3233777217654969,0.3489949335754048,0.02408229637857158,-6.220945818402168e-15,0.0038977291649025425,0.8935635020166861,0.10253876881841743
carbon_credit_markets_2026,0,-1.0535498897889681,0.15813311198910615,0.13880528316738025,0.06136128762596399,-9.390098868977347e-15,0.0011535398370148406,0.1749422335589835,0.823904226604011
carrier_deployment_deterrence,0,-1.0155105759165182,0.2824436137012897,0.2924939468471535,0.053047993362916795,-6.248251022637371e-15,0.0026356036190414733,0.5563473892470203,0.4410170071339445
carrying_capacity,0,-0.8741347042841819,0.37636215593959016,0.41233533001538003,0.05354629082033924,-2.9683584348291125e-15,0.003000533780766366,0.7088974814919689,0.2881019847272677
cartel_drone_surveillance_el_paso,0,-1.0973551636743215,0.39230973887837184,0.3723993219152149,0.39463926857140535,-2.88217936159168e-16,0.00020086846853834196,0.03562600012332044,0.9641731314081415
cascading_constraint_failure,0,-1.1105746266144525,0.38406229698354555,0.39541116406836846,0.16531805580755238,-1.4087154567800047e-15,0.00091866706082568,0.19166744842386174,0.807413884515314
castration_longevity_choice,0,-0.7711820950808135,0.11476044846654324,0.10366321205812047,0.022632569834594066,-2.3927667339722926e-14,0.002889335468801033,0.4640433260051582,0.5330673385260647
cb_far_beyond_human,0,-1.3787981441926322,0.2061163194966277,0.18339208311207478,0.06153114153767999,-1.4159703119948738e-14,0.0017254585625940742,0.2688664765099651,0.729408064927455
cbdc_implementation,0,-0.853797256075973,0.2908657393366836,0.31026641893939594,0.04775993288088355,-4.478151080995807e-15,0.002834010007081781,0.6347190007806824,0.3624469892122403
central_limit_theorem_convergence,0,-0.24235677819369053,0.03842524726328298,0.01955261072191807,0.00012121586922809792,-1.4026356515079525e-13,0.019226263178897328,0.979866164292934,0.0009075725283089431
cfius_hiefo_emcore_divestment,0,-0.9362294769382375,0.3351114781474563,0.35969888394818195,0.05332742980130192,-4.114413251076221e-15,0.002874411252849581,0.6518447777769902,0.3452808109701643
cg_israelgaza_20231012,0,-1.1810384588312994,0.40344970404241626,0.42761125231632796,0.08594051991311122,-3.593289178971936e-15,0.0022864931296004694,0.505574382898995,0.492139123971408
chaitins_omega_undecidability,0,-0.24235677819369053,0.03842524726328298,0.01955261072191807,0.00012121586922809792,-1.4026356515079525e-13,0.019226263178897328,0.979866164292934,0.0009075725283089431
champions_bass_fishing_exclusion,3,-1.0543747077291157,0.15761851937169166,0.14024108886763612,0.04705297183427046,-1.4159800798927584e-14,0.001725475036665025,0.2688688291525606,0.7294056958107885
china_africa_zero_tariff_2026,0,-0.7899026952896364,0.33266612750259145,0.20219863616312347,0.03172898325458378,-8.847205467074324e-15,0.008556636763066701,0.6222115764594476,0.3692317867774945
china_contraceptive_tax,0,-0.9533461853407827,0.3237823480149355,0.34786595376544155,0.03533298276358946,-5.584638493752696e-15,0.0035125874422724888,0.7980688718459489,0.1984185407117842
china_vactrain_standard,0,-0.8542839175456888,0.2905621179102982,0.3111135771767494,0.03931769896063366,-5.056374156475927e-15,0.003189625799622538,0.7197727353986064,0.27703763880177623
cholesterol_pill_cost,0,-0.9472545045474109,0.3275828642395883,0.33726183183557723,0.1410068390793045,-1.4087112739667004e-15,0.0009186667385182146,0.1916662925297213,0.8074150407317618
church_turing_thesis,0,-0.24235677819369053,0.03842524726328298,0.01955261072191807,0.00012121586922809792,-1.4026356515079525e-13,0.019226263178897328,0.979866164292934,0.0009075725283089431
cinderella_midnight_deadline,0,-1.0444462185823695,0.16381276778496276,0.12295802479015133,0.21928486827029997,-8.656597178066575e-16,0.00011611746613633575,0.0128769059045653,0.9870069766292993
civilizational_lifecycle_solara,0,-0.7711820950808135,0.11476044846654324,0.10366321205812047,0.022632569834594066,-2.3927667339722926e-14,0.002889335468801033,0.4640433260051582,0.5330673385260647
civilizational_maintenance_debt,0,-0.9412380777324816,0.331336430537654,0.3267887086218606,0.2453752464762603,-5.296785291948394e-16,0.00035791407710221104,0.06852833782084734,0.931113748102051
clawderberg_recursive_slop,0,-0.9444868177341625,0.32930958614037353,0.33244396802641374,0.1890185699218546,-8.549916854739623e-16,0.0005667686825482546,0.11369195268942718,0.8857412786280255
click_chemistry_paradigm_2026,0,-0.7705046375927496,0.1151831049159259,0.10248392475640473,0.03438458831388831,-1.4159964017488398e-14,0.0017255049407949787,0.26887217152015264,0.7294023235390665
climate_attribution_2026,3,-1.0518929288065892,0.15916686725481208,0.13592092056103822,0.09010498952235575,-4.811406580306766e-15,0.000600705118340559,0.0862232368186232,0.913176058063041
climate_catastrophe_belief,3,-1.2571392769474818,0.1879295447616918,0.16721001246042014,0.05610178201813967,-1.4159769382250546e-14,0.0017254664599517947,0.2688664847935855,0.7294080487464768
climate_event_attribution,0,-1.0543747077291157,0.15761851937169166,0.14024108886763612,0.04705297183427046,-1.4159800798927584e-14,0.001725475036665025,0.2688688291525606,0.7294056958107885
climate_policy_extraction,0,-1.1035208966715753,0.38846302249782266,0.3831323505665204,0.2876808108101584,-5.296805191334652e-16,0.00035791446956254957,0.06852881890357972,0.9311132666268582
climate_target_one_point_five,0,-0.7239186730349192,0.47615337570616656,0.5396703324532054,0.054075746558233884,-1.3455799427681984e-15,0.0031743198925118215,0.8026195906129513,0.19420608949453833
cloudflare_dual_class_asymmetry,0,-1.0425065544414305,0.16502289767982484,0.11958154533379443,0.2529326900592169,-6.506863415069544e-16,8.890568420879836e-05,0.009188934300043616,0.9907221600157482
clt_convergence_2026,0,-0.24235677819369053,0.03842524726328298,0.01955261072191807,0.00012121586922809792,-1.4026356515079525e-13,0.019226263178897328,0.979866164292934,0.0009075725283089431
cmr_001,0,-0.8467814678727974,0.29524279351915295,0.29805365269899725,0.16946450337159807,-8.5499553515244915e-16,0.0005667699002308714,0.1136927511204643,0.8857404789793056
cn_tech_decoupling_security_software,6,-0.9523121441723569,0.32442747213927203,0.3460659417486565,0.053270744370479794,-4.4781536874348765e-15,0.0028340179920727008,0.6347179644570927,0.36244801755083894
cobra_effect,5,-1.1868750832321062,0.16860307972163266,0.14723182152459943,0.0524439970989017,-1.4896789122844164e-14,0.0016392328934618746,0.24604170979782852,0.7523190573087245
codex_access,0,-0.8438687669292269,0.2970599877499547,0.2929833548619111,0.21999182931691308,-5.296775924540106e-16,0.0003579126934042574,0.06852836828629799,0.9311137190202983
coe_ukraine_reparations_register,0,-0.8529724381358256,0.29138033195409807,0.3088306132391401,0.062068248672577084,-3.593282468941409e-15,0.0022864875371537453,0.5055740460235058,0.4921394664393439
coffee_cardiovascular_2026,0,-0.7692081517512149,0.11599196467777464,0.10022706094322939,0.05687504097890024,-6.259487874505681e-15,0.0007761289164485769,0.11406272902289717,0.8851611420606607
cognitive_bicycle_scaffold,0,-0.5677407488053884,0.08487162750333292,0.0755144243764232,0.02533577573175244,-1.4160186195104529e-14,0.0017255235900219144,0.2688755954914372,0.7293988809185551
cognitive_diversity_arbitrage,0,-1.0543747077291157,0.15761851937169166,0.14024108886763612,0.04705297183427046,-1.4159800798927584e-14,0.001725475036665025,0.2688688291525606,0.7294056958107885
cognitive_energy_budget,0,-0.9528550029096244,0.3240887900072527,0.34701092564323965,0.04385364289264695,-5.056426080250589e-15,0.003189664854547414,0.7197787889000349,0.2770315462454228
cognitive_hacking_2026,0,-0.853797256075973,0.2908657393366836,0.31026641893939594,0.04775993288088355,-4.478151080995807e-15,0.002834010007081781,0.6347190007806824,0.3624469892122403
cognitive_induction_gap,0,-1.0375404785925364,0.1681211643941796,0.11093682549359445,0.3390804058554829,-3.6035433920217244e-16,5.1593078763269993e-05,0.004421746563912384,0.9955266603573248
cognitive_surrender_to_system_3,0,-0.8682162695028736,0.2812869285683881,0.29804372143769753,0.04770911121204992,-4.874290569179641e-15,0.0027898553484936237,0.6165073398959678,0.38070280475554347
coinbase_crypto_volatility,0,-1.0543747077291157,0.15761851937169166,0.14024108886763612,0.04705297183427046,-1.4159800798927584e-14,0.001725475036665025,0.2688688291525606,0.7294056958107885
cold_dark_matter_paradigm,0,-1.0543747077291157,0.15761851937169166,0.14024108886763612,0.04705297183427046,-1.4159800798927584e-14,0.001725475036665025,0.2688688291525606,0.7294056958107885
collatz_conjecture_determinism,0,-0.16157118546246033,0.025616831508855326,0.013035073814612034,8.081057948539804e-05,-1.4026356515079545e-13,0.019226263178897366,0.9798661642929339,0.0009075725283089317
collective_action_deadlock,0,-1.176033095598477,0.17580560771851908,0.1564223487291704,0.0524822110798934,-1.4159795036519278e-14,0.0017254816136691316,0.26886743627467824,0.7294070821116668
collective_stupidity_2026,0,-1.0104309507761853,0.44980182523265544,0.22639965310109092,0.009814803951707264,-1.7420020935997404e-14,0.018823692807869153,0.9386628426501681,0.042513464541980135
college_admissions_market,0,-0.9523121441723569,0.32442747213927203,0.3460659417486565,0.053270744370479794,-4.4781536874348765e-15,0.0028340179920727008,0.6347179644570927,0.36244801755083894
colorado_sbe_decentralization_friction,6,-0.8547242820811383,0.29028738050718955,0.3118801438085033,0.03167858912804629,-5.584578857667388e-15,0.003512543127161702,0.7980617871445408,0.19842566972830317
colossus_nero_inertia,0,-1.0543747077291157,0.15761851937169166,0.14024108886763612,0.04705297183427046,-1.4159800798927584e-14,0.001725475036665025,0.2688688291525606,0.7294056958107885
columbia_2026_elections,0,-0.853797256075973,0.2908657393366836,0.31026641893939594,0.04775993288088355,-4.478151080995807e-15,0.002834010007081781,0.6347190007806824,0.3624469892122403
comitatus_bond,3,-0.7705046375927496,0.1151831049159259,0.10248392475640473,0.03438458831388831,-1.4159964017488398e-14,0.0017255049407949787,0.26887217152015264,0.7294023235390665
commercial_data_brokerage,5,-0.9069756583049653,0.35408700315431907,0.26938627690299866,0.041895958907848974,-6.635305162381137e-15,0.005514633050962574,0.6282656210062221,0.366219745942822
communal_narcissism_social_trap,0,-1.3355526872180465,0.23309656787951485,0.10811235092877208,0.8117205164655493,-1.0458130296855445e-16,1.737123774670537e-05,0.0007355383837487184,0.9992470903785047
complexity_debt,3,-1.0462444166893086,0.1626908966114112,0.12608824658390969,0.1880910919012863,-1.174116195000383e-15,0.0001548097416067132,0.018302765000910565,0.9815424252574839
condiment_tyranny,0,-0.7705046375927496,0.1151831049159259,0.10248392475640473,0.03438458831388831,-1.4159964017488398e-14,0.0017255049407949787,0.26887217152015264,0.7294023235390665
confidential_ai_whatsapp,0,-0.8547242820811383,0.29028738050718955,0.3118801438085033,0.03167858912804629,-5.584578857667388e-15,0.003512543127161702,0.7980617871445408,0.19842566972830317
confirmation_bias,0,-0.9412380777324816,0.331336430537654,0.3267887086218606,0.2453752464762603,-5.296785291948394e-16,0.00035791407710221104,0.06852833782084734,0.931113748102051
consensus_without_truth,6,-0.9513922143598356,0.32500140375135406,0.3444645696101973,0.06922898875759376,-3.593335299161772e-15,0.002286525451778465,0.505580594084178,0.49213288046404696
constitutional_supremacy,0,-0.7705046375927496,0.1151831049159259,0.10248392475640473,0.03438458831388831,-1.4159964017488398e-14,0.0017255049407949787,0.26887217152015264,0.7294023235390665
consumer_debt_slavery,0,-1.3915085953659843,0.197672537459359,0.17261769826323675,0.061486341916434546,-1.489663989904741e-14,0.0016392161196028192,0.24604236716884595,0.7523184167115661
continuum_hypothesis_undecidability,0,-0.16157118546246033,0.025616831508855326,0.013035073814612034,8.081057948539804e-05,-1.4026356515079545e-13,0.019226263178897366,0.9798661642929339,0.0009075725283089317
conversational_dogmas_interuption,5,-1.0543747077291157,0.15761851937169166,0.14024108886763612,0.04705297183427046,-1.4159800798927584e-14,0.001725475036665025,0.2688688291525606,0.7294056958107885
conways_game_of_life_dynamics,0,-0.16157118546246033,0.025616831508855326,0.013035073814612034,8.081057948539804e-05,-1.4026356515079545e-13,0.019226263178897366,0.9798661642929339,0.0009075725283089317
coordination_attack_vulnerability,5,-1.0543747077291157,0.15761851937169166,0.14024108886763612,0.04705297183427046,-1.4159800798927584e-14,0.001725475036665025,0.2688688291525606,0.7294056958107885
coordination_fatigue,5,-0.8819270568029143,0.30499093724847426,0.3140029289633732,0.13128227440012036,-1.4087110125375466e-15,0.0009186656003257858,0.19166671341606406,0.8074146209836115
coordination_threshold_failure,3,-0.7705046375927496,0.1151831049159259,0.10248392475640473,0.03438458831388831,-1.4159964017488398e-14,0.0017255049407949787,0.26887217152015264,0.7294023235390665
copyleft_viral_licensing,0,-0.769901861809528,0.11555916847238376,0.1014346399828812,0.04484108524262681,-9.390049161503085e-15,0.0011535407775390331,0.17494133313643073,0.8239051260860397
copyright_protection,6,-0.8529724381358256,0.29138033195409807,0.3088306132391401,0.062068248672577084,-3.593282468941409e-15,0.0022864875371537453,0.5055740460235058,0.4921394664393439
cosmological_evolution_alpha_omega,0,-0.16157118546246033,0.025616831508855326,0.013035073814612034,8.081057948539804e-05,-1.4026356515079545e-13,0.019226263178897366,0.9798661642929339,0.0009075725283089317
cost_of_observation,0,-0.7096755155719969,0.10608950938884462,0.0943925512275809,0.031670403723394996,-1.4159761913208988e-14,0.0017254731196801388,0.268865127607631,0.7294093992727031
countable_infinity_cardinality,0,-0.16157118546246033,0.025616831508855326,0.013035073814612034,8.081057948539804e-05,-1.4026356515079545e-13,0.019226263178897366,0.9798661642929339,0.0009075725283089317
couples_residency_match,3,-0.769901861809528,0.11555916847238376,0.1014346399828812,0.04484108524262681,-9.390049161503085e-15,0.0011535407775390331,0.17494133313643073,0.8239051260860397
cow_field_poop,0,-0.6997958832818155,0.11248671472002172,0.061071505169694396,0.027527120801632343,-2.0687639611119888e-14,0.002914725430606872,0.16910955396438088,0.8279757206050329
credibility_inflation,0,-0.9741249275256808,0.14496025787074948,0.1309424481990415,0.028589004823075418,-2.3927328455932542e-14,0.0028892812021821747,0.4640326420111284,0.5330780767867134
crisis_signal_saturation,0,-1.0535498897889681,0.15813311198910615,0.13880528316738025,0.06136128762596399,-9.390098868977347e-15,0.0011535398370148406,0.1749422335589835,0.823904226604011
crispr_genomic_rewrite_2026,0,-0.7705046375927496,0.1151831049159259,0.10248392475640473,0.03438458831388831,-1.4159964017488398e-14,0.0017255049407949787,0.26887217152015264,0.7294023235390665
critical_actor_overcentralization,0,-1.176033095598477,0.17580560771851908,0.1564223487291704,0.0524822110798934,-1.4159795036519278e-14,0.0017254816136691316,0.26886743627467824,0.7294070821116668
crop_defense_dependency,0,-1.1828693859056862,0.17126413672663268,0.15062736775613636,0.05245811569474067,-1.4621866529791446e-14,0.0016714334908323665,0.2544835569294361,0.7438450095797462
cross_domain_coupling_spiral,0,-1.0449541863647671,0.26288369205692735,0.26753521123800367,0.05294421556792038,-7.293963111070526e-15,0.002517232684228845,0.51316104584118,0.4843217214745984
cuba_mandatrophic_collapse,0,-1.2806959127276396,0.4362985911533423,0.46539967821849165,0.07163940295291515,-4.4781731654659874e-15,0.0028340236247462176,0.6347222384637734,0.36244373791148476
cuban_missile_crisis_excomm_delibration,0,-0.7096755155719969,0.10608950938884462,0.0943925512275809,0.031670403723394996,-1.4159761913208988e-14,0.0017254731196801388,0.268865127607631,0.7294093992727031
cultural_homogenization_social_media,0,-0.9513922143598356,0.32500140375135406,0.3444645696101973,0.06922898875759376,-3.593335299161772e-15,0.002286525451778465,0.505580594084178,0.49213288046404696
cultural_memory_decay,0,-0.9523121441723569,0.32442747213927203,0.3460659417486565,0.053270744370479794,-4.4781536874348765e-15,0.0028340179920727008,0.6347179644570927,0.36244801755083894
cultural_refragmentation_2026,4,-1.0179888720520398,0.34680147350134755,0.36993283196985544,0.05694469840355272,-4.478143507615359e-15,0.0028340063737493856,0.6347174250279023,0.36244856859835267
cumbria_mine_rejection,0,-0.853797256075973,0.2908657393366836,0.31026641893939594,0.04775993288088355,-4.478151080995807e-15,0.002834010007081781,0.6347190007806824,0.3624469892122403
cuny_light_2026,0,-0.1599525973814488,0.02571112719348398,0.013959405344078583,0.0062920102358723804,-2.0686816898947527e-14,0.0029146091197968923,0.1691093555754728,0.827976035304751
currys_paradox,0,-0.24235677819369053,0.03842524726328298,0.01955261072191807,0.00012121586922809792,-1.4026356515079525e-13,0.019226263178897328,0.979866164292934,0.0009075725283089431
damped_harmonics,0,-0.24235677819369053,0.03842524726328298,0.01955261072191807,0.00012121586922809792,-1.4026356515079525e-13,0.019226263178897328,0.979866164292934,0.0009075725283089431
dark_patterns_manipulation,5,-1.176033095598477,0.17580560771851908,0.1564223487291704,0.0524822110798934,-1.4159795036519278e-14,0.0017254816136691316,0.26886743627467824,0.7294070821116668
data_laundering_pipeline,0,-0.9503333365171555,0.3256620231366326,0.34262132303614373,0.08759759814451565,-2.7784385029257203e-15,0.0017791399123038526,0.38761480565544504,0.6106060544322539
data_privacy_regulation,0,-1.0535498897889681,0.15813311198910615,0.13880528316738025,0.06136128762596399,-9.390098868977347e-15,0.0011535398370148406,0.1749422335589835,0.823904226604011
dead_sea_effect,3,-1.0518929288065892,0.15916686725481208,0.13592092056103822,0.09010498952235575,-4.811406580306766e-15,0.000600705118340559,0.0862232368186232,0.913176058063041
debt_service_squeeze,0,-1.056380126106732,0.156367366309036,0.14373203032007945,0.012264495438772205,-4.2597484231556754e-14,0.005089355149244716,0.8463955053260401,0.14851513952475767
debt_trap_microfinance,5,-1.1751131657859557,0.1763795393306011,0.1548209765907112,0.06844045546700736,-9.390324178588202e-15,0.0011535717663448712,0.17494580287381828,0.8239006253598462
decision_latency_mismatch,0,-1.0543747077291157,0.15761851937169166,0.14024108886763612,0.04705297183427046,-1.4159800798927584e-14,0.001725475036665025,0.2688688291525606,0.7294056958107885
deep_earth_hydrogen_availability,0,-0.3635351599394622,0.05763727908971191,0.029329373019752556,0.0001813868584864091,-1.4025994346989424e-13,0.019225372719249074,0.9798714348170671,0.0009031924638240726
deferential_realism_core,0,-1.060111590641557,0.16630019488550538,0.14020503379449112,0.04706782960957121,-1.4306899641365377e-14,0.0019197951498926046,0.26859152129241987,0.7294886835577018
deferred_risk_realization,0,-0.9251345275287962,0.3413832149801691,0.29875637802939575,0.5247274167752537,-1.1856959342662604e-16,8.803895682159431e-05,0.013271519315071152,0.9866404417281074
delayed_feedback_instability,0,-1.0543747077291157,0.15761851937169166,0.14024108886763612,0.04705297183427046,-1.4159800798927584e-14,0.001725475036665025,0.2688688291525606,0.7294056958107885
delta_force_selection_2026,3,-1.3792998527721347,0.20565960510893735,0.15196849547717284,0.058423205788510575,-1.6790629178594598e-14,0.002035516347435821,0.21876580530924794,0.779198678343333
demand_response_cost_shift,3,-1.0543747077291157,0.15761851937169166,0.14024108886763612,0.04705297183427046,-1.4159800798927584e-14,0.001725475036665025,0.2688688291525606,0.7294056958107885
demographic_inertia_trap,0,-0.9523121441723569,0.32442747213927203,0.3460659417486565,0.053270744370479794,-4.4781536874348765e-15,0.0028340179920727008,0.6347179644570927,0.36244801755083894
denmark_asylum_outsourcing,0,-1.176033095598477,0.17580560771851908,0.1564223487291704,0.0524822110798934,-1.4159795036519278e-14,0.0017254816136691316,0.26886743627467824,0.7294070821116668
devotional_transformation,0,-0.7705046375927496,0.1151831049159259,0.10248392475640473,0.03438458831388831,-1.4159964017488398e-14,0.0017255049407949787,0.26887217152015264,0.7294023235390665
digital_credentialing_verification,0,-1.0548613691988313,0.15731489794530626,0.1410882471049896,0.03861073791402057,-1.852681557960372e-14,0.00224686364356329,0.35572500911167276,0.6420281272447824
digital_euro_cbdc,6,-0.813150503552214,0.31745720521839366,0.2415187138415025,0.03756178715201589,-6.635318215578859e-15,0.005514641324239974,0.6282669014972895,0.36621845717847706
digital_identity_tether,0,-1.177067136766903,0.17516048359418254,0.15822236074595547,0.034544449473003065,-2.3927717163645742e-14,0.0028893361900697322,0.4640419453521768,0.5330687184577775
dionysaic_frenzy,6,-0.853797256075973,0.2908657393366836,0.31026641893939594,0.04775993288088355,-4.478151080995807e-15,0.002834010007081781,0.6347190007806824,0.3624469892122403
discover_core_2026,6,-0.9523121441723569,0.32442747213927203,0.3460659417486565,0.053270744370479794,-4.4781536874348765e-15,0.0028340179920727008,0.6347179644570927,0.36244801755083894
disney_openai_ip_exclusivity,6,-0.9523121441723569,0.32442747213927203,0.3460659417486565,0.053270744370479794,-4.4781536874348765e-15,0.0028340179920727008,0.6347179644570927,0.36244801755083894
dk_foreign_convict_expulsion,0,-0.9513922143598356,0.32500140375135406,0.3444645696101973,0.06922898875759376,-3.593335299161772e-15,0.002286525451778465,0.505580594084178,0.49213288046404696
dldr_information_policy,0,-1.0585634409958797,0.15483586828917426,0.1366903868799784,0.047038208104699414,-1.4474601758370458e-14,0.001688663041855637,0.2590427897284718,0.739268547229687
doomsday_clock_framework,5,-0.9503333365171555,0.3256620231366326,0.34262132303614373,0.08759759814451565,-2.7784385029257203e-15,0.0017791399123038526,0.38761480565544504,0.6106060544322539
drc_rwanda_peace_deal_2024,0,-0.8596701019799465,0.3859712522216167,0.4245966722593093,0.05359727317303922,-2.751278716628388e-15,0.0030241816187745853,0.7203554332175854,0.27662038516364273
dunning_kruger_effect,3,-0.7554506371720591,0.12457508962185723,0.0762786028743189,0.2955299653276767,-2.519220423422266e-16,3.7354541506957406e-05,0.0027566534063569134,0.9972059920521364
dutch_minority_govt_2026,0,-1.0535498897889681,0.15813311198910615,0.13880528316738025,0.06136128762596399,-9.390098868977347e-15,0.0011535398370148406,0.1749422335589835,0.823904226604011
dwp_carers_allowance_cliff,0,-1.176033095598477,0.17580560771851908,0.1564223487291704,0.0524822110798934,-1.4159795036519278e-14,0.0017254816136691316,0.26886743627467824,0.7294070821116668
e2ee_digital_privacy_2026,6,-0.9523121441723569,0.32442747213927203,0.3460659417486565,0.053270744370479794,-4.4781536874348765e-15,0.0028340179920727008,0.6347179644570927,0.36244801755083894
ec_meta_manus_block,0,-1.055301733734281,0.15704016054219763,0.14185481373674347,0.030971628081433195,-2.3927068971702675e-14,0.002889246981174138,0.4640310856231999,0.5330796673956499
edelman_2026_developing_volatility,0,-1.3787981441926322,0.2061163194966277,0.18339208311207478,0.06153114153767999,-1.4159703119948738e-14,0.0017254585625940742,0.2688664765099651,0.729408064927455
edelman_2026_insularity,0,-0.9539947430120302,0.3233777217654969,0.3489949335754048,0.02408229637857158,-6.220945818402168e-15,0.0038977291649025425,0.8935635020166861,0.10253876881841743
educational_unbundling_implementation,0,-0.8294311051760856,0.30606744720163265,0.26785092740789407,0.47044543077554024,-1.1856955183816143e-16,8.803874303811881e-05,0.013271547691164065,0.986640413565798
ehrenfest_barrier,0,-0.16157118546246033,0.025616831508855326,0.013035073814612034,8.081057948539804e-05,-1.4026356515079545e-13,0.019226263178897366,0.9798661642929339,0.0009075725283089317
elencher_identity_transformation,0,-0.992267052785806,0.29788470547822204,0.3121969975129087,0.05312991815208941,-5.528024469522726e-15,0.002716665915539454,0.5873445988579383,0.40993873522652774
elite_capture_2026,0,-1.176033095598477,0.17580560771851908,0.1564223487291704,0.0524822110798934,-1.4159795036519278e-14,0.0017254816136691316,0.26886743627467824,0.7294070821116668
elite_identity_capture_2026,0,-1.1765759543357446,0.17546692558649976,0.15736733262375358,0.04306510960206055,-1.852723106301713e-14,0.0022469226554878647,0.3557316193111837,0.6420214580333469
elite_overproduction_instability,5,-1.176033095598477,0.17580560771851908,0.1564223487291704,0.0524822110798934,-1.4159795036519278e-14,0.0017254816136691316,0.26886743627467824,0.7294070821116668
elliq_ai_companion,0,-0.8017293753796655,0.32492900853044027,0.2222016392232375,0.03469626107035308,-7.588180551185579e-15,0.006796511287552582,0.6256036892022638,0.36759979951019117
emergency_oversight_bureau,0,-0.5598368512229277,0.08998951721303118,0.048857263214065826,0.022021101284775357,-2.0688567828312237e-14,0.002914864125106164,0.16911746323933502,0.8279676726355795
emergency_powers_ratchet,0,-0.9359790550275814,0.3346174627837194,0.3176340401672424,0.336604782055894,-2.8821660874610485e-16,0.00020086809260852904,0.03562571108727048,0.9641734208201213
emergent_goal_misalignment,0,-1.176033095598477,0.17580560771851908,0.1564223487291704,0.0524822110798934,-1.4159795036519278e-14,0.0017254816136691316,0.26886743627467824,0.7294070821116668
emotional_cycles_of_change,0,-0.7705046375927496,0.1151831049159259,0.10248392475640473,0.03438458831388831,-1.4159964017488398e-14,0.0017255049407949787,0.26887217152015264,0.7294023235390665
empty_tomb_transformation,0,-1.1138638570227826,0.24764397372433228,0.13986721238072614,0.04720704093878737,-1.571022149013127e-14,0.004234485216063804,0.2658720251419339,0.7298934896420181
endocrine_disruption_society,0,-0.9523121441723569,0.32442747213927203,0.3460659417486565,0.053270744370479794,-4.4781536874348765e-15,0.0028340179920727008,0.6347179644570927,0.36244801755083894
english_chinese_tense_structure,0,-0.7705046375927496,0.1151831049159259,0.10248392475640473,0.03438458831388831,-1.4159964017488398e-14,0.0017255049407949787,0.26887217152015264,0.7294023235390665
epigenetics_complexity_2026,0,-0.7705046375927496,0.1151831049159259,0.10248392475640473,0.03438458831388831,-1.4159964017488398e-14,0.0017255049407949787,0.26887217152015264,0.7294023235390665
epistemic_free_rider_problem,0,-0.9375538375209538,0.3336349775519139,0.32037535018317526,0.30928665023352375,-3.4003370889846747e-16,0.000234800868745108,0.042615780801664095,0.9571494183295911
epistemic_overload_collapse,0,-0.9523121441723569,0.32442747213927203,0.3460659417486565,0.053270744370479794,-4.4781536874348765e-15,0.0028340179920727008,0.6347179644570927,0.36244801755083894
epistemic_process_of_verification,0,-0.6398133896015467,0.10284492400382748,0.05583737128116531,0.025167166539670247,-2.068823197095853e-14,0.0029148046939739556,0.16911782245603418,0.8279673728500125
epstein_document_release_2026,0,-0.9412380777324816,0.331336430537654,0.3267887086218606,0.2453752464762603,-5.296785291948394e-16,0.00035791407710221104,0.06852833782084734,0.931113748102051
epstein_files_2026,0,-1.1154256754696814,0.3810357940353049,0.4038556501295138,0.08116574102018838,-3.593300282726554e-15,0.002286497840659443,0.5055769726633286,0.49213652949601555
erasmus_rejoining_scaffold,0,-0.5598368512229277,0.08998951721303118,0.048857263214065826,0.022021101284775357,-2.0688567828312237e-14,0.002914864125106164,0.16911746323933502,0.8279676726355795
ergo_autolykos_asic_resistance,0,-1.0444462185823695,0.16381276778496276,0.12295802479015133,0.21928486827029997,-8.656597178066575e-16,0.00011611746613633575,0.0128769059045653,0.9870069766292993
ergo_dexy_gold_protocol,0,-0.9444868177341625,0.32930958614037353,0.33244396802641374,0.1890185699218546,-8.549916854739623e-16,0.0005667686825482546,0.11369195268942718,0.8857412786280255
ergo_lets_protocol,0,-0.35989521102905087,0.05785060039657882,0.031408688132317106,0.01415711297959699,-2.068680687634268e-14,0.002914634321300287,0.1691078003106178,0.8279775653681025
ergo_nipopows,3,-0.7705046375927496,0.1151831049159259,0.10248392475640473,0.03438458831388831,-1.4159964017488398e-14,0.0017255049407949787,0.26887217152015264,0.7294023235390665
ergo_rosen_bridge_protocol,0,-0.7645632358468228,0.11888986410086941,0.09214140178365356,0.13745151773936629,-1.1741106027494821e-15,0.0001548099455526295,0.018302673782511044,0.9815425162719376
ergo_storage_rent,0,-0.7705046375927496,0.1151831049159259,0.10248392475640473,0.03438458831388831,-1.4159964017488398e-14,0.0017255049407949787,0.26887217152015264,0.7294023235390665
ergo_storage_rent_mechanism,0,-0.7705046375927496,0.1151831049159259,0.10248392475640473,0.03438458831388831,-1.4159964017488398e-14,0.0017255049407949787,0.26887217152015264,0.7294023235390665
ergodic_theorems,0,-0.7705046375927496,0.1151831049159259,0.10248392475640473,0.03438458831388831,-1.4159964017488398e-14,0.0017255049407949787,0.26887217152015264,0.7294023235390665
eu_affordable_housing_initiative,0,-0.8244650293271915,0.3091657139159874,0.25920620756769414,0.5565931465718061,-8.406632246398388e-17,6.445954417557606e-05,0.008918485036150172,0.9910170554196743
eu_deforestation_regulation,0,-0.9368561079939994,0.23568824545417247,0.2398591593179848,0.0474671812659912,-7.293979801549294e-15,0.0025172226258794008,0.5131615481964903,0.4843212291776377
eu_digital_services_act,0,-1.0543747077291157,0.15761851937169166,0.14024108886763612,0.04705297183427046,-1.4159800798927584e-14,0.001725475036665025,0.2688688291525606,0.7294056958107885
eu_irgc_terrorist_designation,0,-0.9251345275287962,0.3413832149801691,0.29875637802939575,0.5247274167752537,-1.1856959342662604e-16,8.803895682159431e-05,0.013271519315071152,0.9866404417281074
eu_renewable_energy_mandate,0,-1.0543747077291157,0.15761851937169166,0.14024108886763612,0.04705297183427046,-1.4159800798927584e-14,0.001725475036665025,0.2688688291525606,0.7294056958107885
eu_russian_asset_freeze_2025,5,-1.0179888720520398,0.34680147350134755,0.36993283196985544,0.05694469840355272,-4.478143507615359e-15,0.0028340063737493856,0.6347174250279023,0.36244856859835267
eu_unanimity_rule_foreign_policy,0,-0.9513922143598356,0.32500140375135406,0.3444645696101973,0.06922898875759376,-3.593335299161772e-15,0.002286525451778465,0.505580594084178,0.49213288046404696
euler_characteristic_topology,0,-0.16157118546246033,0.025616831508855326,0.013035073814612034,8.081057948539804e-05,-1.4026356515079545e-13,0.019226263178897366,0.9798661642929339,0.0009075725283089317
eurozone_fragmentation_2026,0,-1.177067136766903,0.17516048359418254,0.15822236074595547,0.034544449473003065,-2.3927717163645742e-14,0.0028893361900697322,0.4640419453521768,0.5330687184577775
evidence_half_life,0,-1.176033095598477,0.17580560771851908,0.1564223487291704,0.0524822110798934,-1.4159795036519278e-14,0.0017254816136691316,0.26886743627467824,0.7294070821116668
evolutionary_knowledge,0,-0.46885230940666783,-0.17538936190078672,0.08743307422879593,0.028489069306856022,-7.48557824254975e-15,0.0057119808138739025,0.27940067693648524,0.7148873422496482
evolutionary_mismatch_load,0,-0.9533461853407827,0.3237823480149355,0.34786595376544155,0.03533298276358946,-5.584638493752696e-15,0.0035125874422724888,0.7980688718459489,0.1984185407117842
exoplanet_habitability_arbitrage,0,-0.7705046375927496,0.1151831049159259,0.10248392475640473,0.03438458831388831,-1.4159964017488398e-14,0.0017255049407949787,0.26887217152015264,0.7294023235390665
expert_disempowerment,5,-1.1682077691602828,0.18068772171962058,0.14280037500692763,0.1882300366312682,-1.4541260785916095e-15,0.0001896907595647608,0.02332079224031106,0.9764895170001257
exploration_vs_exploitation,3,-1.0023068270328082,0.19168178856544835,0.052176309151477654,0.03398930002373998,-3.043888717187251e-14,0.006070383222051595,0.08853129653828963,0.9053983202396891
extraordinary_narrative_shift,0,-1.0543747077291157,0.15761851937169166,0.14024108886763612,0.04705297183427046,-1.4159800798927584e-14,0.001725475036665025,0.2688688291525606,0.7294056958107885
faint_blue_neural_bifurcation,0,-1.1488554789549166,0.19276135055941615,0.10911278500990963,0.5239388834846673,-1.8554465576669071e-16,2.848292459649108e-05,0.0017963528750484497,0.9981751642003552
family_estrangement_ratio,0,-0.9523121441723569,0.32442747213927203,0.3460659417486565,0.053270744370479794,-4.4781536874348765e-15,0.0028340179920727008,0.6347179644570927,0.36244801755083894
family_succession_and_decadence,0,-0.9390745973864556,0.33268619629782575,0.3230226200561094,0.2829056619695631,-4.0400632524723493e-16,0.0002764932613656421,0.051306994045757066,0.9484165126928777
fast_growing_hierarchy,0,-0.16157118546246033,0.025616831508855326,0.013035073814612034,8.081057948539804e-05,-1.4026356515079545e-13,0.019226263178897366,0.9798661642929339,0.0009075725283089317
fatf_grey_list_russia,5,-0.9472545045474109,0.3275828642395883,0.33726183183557723,0.1410068390793045,-1.4087112739667004e-15,0.0009186667385182146,0.1916662925297213,0.8074150407317618
fb_creator_monetization_indonesia,0,-0.9533461853407827,0.3237823480149355,0.34786595376544155,0.03533298276358946,-5.584638493752696e-15,0.0035125874422724888,0.7980688718459489,0.1984185407117842
fcc_dji_covered_list,0,-0.9276442334030184,0.33981744385433044,0.30312516030822184,0.481190943518838,-1.4133903705989095e-16,0.00010342310594380115,0.01619816886818934,0.983698408025867
fda_accelerated_approval_alz,6,-0.853797256075973,0.2908657393366836,0.31026641893939594,0.04775993288088355,-4.478151080995807e-15,0.002834010007081781,0.6347190007806824,0.3624469892122403
fda_component_efficacy_standard,3,-0.7705046375927496,0.1151831049159259,0.10248392475640473,0.03438458831388831,-1.4159964017488398e-14,0.0017255049407949787,0.26887217152015264,0.7294023235390665
fda_gonorrhea_efficacy_standard,5,-1.176033095598477,0.17580560771851908,0.1564223487291704,0.0524822110798934,-1.4159795036519278e-14,0.0017254816136691316,0.26886743627467824,0.7294070821116668
fed_shutdown_2026,5,-0.9495439995402282,0.3261544796669871,0.3412472809891286,0.10129041710759265,-2.3063004492393878e-15,0.0014837454519740392,0.31970307742225607,0.6788131771257723
feigenbaum_universality,0,-0.24235677819369053,0.03842524726328298,0.01955261072191807,0.00012121586922809792,-1.4026356515079525e-13,0.019226263178897328,0.979866164292934,0.0009075725283089431
fermats_last_theorem,0,-0.24235677819369053,0.03842524726328298,0.01955261072191807,0.00012121586922809792,-1.4026356515079525e-13,0.019226263178897328,0.979866164292934,0.0009075725283089431
fgh_hierarchy_2026,0,-0.24235677819369053,0.03842524726328298,0.01955261072191807,0.00012121586922809792,-1.4026356515079525e-13,0.019226263178897328,0.979866164292934,0.0009075725283089431
fiat_currency_lifecycle,0,-0.9123572355589077,0.350970238800322,0.3799348859844043,0.053411570588870194,-3.628675104686734e-15,0.002928099531485099,0.6753972850649645,0.32167461540355397
financialization_drag,5,-1.0449541863647671,0.26288369205692735,0.26753521123800367,0.05294421556792038,-7.293963111070526e-15,0.002517232684228845,0.51316104584118,0.4843217214745984
finite_pool_of_worry,0,-0.7705046375927496,0.1151831049159259,0.10248392475640473,0.03438458831388831,-1.4159964017488398e-14,0.0017255049407949787,0.26887217152015264,0.7294023235390665
finite_simple_groups_classification,0,-0.24235677819369053,0.03842524726328298,0.01955261072191807,0.00012121586922809792,-1.4026356515079525e-13,0.019226263178897328,0.979866164292934,0.0009075725283089431
finnish_debt_adjustment,0,-0.7705046375927496,0.1151831049159259,0.10248392475640473,0.03438458831388831,-1.4159964017488398e-14,0.0017255049407949787,0.26887217152015264,0.7294023235390665
finnish_ubi_experiment,3,-0.9929515204769926,0.19842305086453307,0.19230824597092608,0.04726946576411241,-1.0091327652358759e-14,0.002197371420069467,0.4062662558531772,0.5915363727267633
fiscal_dominance_trap,5,-0.9154263064908149,0.3474400411368366,0.2818567466959812,0.6931382691897591,-6.697097780269968e-17,5.2604949394544514e-05,0.00681427182175768,0.9931331232288478
fiscal_equalization_friction,3,-0.7705046375927496,0.1151831049159259,0.10248392475640473,0.03438458831388831,-1.4159964017488398e-14,0.0017255049407949787,0.26887217152015264,0.7294023235390665
floating_wall_2026,6,-0.9523121441723569,0.32442747213927203,0.3460659417486565,0.053270744370479794,-4.4781536874348765e-15,0.0028340179920727008,0.6347179644570927,0.36244801755083894
fmeca_procedures_1980,0,-0.7711820950808135,0.11476044846654324,0.10366321205812047,0.022632569834594066,-2.3927667339722926e-14,0.002889335468801033,0.4640433260051582,0.5330673385260647
fmt_oncology_realignment_2026,3,-1.0543747077291157,0.15761851937169166,0.14024108886763612,0.04705297183427046,-1.4159800798927584e-14,0.001725475036665025,0.2688688291525606,0.7294056958107885
fnl_shadow_probe,0,-0.7705046375927496,0.1151831049159259,0.10248392475640473,0.03438458831388831,-1.4159964017488398e-14,0.0017255049407949787,0.26887217152015264,0.7294023235390665
four_color_theorem_topological_bound,0,-0.16157118546246033,0.025616831508855326,0.013035073814612034,8.081057948539804e-05,-1.4026356515079545e-13,0.019226263178897366,0.9798661642929339,0.0009075725283089317
fptp_electoral_system,0,-0.9523121441723569,0.32442747213927203,0.3460659417486565,0.053270744370479794,-4.4781536874348765e-15,0.0028340179920727008,0.6347179644570927,0.36244801755083894
fragile_middle_layer_collapse,0,-1.1367385583331702,0.2003209314005335,0.088020198571814,0.734134028667672,-9.263536839131191e-17,1.5686834701333946e-05,0.0005961328563300298,0.9993881803089687
france_cordon_sanitaire_2026,0,-0.5333359484299927,0.10737955294742878,0.017324017436113403,0.016703716681135846,-3.741765766439935e-14,0.008270753442488602,0.042373547838870235,0.9493556987186786
franchisee_corporate_squeeze,0,-1.176033095598477,0.17580560771851908,0.1564223487291704,0.0524822110798934,-1.4159795036519278e-14,0.0017254816136691316,0.26886743627467824,0.7294070821116668
frankenstein_creation_hubris,5,-1.176033095598477,0.17580560771851908,0.1564223487291704,0.0524822110798934,-1.4159795036519278e-14,0.0017254816136691316,0.26886743627467824,0.7294070821116668
fraser_river_salmon_regulation,3,-1.1488554789549166,0.19276135055941615,0.10911278500990963,0.5239388834846673,-1.8554465576669071e-16,2.848292459649108e-05,0.0017963528750484497,0.9981751642003552
french_ag_land_concentration,0,-0.9412380777324816,0.331336430537654,0.3267887086218606,0.2453752464762603,-5.296785291948394e-16,0.00035791407710221104,0.06852833782084734,0.931113748102051
french_local_elections_march_2026,0,-0.4894812131263514,0.1360697096062308,-0.05684949514742239,0.005700697897137544,-5.432524000747396e-14,0.022891777863136408,0.7865123456858126,0.19059587645110532
fundamental_material_limits_nbre,0,-0.24235677819369053,0.03842524726328298,0.01955261072191807,0.00012121586922809792,-1.4026356515079525e-13,0.019226263178897328,0.979866164292934,0.0009075725283089431
fundamental_theorem_of_algebra,0,-0.16157118546246033,0.025616831508855326,0.013035073814612034,8.081057948539804e-05,-1.4026356515079545e-13,0.019226263178897366,0.9798661642929339,0.0009075725283089317
fundamental_theorem_of_calculus,0,-0.10098198723850092,0.016010223790428293,0.008147149602570267,5.028813950050639e-05,-1.402570451526502e-13,0.0192246602357759,0.979875643649593,0.000899696114771324
fungal_shift_grassland_loss,0,-0.8549282403922939,0.2901601337099603,0.3122351851958419,0.028140475100321617,-5.820248241078522e-15,0.0036558189207463758,0.8332370752051321,0.1631071058741273
fused_quartz_5d_archival,0,-0.5598368512229277,0.08998951721303118,0.048857263214065826,0.022021101284775357,-2.0688567828312237e-14,0.002914864125106164,0.16911746323933502,0.8279676726355795
future_dsm_integration_2026,0,-1.0543747077291157,0.15761851937169166,0.14024108886763612,0.04705297183427046,-1.4159800798927584e-14,0.001725475036665025,0.2688688291525606,0.7294056958107885
g7_debt_trap,0,-0.962076070242387,0.31803982513571427,0.36258011492073716,0.05572048351974772,-4.170067450219174e-15,0.002484930664522846,0.6357039944376767,0.36181107489780456
gale_shapley,3,-0.7686909880986018,0.11631461599835849,0.099326805887848,0.06584640362439627,-4.8113467367570695e-15,0.0006007014334216289,0.08622212811772129,0.9131771704488618
galois_theory,0,-0.24235677819369053,0.03842524726328298,0.01955261072191807,0.00012121586922809792,-1.4026356515079525e-13,0.019226263178897328,0.979866164292934,0.0009075725283089431
galois_theory_symmetry,0,-0.16157118546246033,0.025616831508855326,0.013035073814612034,8.081057948539804e-05,-1.4026356515079545e-13,0.019226263178897366,0.9798661642929339,0.0009075725283089317
gauss_bonnet_topology,0,-0.16157118546246033,0.025616831508855326,0.013035073814612034,8.081057948539804e-05,-1.4026356515079545e-13,0.019226263178897366,0.9798661642929339,0.0009075725283089317
gaza_aid_permit_revocation,0,-1.1177165439191394,0.3796065525819142,0.4078434901341583,0.04142549336478814,-5.5845946245652795e-15,0.003512551538110606,0.7980646714969695,0.19842277696492552
gaza_border_control_rafah,3,-1.3787981441926322,0.2061163194966277,0.18339208311207478,0.06153114153767999,-1.4159703119948738e-14,0.0017254585625940742,0.2688664765099651,0.729408064927455
gbff_funding_mechanism,6,-0.9513922143598356,0.32500140375135406,0.3444645696101973,0.06922898875759376,-3.593335299161772e-15,0.002286525451778465,0.505580594084178,0.49213288046404696
gemini_scientific_advancement,0,-1.0543747077291157,0.15761851937169166,0.14024108886763612,0.04705297183427046,-1.4159800798927584e-14,0.001725475036665025,0.2688688291525606,0.7294056958107885
genai_mil_platform,0,-1.176033095598477,0.17580560771851908,0.1564223487291704,0.0524822110798934,-1.4159795036519278e-14,0.0017254816136691316,0.26886743627467824,0.7294070821116668
genetic_algorithms_evolution,0,-0.29991223797299293,0.048209123292275925,0.02617374345366769,0.011797038443717515,-2.068840308430267e-14,0.002914902752011286,0.16911923202697507,0.8279658652210344
genetic_predisposition,5,-0.9359790550275814,0.3346174627837194,0.3176340401672424,0.336604782055894,-2.8821660874610485e-16,0.00020086809260852904,0.03562571108727048,0.9641734208201213
geophysics_superionic_core,0,-0.24235677819369053,0.03842524726328298,0.01955261072191807,0.00012121586922809792,-1.4026356515079525e-13,0.019226263178897328,0.979866164292934,0.0009075725283089431
geopolitical_insularity_2026,0,-0.9533461853407827,0.3237823480149355,0.34786595376544155,0.03533298276358946,-5.584638493752696e-15,0.0035125874422724888,0.7980688718459489,0.1984185407117842
german_board_gender_quota,0,-0.7705046375927496,0.1151831049159259,0.10248392475640473,0.03438458831388831,-1.4159964017488398e-14,0.0017255049407949787,0.26887217152015264,0.7294023235390665
germany_tennet_takeover,0,-0.7705046375927496,0.1151831049159259,0.10248392475640473,0.03438458831388831,-1.4159964017488398e-14,0.0017255049407949787,0.26887217152015264,0.7294023235390665
germline_regulation_threshold_2026,0,-0.9533461853407827,0.3237823480149355,0.34786595376544155,0.03533298276358946,-5.584638493752696e-15,0.0035125874422724888,0.7980688718459489,0.1984185407117842
gilgamesh_mortality_limit,0,-0.16157118546246033,0.025616831508855326,0.013035073814612034,8.081057948539804e-05,-1.4026356515079545e-13,0.019226263178897366,0.9798661642929339,0.0009075725283089317
gita_kurukshetra,0,-0.9533461853407827,0.3237823480149355,0.34786595376544155,0.03533298276358946,-5.584638493752696e-15,0.0035125874422724888,0.7980688718459489,0.1984185407117842
global_economic_anxiety_2026,0,-1.104295496930363,0.3883499603416228,0.3850839627831725,0.05939249403914237,-4.854119038328832e-15,0.0032735076416427703,0.6335390745814681,0.36318741777689406
global_food_market_fragility,0,-1.0155105759165182,0.2824436137012897,0.2924939468471535,0.053047993362916795,-6.248251022637371e-15,0.0026356036190414733,0.5563473892470203,0.4410170071339445
global_hoarding_scaling_laws,0,-1.1035208966715753,0.38846302249782266,0.3831323505665204,0.2876808108101584,-5.296805191334652e-16,0.00035791446956254957,0.06852881890357972,0.9311132666268582
global_protocol_entrenchment,0,-1.0397312563892978,0.1667543681283181,0.11475043222482283,0.30107645489887347,-4.582715729940927e-16,6.427797191193663e-05,0.00599117630337752,0.993944545724711
global_stimulus_spree,5,-0.9251345275287962,0.3413832149801691,0.29875637802939575,0.5247274167752537,-1.1856959342662604e-16,8.803895682159431e-05,0.013271519315071152,0.9866404417281074
global_water_bankruptcy,0,-0.9390745973864556,0.33268619629782575,0.3230226200561094,0.2829056619695631,-4.0400632524723493e-16,0.0002764932613656421,0.051306994045757066,0.9484165126928777
glp1_payload_efficiency_pivot,0,-0.7705046375927496,0.1151831049159259,0.10248392475640473,0.03438458831388831,-1.4159964017488398e-14,0.0017255049407949787,0.26887217152015264,0.7294023235390665
goal_boundary_poisoning,0,-0.8391538047361551,0.30000158809331,0.28477576229658264,0.3017834159454866,-2.882170298204485e-16,0.00020086793669025856,0.035625852838343845,0.9641732792249662
godels_incompleteness_theorems,0,-0.16157118546246033,0.025616831508855326,0.013035073814612034,8.081057948539804e-05,-1.4026356515079545e-13,0.019226263178897366,0.9798661642929339,0.0009075725283089317
gold_fomo_cycle,6,-0.9539947430120302,0.3233777217654969,0.3489949335754048,0.02408229637857158,-6.220945818402168e-15,0.0038977291649025425,0.8935635020166861,0.10253876881841743
gold_piton_2026,0,-0.4402635063575431,0.07046160992715386,0.03907077263399294,0.010498839793900833,-4.2915597162761416e-14,0.005994071462334554,0.3627575868746481,0.6312483416630603
goldbach_conjecture,0,-0.24235677819369053,0.03842524726328298,0.01955261072191807,0.00012121586922809792,-1.4026356515079525e-13,0.019226263178897328,0.979866164292934,0.0009075725283089431
golden_handcuffs,0,-1.0543747077291157,0.15761851937169166,0.14024108886763612,0.04705297183427046,-1.4159800798927584e-14,0.001725475036665025,0.2688688291525606,0.7294056958107885
goodharts_law,5,-1.1649590291586018,0.18271456611690104,0.13714511560237447,0.2445867131856739,-8.656612426430885e-16,0.00011611812670923387,0.01287686317818926,0.9870070186951023
google_ai_search_overview,0,-0.9523121441723569,0.32442747213927203,0.3460659417486565,0.053270744370479794,-4.4781536874348765e-15,0.0028340179920727008,0.6347179644570927,0.36244801755083894
google_universal_commerce_protocol,0,-1.055301733734281,0.15704016054219763,0.14185481373674347,0.030971628081433195,-2.3927068971702675e-14,0.002889246981174138,0.4640310856231999,0.5330796673956499
governance_latency_gap,0,-0.9251345275287962,0.3413832149801691,0.29875637802939575,0.5247274167752537,-1.1856959342662604e-16,8.803895682159431e-05,0.013271519315071152,0.9866404417281074
governance_overfitting,0,-1.0543747077291157,0.15761851937169166,0.14024108886763612,0.04705297183427046,-1.4159800798927584e-14,0.001725475036665025,0.2688688291525606,0.7294056958107885
gpt5_codex_dev_cycle,0,-0.8547242820811383,0.29028738050718955,0.3118801438085033,0.03167858912804629,-5.584578857667388e-15,0.003512543127161702,0.7980617871445408,0.19842566972830317
gpt_store_marketplace,5,-1.176033095598477,0.17580560771851908,0.1564223487291704,0.0524822110798934,-1.4159795036519278e-14,0.0017254816136691316,0.26886743627467824,0.7294070821116668
gravitational_lensing_cosmic_dawn,0,-0.24235677819369053,0.03842524726328298,0.01955261072191807,0.00012121586922809792,-1.4026356515079525e-13,0.019226263178897328,0.979866164292934,0.0009075725283089431
great_mongolian_road_economic_dependency,0,-1.0543747077291157,0.15761851937169166,0.14024108886763612,0.04705297183427046,-1.4159800798927584e-14,0.001725475036665025,0.2688688291525606,0.7294056958107885
greenland_defence_pact_2026,0,-1.0543747077291157,0.15761851937169166,0.14024108886763612,0.04705297183427046,-1.4159800798927584e-14,0.001725475036665025,0.2688688291525606,0.7294056958107885
greenland_seizure_trade_war,0,-0.9513922143598356,0.32500140375135406,0.3444645696101973,0.06922898875759376,-3.593335299161772e-15,0.002286525451778465,0.505580594084178,0.49213288046404696
greshams_law,0,-0.7716070082290543,0.11449535097231558,0.10440288161507598,0.015261498943500991,-3.345761853297813e-14,0.004017033119880589,0.6574313213371381,0.33855164554301465
grete_samsa_transition,5,-1.0842973477395164,0.23581994731179487,0.0012654973409526337,0.029465992879792447,-5.164985550654673e-14,0.013321723174918022,7.551226811269195e-05,0.9866027645570209
grievance_stack_overflow,0,-1.176033095598477,0.17580560771851908,0.1564223487291704,0.0524822110798934,-1.4159795036519278e-14,0.0017254816136691316,0.26886743627467824,0.7294070821116668
gs1_gln_identification,0,-0.7500658859571677,0.12793456216352103,0.06690507192587831,0.3889405437016177,-1.436024097824309e-16,2.2780627557627966e-05,0.001226319702031244,0.9987508996704113
guano_wealth_extraction,0,-1.1821804880281066,0.4027372076660114,0.42959924500031504,0.06612946392622188,-4.478138037947095e-15,0.002834003749671013,0.6347162869846545,0.36244970926567893
guinea_worm_eradication,0,-0.2399303674963689,0.03856691625685486,0.02093893315914559,0.009438074520309106,-2.0686913602916304e-14,0.002914621073960187,0.16910524756143902,0.8279801313646216
hagia_sophia_status,0,-0.7697351636766798,0.443870951536515,0.03726517333686663,0.007462739100115581,-1.4792470856798498e-13,0.26822455036973875,0.3721234864478659,0.35965196318254317
halting_problem_undecidability,0,-0.16157118546246033,0.025616831508855326,0.013035073814612034,8.081057948539804e-05,-1.4026356515079545e-13,0.019226263178897366,0.9798661642929339,0.0009075725283089317
hamiltonian_path_complexity,0,-0.24235677819369053,0.03842524726328298,0.01955261072191807,0.00012121586922809792,-1.4026356515079525e-13,0.019226263178897328,0.979866164292934,0.0009075725283089431
hanlons_razor,0,-0.9405824004432031,0.23206245569909448,-0.05222102674979435,0.018502830421435496,-7.326115942236945e-14,0.024317384798153985,0.24237823865612226,0.733304376545797
happiness_of_others,0,-0.9533461853407827,0.3237823480149355,0.34786595376544155,0.03533298276358946,-5.584638493752696e-15,0.0035125874422724888,0.7980688718459489,0.1984185407117842
harlequin_historical_line_discontinuation,0,-0.9523121441723569,0.32442747213927203,0.3460659417486565,0.053270744370479794,-4.4781536874348765e-15,0.0028340179920727008,0.6347179644570927,0.36244801755083894
harry_potter_liberalism,0,-1.0543747077291157,0.15761851937169166,0.14024108886763612,0.04705297183427046,-1.4159800798927584e-14,0.001725475036665025,0.2688688291525606,0.7294056958107885
hasbro_licensing_restriction,3,-1.0543747077291157,0.15761851937169166,0.14024108886763612,0.04705297183427046,-1.4159800798927584e-14,0.001725475036665025,0.2688688291525606,0.7294056958107885
hawthorne_effect,0,-0.7705046375927496,0.1151831049159259,0.10248392475640473,0.03438458831388831,-1.4159964017488398e-14,0.0017255049407949787,0.26887217152015264,0.7294023235390665
hd101584_stellar_evolution,0,-0.16157118546246033,0.025616831508855326,0.013035073814612034,8.081057948539804e-05,-1.4026356515079545e-13,0.019226263178897366,0.9798661642929339,0.0009075725283089317
hegemonic_entropy_2026,0,-0.9472545045474109,0.3275828642395883,0.33726183183557723,0.1410068390793045,-1.4087112739667004e-15,0.0009186667385182146,0.1916662925297213,0.8074150407317618
heine_borel_theorem,0,-0.16157118546246033,0.025616831508855326,0.013035073814612034,8.081057948539804e-05,-1.4026356515079545e-13,0.019226263178897366,0.9798661642929339,0.0009075725283089317
heisenberg_uncertainty,0,-0.16157118546246033,0.025616831508855326,0.013035073814612034,8.081057948539804e-05,-1.4026356515079545e-13,0.019226263178897366,0.9798661642929339,0.0009075725283089317
help_to_buy_uk,0,-0.8810452631272322,0.37105089758266,0.22552901771092349,0.035390102168738585,-8.847200391685042e-15,0.00855664284604147,0.6222100204957642,0.3692333366582031
helsinki_bus_theory,0,-1.0543747077291157,0.15761851937169166,0.14024108886763612,0.04705297183427046,-1.4159800798927584e-14,0.001725475036665025,0.2688688291525606,0.7294056958107885
hershey_salt_strategy,0,-0.9533461853407827,0.3237823480149355,0.34786595376544155,0.03533298276358946,-5.584638493752696e-15,0.0035125874422724888,0.7980688718459489,0.1984185407117842
heuristic_optimization,0,-0.7671910017647918,0.1172504369305066,0.0967156976376984,0.09186702842257008,-2.5768518860558226e-15,0.0003281998695618054,0.04395407193782687,0.9557177281926139
hhs_fetal_tissue_research_ban_2019,0,-1.0193373775638441,0.34596015937959945,0.3722802492681853,0.03355184796884334,-5.820265453981842e-15,0.0036558307345751877,0.8332390345739635,0.1631051346914672
hicbc_uk,3,-0.7705046375927496,0.1151831049159259,0.10248392475640473,0.03438458831388831,-1.4159964017488398e-14,0.0017255049407949787,0.26887217152015264,0.7294023235390665
hilberts_hotel,0,-0.16157118546246033,0.025616831508855326,0.013035073814612034,8.081057948539804e-05,-1.4026356515079545e-13,0.019226263178897366,0.9798661642929339,0.0009075725283089317
hilberts_hotel_infinity,0,-0.16157118546246033,0.025616831508855326,0.013035073814612034,8.081057948539804e-05,-1.4026356515079545e-13,0.019226263178897366,0.9798661642929339,0.0009075725283089317
hiv_prep_prevention_2026,0,-0.769901861809528,0.11555916847238376,0.1014346399828812,0.04484108524262681,-9.390049161503085e-15,0.0011535407775390331,0.17494133313643073,0.8239051260860397
hk_nsl_civic_party_disbandment,5,-1.2806959127276396,0.4362985911533423,0.46539967821849165,0.07163940295291515,-4.4781731654659874e-15,0.0028340236247462176,0.6347222384637734,0.36244373791148476
hoa_covenants,6,-0.853797256075973,0.2908657393366836,0.31026641893939594,0.04775993288088355,-4.478151080995807e-15,0.002834010007081781,0.6347190007806824,0.3624469892122403
hominin_evolutionary_bottleneck,0,-0.7686909880986018,0.11631461599835849,0.099326805887848,0.06584640362439627,-4.8113467367570695e-15,0.0006007014334216289,0.08622212811772129,0.9131771704488618
horizon_liability_contract,5,-1.1165042395242126,0.38036289269204454,0.4057331655692364,0.06245563016706634,-4.478132654015137e-15,0.00283399769960409,0.6347167236926957,0.36244927860770465
hu_2026_electoral_parity,0,-0.7408010755799218,0.13461543854129185,0.05224493652674866,0.026932055571052084,-2.5185346474241848e-14,0.0045348348016308404,0.13444846687786935,0.861016698320525
huang_expectation_resilience_2026,0,-0.8529724381358256,0.29138033195409807,0.3088306132391401,0.062068248672577084,-3.593282468941409e-15,0.0022864875371537453,0.5055740460235058,0.4921394664393439
hub_short_form_tv_market_fragmentation,0,-1.055301733734281,0.15704016054219763,0.14185481373674347,0.030971628081433195,-2.3927068971702675e-14,0.002889246981174138,0.4640310856231999,0.5330796673956499
hydra_game,0,-0.24235677819369053,0.03842524726328298,0.01955261072191807,0.00012121586922809792,-1.4026356515079525e-13,0.019226263178897328,0.979866164292934,0.0009075725283089431
hypercompression_of_time_horizons,0,-0.9472545045474109,0.3275828642395883,0.33726183183557723,0.1410068390793045,-1.4087112739667004e-15,0.0009186667385182146,0.1916662925297213,0.8074150407317618
ibm_shield_contract_2026,0,-0.9412380777324816,0.331336430537654,0.3267887086218606,0.2453752464762603,-5.296785291948394e-16,0.00035791407710221104,0.06852833782084734,0.931113748102051
ice_memory_archive,0,-0.7705046375927496,0.1151831049159259,0.10248392475640473,0.03438458831388831,-1.4159964017488398e-14,0.0017255049407949787,0.26887217152015264,0.7294023235390665
ice_safe_departure,5,-1.0543747077291157,0.15761851937169166,0.14024108886763612,0.04705297183427046,-1.4159800798927584e-14,0.001725475036665025,0.2688688291525606,0.7294056958107885
identity_stack_incompatibility,0,-0.8405656609355151,0.29912075034514984,0.2872334576015859,0.2772916058506506,-3.4003349615524897e-16,0.00023480022275735807,0.04261585303309197,0.9571493467441511
idf_knock_on_roof_policy,5,-1.1751131657859557,0.1763795393306011,0.1548209765907112,0.06844045546700736,-9.390324178588202e-15,0.0011535717663448712,0.17494580287381828,0.8239006253598462
incentive_surface_warping,3,-1.0548613691988313,0.15731489794530626,0.1410882471049896,0.03861073791402057,-1.852681557960372e-14,0.00224686364356329,0.35572500911167276,0.6420281272447824
incumbent_steel_production,6,-0.9523121441723569,0.32442747213927203,0.3460659417486565,0.053270744370479794,-4.4781536874348765e-15,0.0028340179920727008,0.6347179644570927,0.36244801755083894
independent_criticism_patronage,3,-0.7632491812057581,0.11970968479614949,0.0898539550002445,0.1602467406082254,-8.6565863104160405e-16,0.00011611800153754475,0.012876892971595763,0.9870069890268676
indexical_relativity_core,0,-0.16157118546246033,0.025616831508855326,0.013035073814612034,8.081057948539804e-05,-1.4026356515079545e-13,0.019226263178897366,0.9798661642929339,0.0009075725283089317
india_france_horizon_2047,3,-1.0444462185823695,0.16381276778496276,0.12295802479015133,0.21928486827029997,-8.656597178066575e-16,0.00011611746613633575,0.0128769059045653,0.9870069766292993
india_nuclear_liability_act_2010,0,-1.0543747077291157,0.15761851937169166,0.14024108886763612,0.04705297183427046,-1.4159800798927584e-14,0.001725475036665025,0.2688688291525606,0.7294056958107885
india_semi_mission,0,-0.7705046375927496,0.1151831049159259,0.10248392475640473,0.03438458831388831,-1.4159964017488398e-14,0.0017255049407949787,0.26887217152015264,0.7294023235390665
indian_ai_licensing_regime,0,-0.9523121441723569,0.32442747213927203,0.3460659417486565,0.053270744370479794,-4.4781536874348765e-15,0.0028340179920727008,0.6347179644570927,0.36244801755083894
indian_import_tariffs_eu,0,-1.0846110661980273,0.236538911291612,0.23391889979475008,0.05280443979032792,-8.969303680554412e-15,0.0023261775609967,0.44777929948716916,0.549894522951843
individual_revolution_autonomy,0,-1.112579491176186,0.16834937628496402,0.143762371457404,0.09530399197591653,-4.811352338703985e-15,0.0006006964894182525,0.08622202910054631,0.9131772744100403
individual_vs_systemic_causation,0,-1.0543747077291157,0.15761851937169166,0.14024108886763612,0.04705297183427046,-1.4159800798927584e-14,0.001725475036665025,0.2688688291525606,0.7294056958107885
indo_german_defense_pact,3,-1.0484039483474923,0.16134359438350906,0.129847461452768,0.15062917524858757,-1.8164364818038538e-15,0.0002345812977803077,0.02990560331437808,0.9698598153878434
indo_russian_submarine_lease_2025,5,-1.0543747077291157,0.15761851937169166,0.14024108886763612,0.04705297183427046,-1.4159800798927584e-14,0.001725475036665025,0.2688688291525606,0.7294056958107885
indonesia_penal_code_2023,6,-0.9523121441723569,0.32442747213927203,0.3460659417486565,0.053270744370479794,-4.4781536874348765e-15,0.0028340179920727008,0.6347179644570927,0.36244801755083894
information_foraging_theory,0,-0.7632491812057581,0.11970968479614949,0.0898539550002445,0.1602467406082254,-8.6565863104160405e-16,0.00011611800153754475,0.012876892971595763,0.9870069890268676
informational_time_2026,0,-0.7705046375927496,0.1151831049159259,0.10248392475640473,0.03438458831388831,-1.4159964017488398e-14,0.0017255049407949787,0.26887217152015264,0.7294023235390665
infrastructure_interoperability_decay,6,-0.8529724381358256,0.29138033195409807,0.3088306132391401,0.062068248672577084,-3.593282468941409e-15,0.0022864875371537453,0.5055740460235058,0.4921394664393439
inner_models,0,-1.0543747077291157,0.15761851937169166,0.14024108886763612,0.04705297183427046,-1.4159800798927584e-14,0.001725475036665025,0.2688688291525606,0.7294056958107885
innovators_dilemma,0,-1.055301733734281,0.15704016054219763,0.14185481373674347,0.030971628081433195,-2.3927068971702675e-14,0.002889246981174138,0.4640310856231999,0.5330796673956499
institutional_inertia_lock,0,-0.8316812277452007,0.30466362654499485,0.27176783883010736,0.4314120117362286,-1.4133945419462966e-16,0.00010342316773427063,0.01619826332490301,0.9836983135073628
institutional_memory_loss,0,-0.8419291027882877,0.29827011764481676,0.28960687540555424,0.25363965110583003,-4.0400613880448735e-16,0.00027649254125531046,0.051307089310641436,0.9484164181481036
institutional_mutation_domestication,3,-1.0543747077291157,0.15761851937169166,0.14024108886763612,0.04705297183427046,-1.4159800798927584e-14,0.001725475036665025,0.2688688291525606,0.7294056958107885
institutional_mutation_without_selection,6,-0.9513922143598356,0.32500140375135406,0.3444645696101973,0.06922898875759376,-3.593335299161772e-15,0.002286525451778465,0.505580594084178,0.49213288046404696
institutional_trust_decay,0,-0.9533461853407827,0.3237823480149355,0.34786595376544155,0.03533298276358946,-5.584638493752696e-15,0.0035125874422724888,0.7980688718459489,0.1984185407117842
insult_wisdom_training,5,-1.1812484740470621,0.17236288644035822,0.15340653493869083,0.04304864070489286,-1.9021850563944505e-14,0.00220843575568392,0.34433461762525486,0.6534569466190803
integrated_digital_governance_stack,0,-1.1821804880281066,0.4027372076660114,0.42959924500031504,0.06612946392622188,-4.478138037947095e-15,0.002834003749671013,0.6347162869846545,0.36244970926567893
interaction_explosion,0,-0.8513154771534467,0.292414087219804,0.305946250632798,0.09081195056896885,-2.3063044599828687e-15,0.001483744670160042,0.3197043699100635,0.6788118854197787
interface_contract_breakdown,0,-1.0543747077291157,0.15761851937169166,0.14024108886763612,0.04705297183427046,-1.4159800798927584e-14,0.001725475036665025,0.2688688291525606,0.7294056958107885
internet_archive_preservation,0,-1.170975455973531,0.17896099981883537,0.14761823881609112,0.1402183057887181,-2.576843973207901e-15,0.00032819831137399715,0.04395368576338785,0.9557181159252407
internet_evolution_lifecycle,3,-1.1649590291586018,0.18271456611690104,0.13714511560237447,0.2445867131856739,-8.656612426430885e-16,0.00011611812670923387,0.01287686317818926,0.9870070186951023
intertemporal_responsibility_gap,0,-1.1171406649951332,0.37996583555624586,0.4068410261945431,0.051415403987962495,-5.056374745382996e-15,0.003189625088400658,0.7197733045741597,0.27703707033744485
inverse_spin_valve_signature,0,-0.8516108189417545,0.12730704195909867,0.11327158848765455,0.038004159252134594,-1.4159910052937518e-14,0.001725480349147114,0.2688703159525458,0.7294042036983213
iran_hijab_law,5,-1.1154256754696814,0.3810357940353049,0.4038556501295138,0.08116574102018838,-3.593300282726554e-15,0.002286497840659443,0.5055769726633286,0.49213652949601555
iran_mandatrophic_collapse,0,-1.2820864803490675,0.43543103505741815,0.46782031533155044,0.047516890955249094,-5.584623762732064e-15,0.003512570481580434,0.7980684729229907,0.19841895659543457
iran_nuclear_deal_informal_2023,5,-0.8185676354211296,0.3128450172123032,0.2489402914487205,0.6588966613824355,-5.931456742254156e-17,4.724302758568384e-05,0.005887966589937616,0.9940647903824767
iron_law_of_oligarchy,0,-1.176033095598477,0.17580560771851908,0.1564223487291704,0.0524822110798934,-1.4159795036519278e-14,0.0017254816136691316,0.26886743627467824,0.7294070821116668
irreversible_policy_commitment,0,-0.9486838150915807,0.3266911369647292,0.33974991087322315,0.116212244254262,-1.899537654031017e-15,0.0012283061818418007,0.2614847395583801,0.7372869542597801
isa_education_scaffold,0,-0.7705046375927496,0.1151831049159259,0.10248392475640473,0.03438458831388831,-1.4159964017488398e-14,0.0017255049407949787,0.26887217152015264,0.7294023235390665
israel_electoral_threshold,0,-0.9523121441723569,0.32442747213927203,0.3460659417486565,0.053270744370479794,-4.4781536874348765e-15,0.0028340179920727008,0.6347179644570927,0.36244801755083894
israel_gaza_ceasefire_violation,0,-1.1179832234168907,0.37944017489530135,0.40830771372141933,0.0367993397819607,-5.820232546959257e-15,0.0036558081493187856,0.8332352887189758,0.16310890313171122
israel_norwegian_law,3,-0.7686909880986018,0.11631461599835849,0.099326805887848,0.06584640362439627,-4.8113467367570695e-15,0.0006007014334216289,0.08622212811772129,0.9131771704488618
israel_override_clause,5,-0.9251345275287962,0.3413832149801691,0.29875637802939575,0.5247274167752537,-1.1856959342662604e-16,8.803895682159431e-05,0.013271519315071152,0.9866404417281074
israel_surplus_vote_agreements,3,-0.7705046375927496,0.1151831049159259,0.10248392475640473,0.03438458831388831,-1.4159964017488398e-14,0.0017255049407949787,0.26887217152015264,0.7294023235390665
iss_ped_ban,0,-0.7716070082290543,0.11449535097231558,0.10440288161507598,0.015261498943500991,-3.345761853297813e-14,0.004017033119880589,0.6574313213371381,0.33855164554301465
iterated_function_systems,0,-0.7705046375927496,0.1151831049159259,0.10248392475640473,0.03438458831388831,-1.4159964017488398e-14,0.0017255049407949787,0.26887217152015264,0.7294023235390665
jevons_paradox,0,-0.7671910017647918,0.1172504369305066,0.0967156976376984,0.09186702842257008,-2.5768518860558226e-15,0.0003281998695618054,0.04395407193782687,0.9557177281926139
job_hunt_volume_system_2026,0,-1.1649590291586018,0.18271456611690104,0.13714511560237447,0.2445867131856739,-8.656612426430885e-16,0.00011611812670923387,0.01287686317818926,0.9870070186951023
jordan_microfinance,5,-1.1751131657859557,0.1763795393306011,0.1548209765907112,0.06844045546700736,-9.390324178588202e-15,0.0011535717663448712,0.17494580287381828,0.8239006253598462
jp_eez_enforcement,0,-0.992267052785806,0.29788470547822204,0.3121969975129087,0.05312991815208941,-5.528024469522726e-15,0.002716665915539454,0.5873445988579383,0.40993873522652774
jupiter_composition_knowledge_gap,0,-0.7705046375927496,0.1151831049159259,0.10248392475640473,0.03438458831388831,-1.4159964017488398e-14,0.0017255049407949787,0.26887217152015264,0.7294023235390665
juvenile_underclass_2026,0,-1.380010448587559,0.20535997938649733,0.18550240767699672,0.04050100473540179,-2.392731464207889e-14,0.0028892681110023848,0.4640353157273632,0.5330754161616584
kardashev_scale_progress_narrative,3,-1.04735891952594,0.16199557355416103,0.12802832262723743,0.16875754232498497,-1.4541336000621393e-15,0.00018969092001557968,0.02332104842713877,0.976489260652847
keltner_relationship_evaluation,0,-0.7671910017647918,0.1172504369305066,0.0967156976376984,0.09186702842257008,-2.5768518860558226e-15,0.0003281998695618054,0.04395407193782687,0.9557177281926139
kidney_exchange_market,0,-0.5598368512229277,0.08998951721303118,0.048857263214065826,0.022021101284775357,-2.0688567828312237e-14,0.002914864125106164,0.16911746323933502,0.8279676726355795
kim_jong_un_succession,5,-1.1905984129513978,0.33114079647232864,0.34292507727456195,0.062194475715445334,-6.24820137918001e-15,0.00263558366175298,0.5563468472577833,0.44101756908046996
kirby_paris_theorem,0,-0.24235677819369053,0.03842524726328298,0.01955261072191807,0.00012121586922809792,-1.4026356515079525e-13,0.019226263178897328,0.979866164292934,0.0009075725283089431
kjv_textual_authority,0,-0.9523121441723569,0.32442747213927203,0.3460659417486565,0.053270744370479794,-4.4781536874348765e-15,0.0028340179920727008,0.6347179644570927,0.36244801755083894
kleene_recursion_theorem,0,-0.16157118546246033,0.025616831508855326,0.013035073814612034,8.081057948539804e-05,-1.4026356515079545e-13,0.019226263178897366,0.9798661642929339,0.0009075725283089317
kolmogorov_complexity,0,-0.24235677819369053,0.03842524726328298,0.01955261072191807,0.00012121586922809792,-1.4026356515079525e-13,0.019226263178897328,0.979866164292934,0.0009075725283089431
labor_union_dues_structure,0,-1.0585634409958797,0.15483586828917426,0.1366903868799784,0.047038208104699414,-1.4474601758370458e-14,0.001688663041855637,0.2590427897284718,0.739268547229687
lagrange_multipliers,0,-0.24235677819369053,0.03842524726328298,0.01955261072191807,0.00012121586922809792,-1.4026356515079525e-13,0.019226263178897328,0.979866164292934,0.0009075725283089431
landscape_of_fear_2026,0,-0.9535736068695516,0.3236404628375536,0.34826183885895556,0.0313878466395216,-5.820235404242649e-15,0.0036558194761016675,0.8332332748608129,0.16311090566309128
large_cardinals_foundations,0,-0.7671910017647918,0.1172504369305066,0.0967156976376984,0.09186702842257008,-2.5768518860558226e-15,0.0003281998695618054,0.04395407193782687,0.9557177281926139
latent_goal_activation,0,-1.1165042395242126,0.38036289269204454,0.4057331655692364,0.06245563016706634,-4.478132654015137e-15,0.00283399769960409,0.6347167236926957,0.36244927860770465
latent_regulatory_bomb,0,-0.9533461853407827,0.3237823480149355,0.34786595376544155,0.03533298276358946,-5.584638493752696e-15,0.0035125874422724888,0.7980688718459489,0.1984185407117842
lcdm_hubble_tension,0,-0.7582027009160185,0.12285811474005173,0.08106927075229738,0.24778925163708204,-3.603551767394613e-16,5.159347895770499e-05,0.00442176201959979,0.9955266445014428
legacy_system_technical_debt,0,-0.9472545045474109,0.3275828642395883,0.33726183183557723,0.1410068390793045,-1.4087112739667004e-15,0.0009186667385182146,0.1916662925297213,0.8074150407317618
legal_formalism_overhang,0,-0.7705046375927496,0.1151831049159259,0.10248392475640473,0.03438458831388831,-1.4159964017488398e-14,0.0017255049407949787,0.26887217152015264,0.7294023235390665
legibility_trap,0,-0.9069756583049653,0.35408700315431907,0.26938627690299866,0.041895958907848974,-6.635305162381137e-15,0.005514633050962574,0.6282656210062221,0.366219745942822
legitimacy_without_capacity,0,-0.9533461853407827,0.3237823480149355,0.34786595376544155,0.03533298276358946,-5.584638493752696e-15,0.0035125874422724888,0.7980688718459489,0.1984185407117842
legitimacy_without_effectiveness,0,-1.176033095598477,0.17580560771851908,0.1564223487291704,0.0524822110798934,-1.4159795036519278e-14,0.0017254816136691316,0.26886743627467824,0.7294070821116668
lehman_repo_105,5,-1.2823923605884409,0.43524020056494045,0.4683527777937629,0.04221071265048243,-5.820248241078524e-15,0.0036558189207463753,0.8332370752051321,0.16310710587412733
liar_paradox,0,-0.16157118546246033,0.025616831508855326,0.013035073814612034,8.081057948539804e-05,-1.4026356515079545e-13,0.019226263178897366,0.9798661642929339,0.0009075725283089317
lindy_effect,0,-0.7705046375927496,0.1151831049159259,0.10248392475640473,0.03438458831388831,-1.4159964017488398e-14,0.0017255049407949787,0.26887217152015264,0.7294023235390665
linguistic_relativity_cultural_framing,3,-1.049840297856946,0.16044747559460418,0.13234779360226648,0.12571247379464212,-2.576863627010766e-15,0.00032819937005679016,0.04395427180798753,0.9557175288219583
liquidity_illusion,0,-1.176033095598477,0.17580560771851908,0.1564223487291704,0.0524822110798934,-1.4159795036519278e-14,0.0017254816136691316,0.26886743627467824,0.7294070821116668
litany_of_the_real,0,-0.6205690874245615,0.11485118059155473,0.022337761951349358,0.3590027190130704,-1.1549889236907636e-16,2.1572251729631937e-05,0.00016061998504852308,0.9998178077632219
litchfield_sensitive_locations_2026,0,-1.1165042395242126,0.38036289269204454,0.4057331655692364,0.06245563016706634,-4.478132654015137e-15,0.00283399769960409,0.6347167236926957,0.36244927860770465
lln_convergence,0,-0.16157118546246033,0.025616831508855326,0.013035073814612034,8.081057948539804e-05,-1.4026356515079545e-13,0.019226263178897366,0.9798661642929339,0.0009075725283089317
lobs_theorem,0,-0.16157118546246033,0.025616831508855326,0.013035073814612034,8.081057948539804e-05,-1.4026356515079545e-13,0.019226263178897366,0.9798661642929339,0.0009075725283089317
local_vs_global_optima,0,-0.24235677819369053,0.03842524726328298,0.01955261072191807,0.00012121586922809792,-1.4026356515079525e-13,0.019226263178897328,0.979866164292934,0.0009075725283089431
logistic_map_dynamics,0,-0.24235677819369053,0.03842524726328298,0.01955261072191807,0.00012121586922809792,-1.4026356515079525e-13,0.019226263178897328,0.979866164292934,0.0009075725283089431
lorenz_attractor,0,-0.16157118546246033,0.025616831508855326,0.013035073814612034,8.081057948539804e-05,-1.4026356515079545e-13,0.019226263178897366,0.9798661642929339,0.0009075725283089317
lorenz_attractor_dynamics,0,-0.16157118546246033,0.025616831508855326,0.013035073814612034,8.081057948539804e-05,-1.4026356515079545e-13,0.019226263178897366,0.9798661642929339,0.0009075725283089317
lowenheim_skolem_theorem,0,-0.24235677819369053,0.03842524726328298,0.01955261072191807,0.00012121586922809792,-1.4026356515079525e-13,0.019226263178897328,0.979866164292934,0.0009075725283089431
lp_pikachu_illustrator,5,-1.1182365117123942,0.3792821517963853,0.4087486265105217,0.032405486615094986,-6.032985008615655e-15,0.003784571640276724,0.865167592562569,0.13104783579716034
lsd_microdosing_professional_openness,0,-1.0444462185823695,0.16381276778496276,0.12295802479015133,0.21928486827029997,-8.656597178066575e-16,0.00011611746613633575,0.0128769059045653,0.9870069766292993
lula_hemisphere_2026,0,-0.9523121441723569,0.32442747213927203,0.3460659417486565,0.053270744370479794,-4.4781536874348765e-15,0.0028340179920727008,0.6347179644570927,0.36244801755083894
lung_transplant_protocol,5,-0.9904801469427791,0.19941890753759953,0.03217330609136363,0.031022022207970693,-3.7415667408237655e-14,0.008270306800942632,0.04237171565242429,0.9493579775466705
lyapunov_stability,0,-0.24235677819369053,0.03842524726328298,0.01955261072191807,0.00012121586922809792,-1.4026356515079525e-13,0.019226263178897328,0.979866164292934,0.0009075725283089431
magna_carta_liberties,3,-0.7582027009160185,0.12285811474005173,0.08106927075229738,0.24778925163708204,-3.603551767394613e-16,5.159347895770499e-05,0.00442176201959979,0.9955266445014428
maha_recovery_2026,6,-1.0155105759165182,0.2824436137012897,0.2924939468471535,0.053047993362916795,-6.248251022637371e-15,0.0026356036190414733,0.5563473892470203,0.4410170071339445
maintenance_capacity_shortfall,0,-0.8390904662337992,0.3996426755469481,0.44204160104694884,0.053669808748230255,-2.4695578099667154e-15,0.003054726610905953,0.7356150931169874,0.2613301802721092
maladaptive_selection_process,0,-1.0753570448766865,0.24160877019572594,-0.01395341549984748,0.062046228825584554,-1.1551892080121502e-14,0.003179802541541972,0.0020875242458516068,0.994732673212618
mandatrophic_margin_collapse_diagnostic,0,-1.114184299575858,0.381810271455478,0.40169471921645267,0.10270018812720398,-2.7784510772557665e-15,0.0017791432181511798,0.3876177457413522,0.6106031110404994
manga_distribution_duopoly,6,-0.8878103727784081,0.3013204169802501,0.32424433885864157,0.029222972847296892,-5.82023743958793e-15,0.003655816603814204,0.8332355643995761,0.16310861899661552
manganese_catalysis_2026,0,-0.7705046375927496,0.1151831049159259,0.10248392475640473,0.03438458831388831,-1.4159964017488398e-14,0.0017255049407949787,0.26887217152015264,0.7294023235390665
marriage_market_asymmetry_2026,0,-1.1751131657859557,0.1763795393306011,0.1548209765907112,0.06844045546700736,-9.390324178588202e-15,0.0011535717663448712,0.17494580287381828,0.8239006253598462
mars_rovers_navigational_autonomy,0,-0.3635351599394622,0.05763727908971191,0.029329373019752556,0.0001813868584864091,-1.4025994346989424e-13,0.019225372719249074,0.9798714348170671,0.0009031924638240726
martian_signal_latency,0,-0.16157118546246033,0.025616831508855326,0.013035073814612034,8.081057948539804e-05,-1.4026356515079545e-13,0.019226263178897366,0.9798661642929339,0.0009075725283089317
matching_markets,0,-0.7705046375927496,0.1151831049159259,0.10248392475640473,0.03438458831388831,-1.4159964017488398e-14,0.0017255049407949787,0.26887217152015264,0.7294023235390665
material_tensile_strength,0,-0.16157118546246033,0.025616831508855326,0.013035073814612034,8.081057948539804e-05,-1.4026356515079545e-13,0.019226263178897366,0.9798661642929339,0.0009075725283089317
max_flow,0,-1.055301733734281,0.15704016054219763,0.14185481373674347,0.030971628081433195,-2.3927068971702675e-14,0.002889246981174138,0.4640310856231999,0.5330796673956499
mco_unit_system_discontinuity,3,-0.3649761223596621,0.05456063781669911,0.0485454011648436,0.016287958284703582,-1.4159260649897979e-14,0.0017254308429591567,0.2688627155874669,0.729411853569588
mean_value_theorem,0,-0.16157118546246033,0.025616831508855326,0.013035073814612034,8.081057948539804e-05,-1.4026356515079545e-13,0.019226263178897366,0.9798661642929339,0.0009075725283089317
med_diet_consensus_2026,3,-1.0543747077291157,0.15761851937169166,0.14024108886763612,0.04705297183427046,-1.4159800798927584e-14,0.001725475036665025,0.2688688291525606,0.7294056958107885
medical_residency_match,3,-0.7705046375927496,0.1151831049159259,0.10248392475640473,0.03438458831388831,-1.4159964017488398e-14,0.0017255049407949787,0.26887217152015264,0.7294023235390665
medieval_church_hegemony,0,-0.9523121441723569,0.32442747213927203,0.3460659417486565,0.053270744370479794,-4.4781536874348765e-15,0.0028340179920727008,0.6347179644570927,0.36244801755083894
memetic_fitness_vs_truth,0,-0.9513922143598356,0.32500140375135406,0.3444645696101973,0.06922898875759376,-3.593335299161772e-15,0.002286525451778465,0.505580594084178,0.49213288046404696
meta_model_lock_in,0,-0.9412380777324816,0.331336430537654,0.3267887086218606,0.2453752464762603,-5.296785291948394e-16,0.00035791407710221104,0.06852833782084734,0.931113748102051
meta_nda,5,-1.176033095598477,0.17580560771851908,0.1564223487291704,0.0524822110798934,-1.4159795036519278e-14,0.0017254816136691316,0.26886743627467824,0.7294070821116668
meta_nuclear_power_agreement,3,-1.0543747077291157,0.15761851937169166,0.14024108886763612,0.04705297183427046,-1.4159800798927584e-14,0.001725475036665025,0.2688688291525606,0.7294056958107885
meta_pay_or_okay_model,0,-1.1513651848291386,0.19119557943357748,0.11348156728873572,0.4804024102282516,-2.2154864049403555e-16,3.33139098270928e-05,0.002310022844867467,0.9976566632453057
metabolic_constraint_cognition,0,-1.055301733734281,0.15704016054219763,0.14185481373674347,0.030971628081433195,-2.3927068971702675e-14,0.002889246981174138,0.4640310856231999,0.5330796673956499
metamorphosis_samsa,0,-1.3764782042442776,0.20756369826006107,0.17935363675929103,0.10177569949781763,-6.259567583941192e-15,0.0007761317750549384,0.1140640402654886,0.8851598279594627
mexican_airline_merger,0,-1.0300085568292283,0.17282022723664073,0.09782559733613426,0.46973846972892713,-1.8554459772765548e-16,2.8482807931097285e-05,0.001796364181380464,0.9981751530106887
micro_robot_electronics_integration,0,-1.0444462185823695,0.16381276778496276,0.12295802479015133,0.21928486827029997,-8.656597178066575e-16,0.00011611746613633575,0.0128769059045653,0.9870069766292993
microrobot_manipulation,0,-0.35989521102905087,0.05785060039657882,0.031408688132317106,0.01415711297959699,-2.068680687634268e-14,0.002914634321300287,0.1691078003106178,0.8279775653681025
minimax_theorem,0,-0.16157118546246033,0.025616831508855326,0.013035073814612034,8.081057948539804e-05,-1.4026356515079545e-13,0.019226263178897366,0.9798661642929339,0.0009075725283089317
minnesota_sovereignty_2026,0,-0.9472545045474109,0.3275828642395883,0.33726183183557723,0.1410068390793045,-1.4087112739667004e-15,0.0009186667385182146,0.1916662925297213,0.8074150407317618
mirror_of_erised_expectation,0,-1.177067136766903,0.17516048359418254,0.15822236074595547,0.034544449473003065,-2.3927717163645742e-14,0.0028893361900697322,0.4640419453521768,0.5330687184577775
misunderstanding_as_mismatch,0,-1.0543747077291157,0.15761851937169166,0.14024108886763612,0.04705297183427046,-1.4159800798927584e-14,0.001725475036665025,0.2688688291525606,0.7294056958107885
mit_tfus_consciousness_2026,0,-1.1075232194293059,0.22131795451747135,0.2144967444941653,0.05272368295701968,-1.0091358474766717e-14,0.0021973753987462206,0.4062637614332636,0.5915388631680003
mltt_economic_model,0,-1.0543747077291157,0.15761851937169166,0.14024108886763612,0.04705297183427046,-1.4159800798927584e-14,0.001725475036665025,0.2688688291525606,0.7294056958107885
model_autonomy_creep,6,-0.9069756583049653,0.35408700315431907,0.26938627690299866,0.041895958907848974,-6.635305162381137e-15,0.005514633050962574,0.6282656210062221,0.366219745942822
model_collapse_feedback_loop,0,-0.9104574262931141,0.25322536599485296,0.2622367722184328,0.04756022681767533,-6.2482297234070005e-15,0.0026355977433746756,0.556349376597701,0.44101502565893064
model_of_models_regression,0,-0.9523121441723569,0.32442747213927203,0.3460659417486565,0.053270744370479794,-4.4781536874348765e-15,0.0028340179920727008,0.6347179644570927,0.36244801755083894
moltbook_agent_theater,0,-1.380010448587559,0.20535997938649733,0.18550240767699672,0.04050100473540179,-2.392731464207889e-14,0.0028892681110023848,0.4640353157273632,0.5330754161616584
moltbook_breach_2026,5,-0.9528550029096244,0.3240887900072527,0.34701092564323965,0.04385364289264695,-5.056426080250589e-15,0.003189664854547414,0.7197787889000349,0.2770315462454228
moltbot_religion,0,-0.9523121441723569,0.32442747213927203,0.3460659417486565,0.053270744370479794,-4.4781536874348765e-15,0.0028340179920727008,0.6347179644570927,0.36244801755083894
mom_z14_galaxy_2026,0,-0.24235677819369053,0.03842524726328298,0.01955261072191807,0.00012121586922809792,-1.4026356515079525e-13,0.019226263178897328,0.979866164292934,0.0009075725283089431
monetary_regime_transition,0,-0.9523121441723569,0.32442747213927203,0.3460659417486565,0.053270744370479794,-4.4781536874348765e-15,0.0028340179920727008,0.6347179644570927,0.36244801755083894
monopoly_fp_house_rule,0,-0.7705046375927496,0.1151831049159259,0.10248392475640473,0.03438458831388831,-1.4159964017488398e-14,0.0017255049407949787,0.26887217152015264,0.7294023235390665
monty_hall_conditional_probability,0,-0.16157118546246033,0.025616831508855326,0.013035073814612034,8.081057948539804e-05,-1.4026356515079545e-13,0.019226263178897366,0.9798661642929339,0.0009075725283089317
moores_law,0,-1.0558832781669305,0.15667734293460964,0.14286713993711814,0.02088343651304427,-3.345838865786227e-14,0.004017099620174976,0.6574468062856762,0.3385360940941823
msgs_asset_bundling,5,-1.0543747077291157,0.15761851937169166,0.14024108886763612,0.04705297183427046,-1.4159800798927584e-14,0.001725475036665025,0.2688688291525606,0.7294056958107885
mutual_defection_equilibrium,0,-1.170975455973531,0.17896099981883537,0.14761823881609112,0.1402183057887181,-2.576843973207901e-15,0.00032819831137399715,0.04395368576338785,0.9557181159252407
n26usc469_real_estate_exemption,0,-1.0543747077291157,0.15761851937169166,0.14024108886763612,0.04705297183427046,-1.4159800798927584e-14,0.001725475036665025,0.2688688291525606,0.7294056958107885
naming_as_control,0,-0.9523121441723569,0.32442747213927203,0.3460659417486565,0.053270744370479794,-4.4781536874348765e-15,0.0028340179920727008,0.6347179644570927,0.36244801755083894
narcissistic_ego_maintenance,0,-1.3802771280853103,0.20519360169988446,0.18596663126425766,0.03587485115257435,-2.697087864125497e-14,0.0032502528646771675,0.5254788986195398,0.47127084851581
narrative_capacity_exhaustion,0,-1.0543747077291157,0.15761851937169166,0.14024108886763612,0.04705297183427046,-1.4159800798927584e-14,0.001725475036665025,0.2688688291525606,0.7294056958107885
narrative_engineering_2026,3,-1.0526006023407504,0.15872535942806212,0.1371528065868041,0.0778288060019171,-6.259515844852731e-15,0.0007761276610860058,0.11406322171818697,0.8851606506207332
narrative_overfitting,3,-1.0444462185823695,0.16381276778496276,0.12295802479015133,0.21928486827029997,-8.656597178066575e-16,0.00011611746613633575,0.0128769059045653,0.9870069766292993
nash_equilibrium_coordination,0,-0.6997958832818155,0.11248671472002172,0.061071505169694396,0.027527120801632343,-2.0687639611119888e-14,0.002914725430606872,0.16910955396438088,0.8279757206050329
nato_arctic_defense_cooperation,0,-0.9412380777324816,0.331336430537654,0.3267887086218606,0.2453752464762603,-5.296785291948394e-16,0.00035791407710221104,0.06852833782084734,0.931113748102051
ncaa_eligibility_rules,6,-0.9069756583049653,0.35408700315431907,0.26938627690299866,0.041895958907848974,-6.635305162381137e-15,0.005514633050962574,0.6282656210062221,0.366219745942822
nds_2022_pacing_challenge,0,-0.8810452631272322,0.37105089758266,0.22552901771092349,0.035390102168738585,-8.847200391685042e-15,0.00855664284604147,0.6222100204957642,0.3692333366582031
necessary_day_job,5,-1.0543747077291157,0.15761851937169166,0.14024108886763612,0.04705297183427046,-1.4159800798927584e-14,0.001725475036665025,0.2688688291525606,0.7294056958107885
negative_emissions_arbitrage,0,-0.9523121441723569,0.32442747213927203,0.3460659417486565,0.053270744370479794,-4.4781536874348765e-15,0.0028340179920727008,0.6347179644570927,0.36244801755083894
nero_imperial_expropriation,5,-1.1739224334013727,0.34279940117863406,0.5028471738190552,0.07686167916951449,-3.243796021856336e-15,0.0015082795785751277,0.6388067275991144,0.3596849928223138
net_zero_stabilization,5,-0.9472545045474109,0.3275828642395883,0.33726183183557723,0.1410068390793045,-1.4087112739667004e-15,0.0009186667385182146,0.1916662925297213,0.8074150407317618
network_effects,5,-0.8185676354211296,0.3128450172123032,0.2489402914487205,0.6588966613824355,-5.931456742254156e-17,4.724302758568384e-05,0.005887966589937616,0.9940647903824767
neurodiversity_spectrum,0,-0.8331970660577396,0.3037179157804021,0.2744065414866242,0.4051163988388181,-1.6046009355203272e-16,0.00011626243317777809,0.018680272988182138,0.9812034645786402
new_civilizational_rope,0,-0.5598368512229277,0.08998951721303118,0.048857263214065826,0.022021101284775357,-2.0688567828312237e-14,0.002914864125106164,0.16911746323933502,0.8279676726355795
new_start_expiration,0,-1.1165042395242126,0.38036289269204454,0.4057331655692364,0.06245563016706634,-4.478132654015137e-15,0.00283399769960409,0.6347167236926957,0.36244927860770465
news_paywall_inequality,0,-1.0411431125886579,0.16587353038015792,0.1172081275298261,0.2765846448040375,-5.437258375413377e-16,7.525585511705847e-05,0.007396006546021543,0.992528737598862
newtons_method_convergence,0,-0.24235677819369053,0.03842524726328298,0.01955261072191807,0.00012121586922809792,-1.4026356515079525e-13,0.019226263178897328,0.979866164292934,0.0009075725283089431
nfl_superbowl_halftime_exclusivity,0,-1.176033095598477,0.17580560771851908,0.1564223487291704,0.0524822110798934,-1.4159795036519278e-14,0.0017254816136691316,0.26886743627467824,0.7294070821116668
nfl_superbowl_marketing_regulation,5,-1.0007971022797748,0.3582222763361243,0.3845059373012656,0.05700529300903384,-4.11440517653019e-15,0.002874399751750764,0.6518441931718464,0.34528140707640687
nine_day_buffer,0,-1.0304895840605317,0.2724927883389539,0.27979655348193294,0.052995197920620365,-6.7605692409053325e-15,0.002577704246821514,0.5349380554806532,0.462484240272532
no_cloning_theorem,0,-0.16157118546246033,0.025616831508855326,0.013035073814612034,8.081057948539804e-05,-1.4026356515079545e-13,0.019226263178897366,0.9798661642929339,0.0009075725283089317
noethers_isomorphism_theorems,0,-0.24235677819369053,0.03842524726328298,0.01955261072191807,0.00012121586922809792,-1.4026356515079525e-13,0.019226263178897328,0.979866164292934,0.0009075725283089431
noethers_theorem,0,-0.24235677819369053,0.03842524726328298,0.01955261072191807,0.00012121586922809792,-1.4026356515079525e-13,0.019226263178897328,0.979866164292934,0.0009075725283089431
noethers_theorem_symmetry,0,-0.16157118546246033,0.025616831508855326,0.013035073814612034,8.081057948539804e-05,-1.4026356515079545e-13,0.019226263178897366,0.9798661642929339,0.0009075725283089317
non_compete_agreements,0,-0.9472545045474109,0.3275828642395883,0.33726183183557723,0.1410068390793045,-1.4087112739667004e-15,0.0009186667385182146,0.1916662925297213,0.8074150407317618
nonstandard_arithmetic_models,0,-0.24235677819369053,0.03842524726328298,0.01955261072191807,0.00012121586922809792,-1.4026356515079525e-13,0.019226263178897328,0.979866164292934,0.0009075725283089431
nonstandard_models_of_arithmetic,0,-0.16157118546246033,0.025616831508855326,0.013035073814612034,8.081057948539804e-05,-1.4026356515079545e-13,0.019226263178897366,0.9798661642929339,0.0009075725283089317
norm_erosion_threshold,0,-1.1464119279088918,0.19428584859389766,0.10485916205873884,0.5663277529767593,-1.5819389556165484e-16,2.4775228843312646e-05,0.001420508430906164,0.9985547163402507
north_sea_wind_grid,0,-1.0543747077291157,0.15761851937169166,0.14024108886763612,0.04705297183427046,-1.4159800798927584e-14,0.001725475036665025,0.2688688291525606,0.7294056958107885
notary_ink_dependency,0,-0.7598036363129257,0.12185931306988099,0.0838561065577964,0.22001743908781218,-4.582714794960491e-16,6.4278325496439e-05,0.0059911777409365026,0.9939445439335676
nsl_hk,4,-1.1058723116679479,0.3869960068829649,0.3872255872568564,0.24689024759882866,-7.034924292735876e-16,0.0004697744963597855,0.09257639699942569,0.9069538285042152
nuclear_site_safety_norms,0,-1.0535498897889681,0.15813311198910615,0.13880528316738025,0.06136128762596399,-9.390098868977347e-15,0.0011535398370148406,0.1749422335589835,0.823904226604011
nuclear_vacuum_2026,0,-1.1177165439191394,0.3796065525819142,0.4078434901341583,0.04142549336478814,-5.5845946245652795e-15,0.003512551538110606,0.7980646714969695,0.19842277696492552
nursery_social_hierarchy,0,-0.7632491812057581,0.11970968479614949,0.0898539550002445,0.1602467406082254,-8.6565863104160405e-16,0.00011611800153754475,0.012876892971595763,0.9870069890268676
nvidia_cuda_ecosystem_lockin,0,-0.9979172911584262,0.359323857951237,0.334993133331575,0.4051312543519214,-2.280604012874502e-16,0.00016123521653390994,0.02758387776934996,0.9722548870141164
ny_private_school_discount,0,-1.176033095598477,0.17580560771851908,0.1564223487291704,0.0524822110798934,-1.4159795036519278e-14,0.0017254816136691316,0.26886743627467824,0.7294070821116668
nyc_metrocard_art_licensing,5,-1.0543747077291157,0.15761851937169166,0.14024108886763612,0.04705297183427046,-1.4159800798927584e-14,0.001725475036665025,0.2688688291525606,0.7294056958107885
oc_donation_model,3,-0.6488457703475992,0.09699633018099006,0.08630185410475008,0.028955228794347993,-1.416014132446101e-14,0.00172552893872457,0.26887325543339335,0.7294012156278962
olympic_legacy_curling_investment,0,-1.0543747077291157,0.15761851937169166,0.14024108886763612,0.04705297183427046,-1.4159800798927584e-14,0.001725475036665025,0.2688688291525606,0.7294056958107885
olympic_medal_allocation,0,-1.0543747077291157,0.15761851937169166,0.14024108886763612,0.04705297183427046,-1.4159800798927584e-14,0.001725475036665025,0.2688688291525606,0.7294056958107885
omega1_patches,0,-0.7692081517512149,0.11599196467777464,0.10022706094322939,0.05687504097890024,-6.259487874505681e-15,0.0007761289164485769,0.11406272902289717,0.8851611420606607
omelet_perfection_complexity,0,-0.7705046375927496,0.1151831049159259,0.10248392475640473,0.03438458831388831,-1.4159964017488398e-14,0.0017255049407949787,0.26887217152015264,0.7294023235390665
ontological_friction_resolution,0,-1.1649590291586018,0.18271456611690104,0.13714511560237447,0.2445867131856739,-8.656612426430885e-16,0.00011611812670923387,0.01287686317818926,0.9870070186951023
open_culture_newsletter,0,-0.7705046375927496,0.1151831049159259,0.10248392475640473,0.03438458831388831,-1.4159964017488398e-14,0.0017255049407949787,0.26887217152015264,0.7294023235390665
open_source_commons,0,-0.37137098804154356,0.05034304532891531,0.05081819282430648,0.01703635028784153,-1.339922228821015e-14,0.0013426710373176285,0.26929283630372425,0.7293644926589715
openai_api_access,3,-1.055301733734281,0.15704016054219763,0.14185481373674347,0.030971628081433195,-2.3927068971702675e-14,0.002889246981174138,0.4640310856231999,0.5330796673956499
openai_codex_app_constraint,0,-0.8625511373586133,0.2851388725882562,0.32507225732781725,0.04995625488622435,-4.170064631752582e-15,0.0024849230629878033,0.6357049850678281,0.36181009186918817
openai_default_data_training,0,-0.9523121441723569,0.32442747213927203,0.3460659417486565,0.053270744370479794,-4.4781536874348765e-15,0.0028340179920727008,0.6347179644570927,0.36244801755083894
openai_health_review,5,-0.9523121441723569,0.32442747213927203,0.3460659417486565,0.053270744370479794,-4.4781536874348765e-15,0.0028340179920727008,0.6347179644570927,0.36244801755083894
openai_implicit_translator,0,-0.8438687669292269,0.2970599877499547,0.2929833548619111,0.21999182931691308,-5.296775924540106e-16,0.0003579126934042574,0.06852836828629799,0.9311137190202983
openai_prism_development,0,-1.1177165439191394,0.3796065525819142,0.4078434901341583,0.04142549336478814,-5.5845946245652795e-15,0.003512551538110606,0.7980646714969695,0.19842277696492552
openbsd_netiquette_protocol,0,-0.7742433541722968,0.11272679882062933,0.10106824645667921,0.0226217800328819,-2.469972062126541e-14,0.002855080946839614,0.4517407319159084,0.5454041871372766
openclaw_data_lock_in,0,-1.104295496930363,0.3883499603416228,0.3850839627831725,0.05939249403914237,-4.854119038328832e-15,0.0032735076416427703,0.6335390745814681,0.36318741777689406
openclaw_regulation,5,-1.0640946646355038,0.15116137663066478,0.13200168375170188,0.04701871259500433,-1.489676206133289e-14,0.0016392305350529555,0.24604413251322974,0.7523166369517322
openscholar_peer_review,3,-1.0558832781669305,0.15667734293460964,0.14286713993711814,0.02088343651304427,-3.345838865786227e-14,0.004017099620174976,0.6574468062856762,0.3385360940941823
optimization_fragility,0,-1.0655338221109143,0.249212268731596,0.25009028245036413,0.05287167999272935,-8.122810255892168e-15,0.002422912194680514,0.48027301368673686,0.5173040741185907
orbital_data_center_2026,5,-0.9211161939893993,0.34389019824645606,0.29176144506229207,0.594434418089716,-9.19058035652367e-17,6.985229913228011e-05,0.009896750579007388,0.9900333971218604
oscar_campaign_spending,3,-1.049840297856946,0.16044747559460418,0.13234779360226648,0.12571247379464212,-2.576863627010766e-15,0.00032819937005679016,0.04395427180798753,0.9557175288219583
other_peoples_troubles_2026,0,-1.0535498897889681,0.15813311198910615,0.13880528316738025,0.06136128762596399,-9.390098868977347e-15,0.0011535398370148406,0.1749422335589835,0.823904226604011
overfitting_to_frameworks,0,-1.0543747077291157,0.15761851937169166,0.14024108886763612,0.04705297183427046,-1.4159800798927584e-14,0.001725475036665025,0.2688688291525606,0.7294056958107885
overton_window,0,-0.9523121441723569,0.32442747213927203,0.3460659417486565,0.053270744370479794,-4.4781536874348765e-15,0.0028340179920727008,0.6347179644570927,0.36244801755083894
p_g_golden_pear_surveillance,0,-0.9533461853407827,0.3237823480149355,0.34786595376544155,0.03533298276358946,-5.584638493752696e-15,0.0035125874422724888,0.7980688718459489,0.1984185407117842
p_vs_np,0,-0.7671910017647918,0.1172504369305066,0.0967156976376984,0.09186702842257008,-2.5768518860558226e-15,0.0003281998695618054,0.04395407193782687,0.9557177281926139
panama_canal_ports,5,-1.176033095598477,0.17580560771851908,0.1564223487291704,0.0524822110798934,-1.4159795036519278e-14,0.0017254816136691316,0.26886743627467824,0.7294070821116668
pancreatic_cancer_lethality_v1,0,-0.16157118546246033,0.025616831508855326,0.013035073814612034,8.081057948539804e-05,-1.4026356515079545e-13,0.019226263178897366,0.9798661642929339,0.0009075725283089317
parable_fish_turtle,0,-1.1627955488125759,0.1840643318770728,0.13337902703662324,0.28211712867897676,-6.506865947091255e-16,8.890607236220777e-05,0.009188887820504544,0.9907222061071339
paradoxical_decompositions,0,-0.8393782426490725,0.30044455010497906,0.32248911644109435,0.047810754549717185,-4.114409127137033e-15,0.0028744034744035093,0.6518458503608479,0.34527974616475277
pareto_principle,0,-0.7692081517512149,0.11599196467777464,0.10022706094322939,0.05687504097890024,-6.259487874505681e-15,0.0007761289164485769,0.11406272902289717,0.8851611420606607
paris_municipal_reform_2026,0,-1.0543747077291157,0.15761851937169166,0.14024108886763612,0.04705297183427046,-1.4159800798927584e-14,0.001725475036665025,0.2688688291525606,0.7294056958107885
parkinsons_law,0,-1.0543747077291157,0.15761851937169166,0.14024108886763612,0.04705297183427046,-1.4159800798927584e-14,0.001725475036665025,0.2688688291525606,0.7294056958107885
participatory_observer_hypothesis,0,-1.0650216906406693,0.15058301780117075,0.13361540862080923,0.030937368842167065,-2.5754173311013142e-14,0.0028074350004525742,0.43507739314433574,0.5621151718552374
pe_rental_market_lockin,0,-0.9523121441723569,0.32442747213927203,0.3460659417486565,0.053270744370479794,-4.4781536874348765e-15,0.0028340179920727008,0.6347179644570927,0.36244801755083894
peano_curve_mapping,0,-0.16157118546246033,0.025616831508855326,0.013035073814612034,8.081057948539804e-05,-1.4026356515079545e-13,0.019226263178897366,0.9798661642929339,0.0009075725283089317
permissive_software_licensing,0,-0.7705046375927496,0.1151831049159259,0.10248392475640473,0.03438458831388831,-1.4159964017488398e-14,0.0017255049407949787,0.26887217152015264,0.7294023235390665
perovskite_self_etching,6,-0.8529724381358256,0.29138033195409807,0.3088306132391401,0.062068248672577084,-3.593282468941409e-15,0.0022864875371537453,0.5055740460235058,0.4921394664393439
perseverance_ai_drive,0,-0.5598368512229277,0.08998951721303118,0.048857263214065826,0.022021101284775357,-2.0688567828312237e-14,0.002914864125106164,0.16911746323933502,0.8279676726355795
personalized_nutritional_arbitrage,0,-1.0543747077291157,0.15761851937169166,0.14024108886763612,0.04705297183427046,-1.4159800798927584e-14,0.001725475036665025,0.2688688291525606,0.7294056958107885
peter_principle,0,-1.0558832781669305,0.15667734293460964,0.14286713993711814,0.02088343651304427,-3.345838865786227e-14,0.004017099620174976,0.6574468062856762,0.3385360940941823
pfas_regulatory_framework,0,-1.094490304803738,0.39409708509500874,0.3674123053912083,0.4443366665349084,-2.2806137666034395e-16,0.0001612357558899014,0.02758404929564553,0.9722547149484648
pla_aerial_carrier_doctrine,6,-0.9535736068695516,0.3236404628375536,0.34826183885895556,0.0313878466395216,-5.820235404242649e-15,0.0036558194761016675,0.8332332748608129,0.16311090566309128
pla_loyalty_purge,5,-1.1171406649951332,0.37996583555624586,0.4068410261945431,0.051415403987962495,-5.056374745382996e-15,0.003189625088400658,0.7197733045741597,0.27703707033744485
planetary_boundaries,0,-0.9837616764832838,0.4685461722703416,0.5182562727758968,0.06292349841708182,-2.4695501808564154e-15,0.0030547090569943763,0.7356138728858428,0.2613314180571652
planetary_diet_constraint_2026,5,-0.8505442812496496,0.2928952257830648,0.3046037877439721,0.10419007195999513,-1.8995428619216446e-15,0.0012283067374412628,0.2614860712374259,0.7372856220251347
planning_fallacy,0,-1.0543747077291157,0.15761851937169166,0.14024108886763612,0.04705297183427046,-1.4159800798927584e-14,0.001725475036665025,0.2688688291525606,0.7294056958107885
plastic_asphalt_mandate,0,-0.9472545045474109,0.3275828642395883,0.33726183183557723,0.1410068390793045,-1.4087112739667004e-15,0.0009186667385182146,0.1916662925297213,0.8074150407317618
platform_app_store_duopoly,6,-0.9539947430120302,0.3233777217654969,0.3489949335754048,0.02408229637857158,-6.220945818402168e-15,0.0038977291649025425,0.8935635020166861,0.10253876881841743
platform_cooperativism_governance,3,-1.0543747077291157,0.15761851937169166,0.14024108886763612,0.04705297183427046,-1.4159800798927584e-14,0.001725475036665025,0.2688688291525606,0.7294056958107885
platonic_coparenting_decoupling,0,-0.7776076568539178,0.11046444106758294,0.09646284320196037,0.034359552808204095,-1.4896936722078107e-14,0.0016392603111457852,0.24604738542851076,0.7523133542603583
po_investigation_protocol_bias,0,-1.380010448587559,0.20535997938649733,0.18550240767699672,0.04050100473540179,-2.392731464207889e-14,0.0028892681110023848,0.4640353157273632,0.5330754161616584
poetic_verse_and_past,0,-1.0842973477395164,0.23581994731179487,0.0012654973409526337,0.029465992879792447,-5.164985550654673e-14,0.013321723174918022,7.551226811269195e-05,0.9866027645570209
poincare_conjucture,0,-0.24235677819369053,0.03842524726328298,0.01955261072191807,0.00012121586922809792,-1.4026356515079525e-13,0.019226263178897328,0.979866164292934,0.0009075725283089431
polar_bear_biobanking,0,-0.8896192267650678,0.26706855790552486,0.2799008801411129,0.04763367373419791,-5.528032116158163e-15,0.0027166567461628884,0.5873452839256375,0.40993805932820515
politeness_face_negotiation,0,-0.7742433541722968,0.11272679882062933,0.10106824645667921,0.0226217800328819,-2.469972062126541e-14,0.002855080946839614,0.4517407319159084,0.5454041871372766
political_art_factional_alignment,0,-0.853797256075973,0.2908657393366836,0.31026641893939594,0.04775993288088355,-4.478151080995807e-15,0.002834010007081781,0.6347190007806824,0.3624469892122403
political_dissident_containment,0,-1.5838248600230358,0.2350160501052808,0.21430061028688166,0.031326147506386744,-3.345768872529981e-14,0.00401701709529312,0.6574324891181398,0.3385504937866006
portugal_government_stability_ad,0,-0.5598368512229277,0.08998951721303118,0.048857263214065826,0.022021101284775357,-2.0688567828312237e-14,0.002914864125106164,0.16911746323933502,0.8279676726355795
portugal_polarization_threshold_2026,6,-0.8547242820811383,0.29028738050718955,0.3118801438085033,0.03167858912804629,-5.584578857667388e-15,0.003512543127161702,0.7980617871445408,0.19842566972830317
portuguese_presidential_term_limits,0,-0.16157118546246033,0.025616831508855326,0.013035073814612034,8.081057948539804e-05,-1.4026356515079545e-13,0.019226263178897366,0.9798661642929339,0.0009075725283089317
postman_survival_protocol,0,-0.7705046375927496,0.1151831049159259,0.10248392475640473,0.03438458831388831,-1.4159964017488398e-14,0.0017255049407949787,0.26887217152015264,0.7294023235390665
power_set,0,-0.24235677819369053,0.03842524726328298,0.01955261072191807,0.00012121586922809792,-1.4026356515079525e-13,0.019226263178897328,0.979866164292934,0.0009075725283089431
power_without_responsibility,5,-1.1740542879432756,0.17704015871587966,0.15297773001665763,0.08680906485392925,-6.2595155784338685e-15,0.0007761308671456374,0.11406266446330005,0.8851612046695606
prestige_signal_inflation,0,-1.177067136766903,0.17516048359418254,0.15822236074595547,0.034544449473003065,-2.3927717163645742e-14,0.0028893361900697322,0.4640419453521768,0.5330687184577775
price_signal_corruption,0,-0.9412380777324816,0.331336430537654,0.3267887086218606,0.2453752464762603,-5.296785291948394e-16,0.00035791407710221104,0.06852833782084734,0.931113748102051
prime_age_male_unwork,0,-1.176033095598477,0.17580560771851908,0.1564223487291704,0.0524822110798934,-1.4159795036519278e-14,0.0017254816136691316,0.26886743627467824,0.7294070821116668
prime_number_theorem,0,-0.16157118546246033,0.025616831508855326,0.013035073814612034,8.081057948539804e-05,-1.4026356515079545e-13,0.019226263178897366,0.9798661642929339,0.0009075725283089317
prisoners_dilemma_equilibrium,4,-0.16157118546246033,0.025616831508855326,0.013035073814612034,8.081057948539804e-05,-1.4026356515079545e-13,0.019226263178897366,0.9798661642929339,0.0009075725283089317
private_credit_market_opacity,6,-0.9523121441723569,0.32442747213927203,0.3460659417486565,0.053270744370479794,-4.4781536874348765e-15,0.0028340179920727008,0.6347179644570927,0.36244801755083894
private_identity_integration,0,-0.761831716725115,0.12059402147419987,0.08738649705327736,0.18483583891145564,-6.506834792774947e-16,8.890583111273997e-05,0.009188890244206816,0.9907222039246811
procedural_compliance_theater,0,-0.7837074191131976,0.33742768259658545,0.36968011457692845,0.04800697353319891,-2.968361584613521e-15,0.0030005254422261485,0.7088980597116836,0.28810141484609314
procedural_legitimacy_decay,5,-1.0543747077291157,0.15761851937169166,0.14024108886763612,0.04705297183427046,-1.4159800798927584e-14,0.001725475036665025,0.2688688291525606,0.7294056958107885
project_vault_2026,0,-0.8682162695028736,0.2812869285683881,0.29804372143769753,0.04770911121204992,-4.874290569179641e-15,0.0027898553484936237,0.6165073398959678,0.38070280475554347
project_vault_extraction_2026,4,-1.1035208966715753,0.38846302249782266,0.3831323505665204,0.2876808108101584,-5.296805191334652e-16,0.00035791446956254957,0.06852881890357972,0.9311132666268582
proof_of_work_consensus,5,-0.9335355039815568,0.33614196081820086,0.3133804172160716,0.378993651547986,-2.2806051853551376e-16,0.000161235584133902,0.027583848465054357,0.9722549159508119
protocol_capture_tangled_rope,5,-0.9503333365171555,0.3256620231366326,0.34262132303614373,0.08759759814451565,-2.7784385029257203e-15,0.0017791399123038526,0.38761480565544504,0.6106060544322539
protocol_drift_accumulation,3,-1.0543747077291157,0.15761851937169166,0.14024108886763612,0.04705297183427046,-1.4159800798927584e-14,0.001725475036665025,0.2688688291525606,0.7294056958107885
public_domain_commons,0,-1.0543747077291157,0.15761851937169166,0.14024108886763612,0.04705297183427046,-1.4159800798927584e-14,0.001725475036665025,0.2688688291525606,0.7294056958107885
publishing_embargo,0,-0.853797256075973,0.2908657393366836,0.31026641893939594,0.04775993288088355,-4.478151080995807e-15,0.002834010007081781,0.6347190007806824,0.3624469892122403
pythagorean_theorem,0,-0.16157118546246033,0.025616831508855326,0.013035073814612034,8.081057948539804e-05,-1.4026356515079545e-13,0.019226263178897366,0.9798661642929339,0.0009075725283089317
pythagorean_theorem_geometric_constancy,0,-0.16157118546246033,0.025616831508855326,0.013035073814612034,8.081057948539804e-05,-1.4026356515079545e-13,0.019226263178897366,0.9798661642929339,0.0009075725283089317
qualified_immunity,0,-1.3831970497283304,0.20315043896622556,0.17687143073267622,0.08022194634417323,-9.55358760916536e-15,0.0011237272737615932,0.167662710036261,0.8312135626899869
quantum_entanglement_protocol,0,-0.9523121441723569,0.32442747213927203,0.3460659417486565,0.053270744370479794,-4.4781536874348765e-15,0.0028340179920727008,0.6347179644570927,0.36244801755083894
quantum_nonlocality_2026,0,-0.24235677819369053,0.03842524726328298,0.01955261072191807,0.00012121586922809792,-1.4026356515079525e-13,0.019226263178897328,0.979866164292934,0.0009075725283089431
quellcrist_falconer_justice,5,-1.1165042395242126,0.38036289269204454,0.4057331655692364,0.06245563016706634,-4.478132654015137e-15,0.00283399769960409,0.6347167236926957,0.36244927860770465
quine_self_replication,0,-0.24235677819369053,0.03842524726328298,0.01955261072191807,0.00012121586922809792,-1.4026356515079525e-13,0.019226263178897328,0.979866164292934,0.0009075725283089431
qwerty_vs_dvorak,0,-0.7554506371720591,0.12457508962185723,0.0762786028743189,0.2955299653276767,-2.519220423422266e-16,3.7354541506957406e-05,0.0027566534063569134,0.9972059920521364
raac_school_maintenance,0,-0.9418991432840421,0.33123974964375374,0.32845395875356925,0.05065815433707456,-4.8541300503058065e-15,0.003273516302791002,0.6335404173665523,0.3631860663306615
ramsey_numbers,0,-0.24235677819369053,0.03842524726328298,0.01955261072191807,0.00012121586922809792,-1.4026356515079525e-13,0.019226263178897328,0.979866164292934,0.0009075725283089431
rare_earth_dependency,0,-1.176033095598477,0.17580560771851908,0.1564223487291704,0.0524822110798934,-1.4159795036519278e-14,0.0017254816136691316,0.26886743627467824,0.7294070821116668
rare_earth_export_restrictions,5,-0.9375538375209538,0.3336349775519139,0.32037535018317526,0.30928665023352375,-3.4003370889846747e-16,0.000234800868745108,0.042615780801664095,0.9571494183295911
rare_earth_seabed_mining,5,-0.9495439995402282,0.3261544796669871,0.3412472809891286,0.10129041710759265,-2.3063004492393878e-15,0.0014837454519740392,0.31970307742225607,0.6788131771257723
rational_inertia_trap,0,-1.0543747077291157,0.15761851937169166,0.14024108886763612,0.04705297183427046,-1.4159800798927584e-14,0.001725475036665025,0.2688688291525606,0.7294056958107885
reciprocity_laws_math,0,-0.16157118546246033,0.025616831508855326,0.013035073814612034,8.081057948539804e-05,-1.4026356515079545e-13,0.019226263178897366,0.9798661642929339,0.0009075725283089317
regional_military_deterrence_mideast,0,-0.9412380777324816,0.331336430537654,0.3267887086218606,0.2453752464762603,-5.296785291948394e-16,0.00035791407710221104,0.06852833782084734,0.931113748102051
regulatory_capture,0,-0.9412380777324816,0.331336430537654,0.3267887086218606,0.2453752464762603,-5.296785291948394e-16,0.00035791407710221104,0.06852833782084734,0.931113748102051
regulatory_pathway_psychedelic_therapy,0,-0.8741347042841819,0.37636215593959016,0.41233533001538003,0.05354629082033924,-2.9683584348291125e-15,0.003000533780766366,0.7088974814919689,0.2881019847272677
relativity_of_simultaneity,0,-0.24235677819369053,0.03842524726328298,0.01955261072191807,0.00012121586922809792,-1.4026356515079525e-13,0.019226263178897328,0.979866164292934,0.0009075725283089431
relativity_physical_invariance,0,-0.24235677819369053,0.03842524726328298,0.01955261072191807,0.00012121586922809792,-1.4026356515079525e-13,0.019226263178897328,0.979866164292934,0.0009075725283089431
rent_seeking_equilibrium,5,-1.1740542879432756,0.17704015871587966,0.15297773001665763,0.08680906485392925,-6.2595155784338685e-15,0.0007761308671456374,0.11406266446330005,0.8851612046695606
reputational_cascade_failure,0,-1.1777156944381504,0.17475585734474394,0.15935134055591865,0.023293763087985184,-3.345782227539777e-14,0.004017049983835009,0.657432105149365,0.3385508448668334
responsibility_dilution,0,-0.945652424603303,0.32858237997708356,0.3344730036541672,0.16879850636498137,-1.0426756137233164e-15,0.0006864385831503988,0.14000095469788232,0.8593126067189684
responsibility_without_power,0,-1.0543747077291157,0.15761851937169166,0.14024108886763612,0.04705297183427046,-1.4159800798927584e-14,0.001725475036665025,0.2688688291525606,0.7294056958107885
rfc9293_state_machine,0,-0.16157118546246033,0.025616831508855326,0.013035073814612034,8.081057948539804e-05,-1.4026356515079545e-13,0.019226263178897366,0.9798661642929339,0.0009075725283089317
rices_theorem_undecidability,0,-0.24235677819369053,0.03842524726328298,0.01955261072191807,0.00012121586922809792,-1.4026356515079525e-13,0.019226263178897328,0.979866164292934,0.0009075725283089431
riemann_mapping_theorem,0,-0.16157118546246033,0.025616831508855326,0.013035073814612034,8.081057948539804e-05,-1.4026356515079545e-13,0.019226263178897366,0.9798661642929339,0.0009075725283089317
risk_socialization_threshold,5,-1.177067136766903,0.17516048359418254,0.15822236074595547,0.034544449473003065,-2.3927717163645742e-14,0.0028893361900697322,0.4640419453521768,0.5330687184577775
ritualistic_transition_scaffold,0,-0.5598368512229277,0.08998951721303118,0.048857263214065826,0.022021101284775357,-2.0688567828312237e-14,0.002914864125106164,0.16911746323933502,0.8279676726355795
rn_proteus_adoption,0,-0.7692081517512149,0.11599196467777464,0.10022706094322939,0.05687504097890024,-6.259487874505681e-15,0.0007761289164485769,0.11406272902289717,0.8851611420606607
robustness_vs_efficiency_tradeoff,0,-0.8393782426490725,0.30044455010497906,0.32248911644109435,0.047810754549717185,-4.114409127137033e-15,0.0028744034744035093,0.6518458503608479,0.34527974616475277
roc_african_exarchate,0,-0.853797256075973,0.2908657393366836,0.31026641893939594,0.04775993288088355,-4.478151080995807e-15,0.002834010007081781,0.6347190007806824,0.3624469892122403
rogers_commission_institutional_analysis,5,-1.0265243100650001,0.2758772152352665,0.4715843602860588,0.07189034952062548,-2.826665639151288e-15,0.0011132549578619598,0.6402911079915359,0.358595637050605
roman_bath_system,0,-0.7096755155719969,0.10608950938884462,0.0943925512275809,0.031670403723394996,-1.4159761913208988e-14,0.0017254731196801388,0.268865127607631,0.7294093992727031
roman_colosseum_games,0,-0.9523121441723569,0.32442747213927203,0.3460659417486565,0.053270744370479794,-4.4781536874348765e-15,0.0028340179920727008,0.6347179644570927,0.36244801755083894
roman_monumental_construction,0,-0.8547242820811383,0.29028738050718955,0.3118801438085033,0.03167858912804629,-5.584578857667388e-15,0.003512543127161702,0.7980617871445408,0.19842566972830317
roman_road_network,0,-0.9513922143598356,0.32500140375135406,0.3444645696101973,0.06922898875759376,-3.593335299161772e-15,0.002286525451778465,0.505580594084178,0.49213288046404696
rotation_seven_black_soil,0,-1.5105642565833892,0.5146083266800816,0.5489329814701502,0.08449812250865724,-4.478157953974055e-15,0.0028340116213680148,0.6347202752621754,0.362445713116461
rotation_seven_isolation,0,-1.2834686927759307,0.43456869165296297,0.47022640810045907,0.02353931853335402,-6.5191934343145875e-15,0.004075371332830892,0.93920427516224,0.05672035350493567
rotation_seven_kubo_ranking,5,-1.1177165439191394,0.3796065525819142,0.4078434901341583,0.04142549336478814,-5.5845946245652795e-15,0.003512551538110606,0.7980646714969695,0.19842277696492552
rotmigration_decision_threshold,0,-0.8171312859116757,0.31374113600120807,0.24643995929922205,0.683813362836381,-5.490693260067894e-17,4.413808054659977e-05,0.005360292422338553,0.9945955694971149
royal_navy_middle_east_withdrawal,0,-0.8492628462038035,0.2936946955595961,0.3023731236740263,0.12641943484125523,-1.4087199131874208e-15,0.0009186701776864633,0.19166795008230714,0.8074133797400078
rules_based_international_order,6,-0.9533461853407827,0.3237823480149355,0.34786595376544155,0.03533298276358946,-5.584638493752696e-15,0.0035125874422724888,0.7980688718459489,0.1984185407117842
russells_paradox_self_reference,0,-0.16157118546246033,0.025616831508855326,0.013035073814612034,8.081057948539804e-05,-1.4026356515079545e-13,0.019226263178897366,0.9798661642929339,0.0009075725283089317
s1_visa,0,-0.7711820950808135,0.11476044846654324,0.10366321205812047,0.022632569834594066,-2.3927667339722926e-14,0.002889335468801033,0.4640433260051582,0.5330673385260647
s1_visa_judgment_sharing_agreement,5,-0.9472545045474109,0.3275828642395883,0.33726183183557723,0.1410068390793045,-1.4087112739667004e-15,0.0009186667385182146,0.1916662925297213,0.8074150407317618
sa_renewable_price_differential,0,-1.0300085568292283,0.17282022723664073,0.09782559733613426,0.46973846972892713,-1.8554459772765548e-16,2.8482807931097285e-05,0.001796364181380464,0.9981751530106887
sadhu_integrity_protocol,0,-1.176033095598477,0.17580560771851908,0.1564223487291704,0.0524822110798934,-1.4159795036519278e-14,0.0017254816136691316,0.26886743627467824,0.7294070821116668
sapir_whorf_hypothesis,0,-1.0535498897889681,0.15813311198910615,0.13880528316738025,0.06136128762596399,-9.390098868977347e-15,0.0011535398370148406,0.1749422335589835,0.823904226604011
satellite_d2m_standard,0,-0.7632491812057581,0.11970968479614949,0.0898539550002445,0.1602467406082254,-8.6565863104160405e-16,0.00011611800153754475,0.012876892971595763,0.9870069890268676
scam_doubt_manufacturing,4,-1.1171406649951332,0.37996583555624586,0.4068410261945431,0.051415403987962495,-5.056374745382996e-15,0.003189625088400658,0.7197733045741597,0.27703707033744485
scientific_paradigm_lifecycle,0,-0.9523121441723569,0.32442747213927203,0.3460659417486565,0.053270744370479794,-4.4781536874348765e-15,0.0028340179920727008,0.6347179644570927,0.36244801755083894
second_order_unintended_consequences,0,-0.9472545045474109,0.3275828642395883,0.33726183183557723,0.1410068390793045,-1.4087112739667004e-15,0.0009186667385182146,0.1916662925297213,0.8074150407317618
seedance_export_restriction,0,-1.1621189619772847,0.18504901772280738,0.16821707013034212,0.052531253234863864,-1.3248732892365246e-14,0.001831781828325475,0.29794494368949137,0.7002232744821965
self_enforced_boundary_protocol,0,-0.6427359484810969,0.10080816437273653,0.07566615301669653,0.13494378268211377,-8.656688296720218e-16,0.0001161194634860364,0.012876938698340269,0.9870069418381746
self_surpassing_superman,0,-1.3862997553582663,0.21746857384185767,0.18334493710205324,0.061550569728004545,-1.430679175572318e-14,0.001919764622237262,0.2685891887260444,0.7294910466517326
semantic_overload_friction,0,-1.0923508398972057,0.16528880613884714,0.14114858654326884,0.09357066072172565,-4.811402370144115e-15,0.0006007050436368294,0.08622300847676637,0.9131762864796016
semiconductor_fabrication_chokepoint,5,-0.9375538375209538,0.3336349775519139,0.32037535018317526,0.30928665023352375,-3.4003370889846747e-16,0.000234800868745108,0.042615780801664095,0.9571494183295911
semiconductor_mission_2026,0,-1.0543747077291157,0.15761851937169166,0.14024108886763612,0.04705297183427046,-1.4159800798927584e-14,0.001725475036665025,0.2688688291525606,0.7294056958107885
shadow_pricing_failure,0,-0.9412380777324816,0.331336430537654,0.3267887086218606,0.2453752464762603,-5.296785291948394e-16,0.00035791407710221104,0.06852833782084734,0.931113748102051
shannon_entropy_limit,0,-0.16157118546246033,0.025616831508855326,0.013035073814612034,8.081057948539804e-05,-1.4026356515079545e-13,0.019226263178897366,0.9798661642929339,0.0009075725283089317
shannons_source_coding_theorem,0,-0.16157118546246033,0.025616831508855326,0.013035073814612034,8.081057948539804e-05,-1.4026356515079545e-13,0.019226263178897366,0.9798661642929339,0.0009075725283089317
shock_propagation_asymmetry,0,-1.177067136766903,0.17516048359418254,0.15822236074595547,0.034544449473003065,-2.3927717163645742e-14,0.0028893361900697322,0.4640419453521768,0.5330687184577775
signal_without_control,0,-1.177067136766903,0.17516048359418254,0.15822236074595547,0.034544449473003065,-2.3927717163645742e-14,0.0028893361900697322,0.4640419453521768,0.5330687184577775
silent_dependency_activation,0,-0.9472545045474109,0.3275828642395883,0.33726183183557723,0.1410068390793045,-1.4087112739667004e-15,0.0009186667385182146,0.1916662925297213,0.8074150407317618
silicon_lexicon_overload,0,-0.8391538047361551,0.30000158809331,0.28477576229658264,0.3017834159454866,-2.882170298204485e-16,0.00020086793669025856,0.035625852838343845,0.9641732792249662
silklink_2026,5,-1.1047032323875627,0.17326326628200658,0.1300517370071221,0.2319353532974021,-8.656646702212757e-16,0.0001161177059291715,0.01287696393152952,0.9870069183625422
silver_scarcity_mountain_2026,0,-0.3635351599394622,0.05763727908971191,0.029329373019752556,0.0001813868584864091,-1.4025994346989424e-13,0.019225372719249074,0.9798714348170671,0.0009031924638240726
sk_ai_act_2026,0,-0.9533461853407827,0.3237823480149355,0.34786595376544155,0.03533298276358946,-5.584638493752696e-15,0.0035125874422724888,0.7980688718459489,0.1984185407117842
sk_dantongbeop,0,-0.853797256075973,0.2908657393366836,0.31026641893939594,0.04775993288088355,-4.478151080995807e-15,0.002834010007081781,0.6347190007806824,0.3624469892122403
sk_newtro_aesthetic,0,-1.0543747077291157,0.15761851937169166,0.14024108886763612,0.04705297183427046,-1.4159800798927584e-14,0.001725475036665025,0.2688688291525606,0.7294056958107885
skills_based_hiring,3,-0.7856941388425028,0.10524599852576813,0.12817462051104678,0.038195587660103135,-1.1136988286002867e-14,0.0010896798763108896,0.31811748320877414,0.680792836914926
sludge_bureaucratic_friction,0,-0.9539947430120302,0.3233777217654969,0.3489949335754048,0.02408229637857158,-6.220945818402168e-15,0.0038977291649025425,0.8935635020166861,0.10253876881841743
sm_addictive_design,0,-0.9523121441723569,0.32442747213927203,0.3460659417486565,0.053270744370479794,-4.4781536874348765e-15,0.0028340179920727008,0.6347179644570927,0.36244801755083894
smartphone_ubiquity,0,-0.9123572355589077,0.350970238800322,0.3799348859844043,0.053411570588870194,-3.628675104686734e-15,0.002928099531485099,0.6753972850649645,0.32167461540355397
social_credit_architecture,0,-1.1177165439191394,0.3796065525819142,0.4078434901341583,0.04142549336478814,-5.5845946245652795e-15,0.003512551538110606,0.7980646714969695,0.19842277696492552
social_loafing,0,-0.766141337527077,0.11790530807382285,0.09488848968972831,0.11007580718141576,-1.81641597400929e-15,0.00023458014211294594,0.029905241297728053,0.9698601785601607
social_media_participation_threshold,0,-1.0179888720520398,0.34680147350134755,0.36993283196985544,0.05694469840355272,-4.478143507615359e-15,0.0028340063737493856,0.6347174250279023,0.36244856859835267
social_narrative_casting,5,-1.0543747077291157,0.15761851937169166,0.14024108886763612,0.04705297183427046,-1.4159800798927584e-14,0.001725475036665025,0.2688688291525606,0.7294056958107885
soe_property_bailout,0,-0.9523121441723569,0.32442747213927203,0.3460659417486565,0.053270744370479794,-4.4781536874348765e-15,0.0028340179920727008,0.6347179644570927,0.36244801755083894
solar_system_weirdness,0,-0.6460553642724179,0.09873722631816699,0.08144444163375339,0.0773610761545767,-2.576891390851213e-15,0.00032820522887560443,0.04395439053145661,0.9557174042396703
sorites_paradox,0,-0.7705046375927496,0.1151831049159259,0.10248392475640473,0.03438458831388831,-1.4159964017488398e-14,0.0017255049407949787,0.26887217152015264,0.7294023235390665
sovereignty_as_arbitrage,3,-1.0484039483474923,0.16134359438350906,0.129847461452768,0.15062917524858757,-1.8164364818038538e-15,0.0002345812977803077,0.02990560331437808,0.9698598153878434
spain_digital_offensive_2026,0,-0.9533461853407827,0.3237823480149355,0.34786595376544155,0.03533298276358946,-5.584638493752696e-15,0.0035125874422724888,0.7980688718459489,0.1984185407117842
square_cube_law,0,-0.16157118546246033,0.025616831508855326,0.013035073814612034,8.081057948539804e-05,-1.4026356515079545e-13,0.019226263178897366,0.9798661642929339,0.0009075725283089317
stable_marriage_coordination,0,-0.35989521102905087,0.05785060039657882,0.031408688132317106,0.01415711297959699,-2.068680687634268e-14,0.002914634321300287,0.1691078003106178,0.8279775653681025
start_treaty,0,-1.1885576820717796,0.16755332934785752,0.15016081335134768,0.023255549106993484,-3.6842904657353474e-14,0.003992514186352675,0.6311742615590539,0.3648332242546304
status_flattening_effect,0,-1.055301733734281,0.15704016054219763,0.14185481373674347,0.030971628081433195,-2.3927068971702675e-14,0.002889246981174138,0.4640310856231999,0.5330796673956499
steinmetz_valuation_asymmetry,0,-1.176033095598477,0.17580560771851908,0.1564223487291704,0.0524822110798934,-1.4159795036519278e-14,0.0017254816136691316,0.26886743627467824,0.7294070821116668
stoic_logos_governance,0,-0.7096755155719969,0.10608950938884462,0.0943925512275809,0.031670403723394996,-1.4159761913208988e-14,0.0017254731196801388,0.268865127607631,0.7294093992727031
straight_coercion_2025,0,-0.9513922143598356,0.32500140375135406,0.3444645696101973,0.06922898875759376,-3.593335299161772e-15,0.002286525451778465,0.505580594084178,0.49213288046404696
strange_attractor_dynamics,0,-0.24235677819369053,0.03842524726328298,0.01955261072191807,0.00012121586922809792,-1.4026356515079525e-13,0.019226263178897328,0.979866164292934,0.0009075725283089431
strange_attractors,0,-0.8390904662337992,0.3996426755469481,0.44204160104694884,0.053669808748230255,-2.4695578099667154e-15,0.003054726610905953,0.7356150931169874,0.2613301802721092
strategic_deep_sea_rare_earth_mining,0,-1.176033095598477,0.17580560771851908,0.1564223487291704,0.0524822110798934,-1.4159795036519278e-14,0.0017254816136691316,0.26886743627467824,0.7294070821116668
streaming_bundling_mandate,6,-0.9523121441723569,0.32442747213927203,0.3460659417486565,0.053270744370479794,-4.4781536874348765e-15,0.0028340179920727008,0.6347179644570927,0.36244801755083894
structural_extraction_without_actor,5,-1.1649590291586018,0.18271456611690104,0.13714511560237447,0.2445867131856739,-8.656612426430885e-16,0.00011611812670923387,0.01287686317818926,0.9870070186951023
sts86_ascent_checklist,0,-0.16157118546246033,0.025616831508855326,0.013035073814612034,8.081057948539804e-05,-1.4026356515079545e-13,0.019226263178897366,0.9798661642929339,0.0009075725283089317
student_loan_default_cliff,0,-1.0179888720520398,0.34680147350134755,0.36993283196985544,0.05694469840355272,-4.478143507615359e-15,0.0028340063737493856,0.6347174250279023,0.36244856859835267
student_loan_interest_accrual,0,-0.8547242820811383,0.29028738050718955,0.3118801438085033,0.03167858912804629,-5.584578857667388e-15,0.003512543127161702,0.7980617871445408,0.19842566972830317
sturgeons_law,0,-0.6488457703475992,0.09699633018099006,0.08630185410475008,0.028955228794347993,-1.416014132446101e-14,0.00172552893872457,0.26887325543339335,0.7294012156278962
suanne_coup_of_peace,0,-1.177067136766903,0.17516048359418254,0.15822236074595547,0.034544449473003065,-2.3927717163645742e-14,0.0028893361900697322,0.4640419453521768,0.5330687184577775
subscription_economy_model,0,-1.0137279552053566,0.18420998525340174,0.07149338376974268,0.0368548261054028,-2.518481489961634e-14,0.0045347073160064465,0.134446760909847,0.8610185317741718
superbowl_advertising_extraction,0,-1.380010448587559,0.20535997938649733,0.18550240767699672,0.04050100473540179,-2.392731464207889e-14,0.0028892681110023848,0.4640353157273632,0.5330754161616584
suslin_hypothesis,0,-0.16157118546246033,0.025616831508855326,0.013035073814612034,8.081057948539804e-05,-1.4026356515079545e-13,0.019226263178897366,0.9798661642929339,0.0009075725283089317
suslin_hypothesis_undecidability,0,-0.16157118546246033,0.025616831508855326,0.013035073814612034,8.081057948539804e-05,-1.4026356515079545e-13,0.019226263178897366,0.9798661642929339,0.0009075725283089317
swift_legacy_piton,0,-0.3649761223596621,0.05456063781669911,0.0485454011648436,0.016287958284703582,-1.4159260649897979e-14,0.0017254308429591567,0.2688627155874669,0.729411853569588
sylow_theorems,0,-0.24235677819369053,0.03842524726328298,0.01955261072191807,0.00012121586922809792,-1.4026356515079525e-13,0.019226263178897328,0.979866164292934,0.0009075725283089431
sylow_theorems_group_theory,0,-0.16157118546246033,0.025616831508855326,0.013035073814612034,8.081057948539804e-05,-1.4026356515079545e-13,0.019226263178897366,0.9798661642929339,0.0009075725283089317
synthetic_data_feedback_loop,0,-0.9523121441723569,0.32442747213927203,0.3460659417486565,0.053270744370479794,-4.4781536874348765e-15,0.0028340179920727008,0.6347179644570927,0.36244801755083894
tail_risk_compression,0,-0.9412380777324816,0.331336430537654,0.3267887086218606,0.2453752464762603,-5.296785291948394e-16,0.00035791407710221104,0.06852833782084734,0.931113748102051
taiwan_existential_sovereignty,0,-1.2806959127276396,0.4362985911533423,0.46539967821849165,0.07163940295291515,-4.4781731654659874e-15,0.0028340236247462176,0.6347222384637734,0.36244373791148476
taiwan_storm_2026,6,-0.8810452631272322,0.37105089758266,0.22552901771092349,0.035390102168738585,-8.847200391685042e-15,0.00855664284604147,0.6222100204957642,0.3692333366582031
taiwan_strait_hegemony_shift,5,-1.1184769810792505,0.3791321262515039,0.40916722468942096,0.028234006495987504,-6.220948280246396e-15,0.003897720305159999,0.893566518628803,0.10253576106604317
taiwan_university_application_system,0,-0.8547242820811383,0.29028738050718955,0.3118801438085033,0.03167858912804629,-5.584578857667388e-15,0.003512543127161702,0.7980617871445408,0.19842566972830317
taliban_slavery_law_2024,5,-1.2806959127276396,0.4362985911533423,0.46539967821849165,0.07163940295291515,-4.4781731654659874e-15,0.0028340236247462176,0.6347222384637734,0.36244373791148476
tarski_undefinability_theorem,0,-0.16157118546246033,0.025616831508855326,0.013035073814612034,8.081057948539804e-05,-1.4026356515079545e-13,0.019226263178897366,0.9798661642929339,0.0009075725283089317
teaching_horses_to_sing,3,-1.258487782459286,0.18708823063994376,0.16955742975875004,0.032708931583430294,-2.6971316383312188e-14,0.003250304733466885,0.5254852214411122,0.4712644738254479
tear_gas_repression_2026,0,-1.1154256754696814,0.3810357940353049,0.4038556501295138,0.08116574102018838,-3.593300282726554e-15,0.002286497840659443,0.5055769726633286,0.49213652949601555
technocratic_overreach,0,-1.176033095598477,0.17580560771851908,0.1564223487291704,0.0524822110798934,-1.4159795036519278e-14,0.0017254816136691316,0.26886743627467824,0.7294070821116668
technological_point_of_no_return,0,-1.2120677755385718,0.33244302580776597,0.4658309912754117,0.07146166506681449,-4.0183567388688996e-15,0.001648375463296993,0.6370509348223361,0.3613006897143708
temporal_scale_arbitrage,0,-0.7522885174574413,0.3582998258284313,0.396313263420349,0.048117713496314996,-2.4695614845660882e-15,0.0030547183947102798,0.7356155694982237,0.2613297121070685
temporal_scarcity,3,-1.0543747077291157,0.15761851937169166,0.14024108886763612,0.04705297183427046,-1.4159800798927584e-14,0.001725475036665025,0.2688688291525606,0.7294056958107885
terrain_inaccessibility_wheeled_vehicles,0,-0.24235677819369053,0.03842524726328298,0.01955261072191807,0.00012121586922809792,-1.4026356515079525e-13,0.019226263178897328,0.979866164292934,0.0009075725283089431
texas_hispanic_political_pivot,5,-0.9503333365171555,0.3256620231366326,0.34262132303614373,0.08759759814451565,-2.7784385029257203e-15,0.0017791399123038526,0.38761480565544504,0.6106060544322539
thai_article_112_mountain,4,-0.3635351599394622,0.05763727908971191,0.029329373019752556,0.0001813868584864091,-1.4025994346989424e-13,0.019225372719249074,0.9798714348170671,0.0009031924638240726
thai_senate_veto_2026,5,-1.0543747077291157,0.15761851937169166,0.14024108886763612,0.04705297183427046,-1.4159800798927584e-14,0.001725475036665025,0.2688688291525606,0.7294056958107885
the_calm_protocol_suppression,0,-0.9533461853407827,0.3237823480149355,0.34786595376544155,0.03533298276358946,-5.584638493752696e-15,0.0035125874422724888,0.7980688718459489,0.1984185407117842
the_churn_systemic_upheaval,0,-0.9523121441723569,0.32442747213927203,0.3460659417486565,0.053270744370479794,-4.4781536874348765e-15,0.0028340179920727008,0.6347179644570927,0.36244801755083894
the_trivial_topology,0,-1.0543747077291157,0.15761851937169166,0.14024108886763612,0.04705297183427046,-1.4159800798927584e-14,0.001725475036665025,0.2688688291525606,0.7294056958107885
the_wall_procedural_barrier,0,-1.0543747077291157,0.15761851937169166,0.14024108886763612,0.04705297183427046,-1.4159800798927584e-14,0.001725475036665025,0.2688688291525606,0.7294056958107885
theatrical_neutrality,0,-1.176033095598477,0.17580560771851908,0.1564223487291704,0.0524822110798934,-1.4159795036519278e-14,0.0017254816136691316,0.26886743627467824,0.7294070821116668
thermodynamics_entropy,0,-0.16157118546246033,0.025616831508855326,0.013035073814612034,8.081057948539804e-05,-1.4026356515079545e-13,0.019226263178897366,0.9798661642929339,0.0009075725283089317
three_body_problem,0,-0.24235677819369053,0.03842524726328298,0.01955261072191807,0.00012121586922809792,-1.4026356515079525e-13,0.019226263178897328,0.979866164292934,0.0009075725283089431
three_body_unpredicability,0,-0.24235677819369053,0.03842524726328298,0.01955261072191807,0.00012121586922809792,-1.4026356515079525e-13,0.019226263178897328,0.979866164292934,0.0009075725283089431
trade_secret_law,0,-0.853797256075973,0.2908657393366836,0.31026641893939594,0.04775993288088355,-4.478151080995807e-15,0.002834010007081781,0.6347190007806824,0.3624469892122403
tragedy_of_the_commons,0,-0.9472545045474109,0.3275828642395883,0.33726183183557723,0.1410068390793045,-1.4087112739667004e-15,0.0009186667385182146,0.1916662925297213,0.8074150407317618
trajans_bridge_lifecycle,0,-0.8520231506876077,0.29197257939305404,0.3071781366585639,0.0785357670485302,-2.7784372129194085e-15,0.0017791351433405253,0.3876154870894801,0.6106053777671823
transformer_self_attention,0,-0.7705046375927496,0.1151831049159259,0.10248392475640473,0.03438458831388831,-1.4159964017488398e-14,0.0017255049407949787,0.26887217152015264,0.7294023235390665
transient_event_detection,0,-0.7769014281209546,0.11099826783739705,0.11330310812287395,0.03598952346745426,-1.2747506269241408e-14,0.001418903325480371,0.29100453896786677,0.7075765577066656
traveling_salesman_problem,0,-0.24235677819369053,0.03842524726328298,0.01955261072191807,0.00012121586922809792,-1.4026356515079525e-13,0.019226263178897328,0.979866164292934,0.0009075725283089431
traveling_salesperson_problem,0,-0.7408010755799218,0.13461543854129185,0.05224493652674866,0.026932055571052084,-2.5185346474241848e-14,0.0045348348016308404,0.13444846687786935,0.861016698320525
trillion_bond_rush_2026,0,-0.9472545045474109,0.3275828642395883,0.33726183183557723,0.1410068390793045,-1.4087112739667004e-15,0.0009186667385182146,0.1916662925297213,0.8074150407317618
trump_epa_greenhouse_gas_reversal,6,-0.9523121441723569,0.32442747213927203,0.3460659417486565,0.053270744370479794,-4.4781536874348765e-15,0.0028340179920727008,0.6347179644570927,0.36244801755083894
trump_indian_tariffs_2026,3,-1.0511217329027922,0.1596480058180729,0.1345784576722123,0.10348311091338204,-3.725454352867579e-15,0.00046862690645505943,0.06554612622693803,0.9339852468666106
tsp,0,-0.7705046375927496,0.1151831049159259,0.10248392475640473,0.03438458831388831,-1.4159964017488398e-14,0.0017255049407949787,0.26887217152015264,0.7294023235390665
twin_prime_conjecture,0,-0.24235677819369053,0.03842524726328298,0.01955261072191807,0.00012121586922809792,-1.4026356515079525e-13,0.019226263178897328,0.979866164292934,0.0009075725283089431
ua_mobilization_protector_cert,0,-1.1177165439191394,0.3796065525819142,0.4078434901341583,0.04142549336478814,-5.5845946245652795e-15,0.003512551538110606,0.7980646714969695,0.19842277696492552
udhr_1946,0,-0.7554506371720591,0.12457508962185723,0.0762786028743189,0.2955299653276767,-2.519220423422266e-16,3.7354541506957406e-05,0.0027566534063569134,0.9972059920521364
uk_artist_resale_right,0,-0.7580752675908412,0.12330618360894816,0.10444291572227456,0.09189915800104038,-2.4959929037879326e-15,0.00036009360771529044,0.05085098697655976,0.9487889194157274
uk_graduate_visa_salary_threshold,0,-0.9523121441723569,0.32442747213927203,0.3460659417486565,0.053270744370479794,-4.4781536874348765e-15,0.0028340179920727008,0.6347179644570927,0.36244801755083894
uk_help_to_buy_scheme,6,-0.9523121441723569,0.32442747213927203,0.3460659417486565,0.053270744370479794,-4.4781536874348765e-15,0.0028340179920727008,0.6347179644570927,0.36244801755083894
uk_hicbc_2024,0,-1.0543747077291157,0.15761851937169166,0.14024108886763612,0.04705297183427046,-1.4159800798927584e-14,0.001725475036665025,0.2688688291525606,0.7294056958107885
uk_necc_formation,0,-1.0543747077291157,0.15761851937169166,0.14024108886763612,0.04705297183427046,-1.4159800798927584e-14,0.001725475036665025,0.2688688291525606,0.7294056958107885
uk_ssp_eligibility,5,-0.853797256075973,0.2908657393366836,0.31026641893939594,0.04775993288088355,-4.478151080995807e-15,0.002834010007081781,0.6347190007806824,0.3624469892122403
uk_student_visa_dependents,0,-0.992267052785806,0.29788470547822204,0.3121969975129087,0.05312991815208941,-5.528024469522726e-15,0.002716665915539454,0.5873445988579383,0.40993873522652774
uk_unpaid_care_system,5,-1.177067136766903,0.17516048359418254,0.15822236074595547,0.034544449473003065,-2.3927717163645742e-14,0.0028893361900697322,0.4640419453521768,0.5330687184577775
ukr_mobilization,0,-1.3787981441926322,0.2061163194966277,0.18339208311207478,0.06153114153767999,-1.4159703119948738e-14,0.0017254585625940742,0.2688664765099651,0.729408064927455
ukraine_tight_gas_pilot,5,-0.8438687669292269,0.2970599877499547,0.2929833548619111,0.21999182931691308,-5.296775924540106e-16,0.0003579126934042574,0.06852836828629799,0.9311137190202983
ulysses_chp01,4,-1.1184769810792505,0.3791321262515039,0.40916722468942096,0.028234006495987504,-6.220948280246396e-15,0.003897720305159999,0.893566518628803,0.10253576106604317
ulysses_chp02,0,-1.1165042395242126,0.38036289269204454,0.4057331655692364,0.06245563016706634,-4.478132654015137e-15,0.00283399769960409,0.6347167236926957,0.36244927860770465
ulysses_chp04,0,-1.0444462185823695,0.16381276778496276,0.12295802479015133,0.21928486827029997,-8.656597178066575e-16,0.00011611746613633575,0.0128769059045653,0.9870069766292993
ulysses_chp05,0,-0.853797256075973,0.2908657393366836,0.31026641893939594,0.04775993288088355,-4.478151080995807e-15,0.002834010007081781,0.6347190007806824,0.3624469892122403
ulysses_chp06,0,-0.24331725511451174,0.0363738630817632,0.03236333051318895,0.01085859876516326,-1.4159381758232338e-14,0.0017254577851617565,0.2688608779025479,0.7294136643123045
ulysses_chp07,0,-1.0543747077291157,0.15761851937169166,0.14024108886763612,0.04705297183427046,-1.4159800798927584e-14,0.001725475036665025,0.2688688291525606,0.7294056958107885
ulysses_chp08,0,-1.1656200947101623,0.1826178852230008,0.13881036573408317,0.04986962104648816,-1.594859264864509e-14,0.0021346267190042296,0.24275871620646447,0.7551066570745473
ulysses_chp09,3,-1.0484039483474923,0.16134359438350906,0.129847461452768,0.15062917524858757,-1.8164364818038538e-15,0.0002345812977803077,0.02990560331437808,0.9698598153878434
ulysses_chp10,0,-0.7007696793490303,0.11164573864765817,0.07888967502656681,0.1861620931797837,-5.437300686111857e-16,7.52565069563466e-05,0.007395981231424399,0.9925287622616199
ulysses_chp11,0,-0.7705046375927496,0.1151831049159259,0.10248392475640473,0.03438458831388831,-1.4159964017488398e-14,0.0017255049407949787,0.26887217152015264,0.7294023235390665
ulysses_chp12,0,-1.2952439029242648,0.2607782449397797,0.04207298670853402,0.0405676382855639,-3.741502681262269e-14,0.008270136404377423,0.042371355235581054,0.9493585083600788
ulysses_chp13,4,-1.1165042395242126,0.38036289269204454,0.4057331655692364,0.06245563016706634,-4.478132654015137e-15,0.00283399769960409,0.6347167236926957,0.36244927860770465
ulysses_chp14,0,-0.3635351599394622,0.05763727908971191,0.029329373019752556,0.0001813868584864091,-1.4025994346989424e-13,0.019225372719249074,0.9798714348170671,0.0009031924638240726
ulysses_chp15,5,-1.2658031790075204,0.44558996377324894,0.43947508210226444,0.32998724760695947,-5.29679091906795e-16,0.00035791366175192053,0.06852857471740416,0.9311135116208444
ulysses_chp16,0,-1.1152045101808734,0.16671166287618003,0.14833188560926247,0.04976715402649711,-1.4159986329020903e-14,0.0017254913059946558,0.2688719866007601,0.7294025220932594
ulysses_chp17,0,-0.7705046375927496,0.1151831049159259,0.10248392475640473,0.03438458831388831,-1.4159964017488398e-14,0.0017255049407949787,0.26887217152015264,0.7294023235390665
ulysses_chp18,0,-0.7711820950808135,0.11476044846654324,0.10366321205812047,0.022632569834594066,-2.3927667339722926e-14,0.002889335468801033,0.4640433260051582,0.5330673385260647
un_high_seas_treaty_2026,0,-1.0655338221109143,0.249212268731596,0.25009028245036413,0.05287167999272935,-8.122810255892168e-15,0.002422912194680514,0.48027301368673686,0.5173040741185907
unclos_2026,3,-1.0274941392746606,0.175128771690205,0.09465413580360546,0.08398340794928577,-5.492339820107036e-15,0.0008700429760613663,0.05002655578992521,0.9491034012340189
unconditional_university_offers_uk,3,-1.0543747077291157,0.15761851937169166,0.14024108886763612,0.04705297183427046,-1.4159800798927584e-14,0.001725475036665025,0.2688688291525606,0.7294056958107885
uneven_risk_distribution,0,-1.1751131657859557,0.1763795393306011,0.1548209765907112,0.06844045546700736,-9.390324178588202e-15,0.0011535717663448712,0.17494580287381828,0.8239006253598462
union_protection_underperformance,6,-0.853797256075973,0.2908657393366836,0.31026641893939594,0.04775993288088355,-4.478151080995807e-15,0.002834010007081781,0.6347190007806824,0.3624469892122403
unrequited_love_protocol,0,-1.176033095598477,0.17580560771851908,0.1564223487291704,0.0524822110798934,-1.4159795036519278e-14,0.0017254816136691316,0.26886743627467824,0.7294070821116668
unrwa_eviction_order,6,-0.9528550029096244,0.3240887900072527,0.34701092564323965,0.04385364289264695,-5.056426080250589e-15,0.003189664854547414,0.7197787889000349,0.2770315462454228
us_ai_chip_export_controls,0,-0.992267052785806,0.29788470547822204,0.3121969975129087,0.05312991815208941,-5.528024469522726e-15,0.002716665915539454,0.5873445988579383,0.40993873522652774
us_canada_geopolitical_asymmetry,0,-1.0543747077291157,0.15761851937169166,0.14024108886763612,0.04705297183427046,-1.4159800798927584e-14,0.001725475036665025,0.2688688291525606,0.7294056958107885
us_china_chip_tariffs_v2,0,-0.9523121441723569,0.32442747213927203,0.3460659417486565,0.053270744370479794,-4.4781536874348765e-15,0.0028340179920727008,0.6347179644570927,0.36244801755083894
us_debt_ceiling,0,-1.2571392769474818,0.1879295447616918,0.16721001246042014,0.05610178201813967,-1.4159769382250546e-14,0.0017254664599517947,0.2688664847935855,0.7294080487464768
us_embargo_cuba,0,-1.1382179499210427,0.4132224421622603,0.4055966995774154,0.06251186583283565,-4.650580241551862e-15,0.0033423435722119404,0.6338227561991949,0.3628349002285978
us_employer_health_insurance,0,-0.9412380777324816,0.331336430537654,0.3267887086218606,0.2453752464762603,-5.296785291948394e-16,0.00035791407710221104,0.06852833782084734,0.931113748102051
us_foreign_policy_america_first,0,-0.9533461853407827,0.3237823480149355,0.34786595376544155,0.03533298276358946,-5.584638493752696e-15,0.0035125874422724888,0.7980688718459489,0.1984185407117842
us_greenland_envoy,5,-1.0543747077291157,0.15761851937169166,0.14024108886763612,0.04705297183427046,-1.4159800798927584e-14,0.001725475036665025,0.2688688291525606,0.7294056958107885
us_isolationism_policy_2026,5,-0.9495439995402282,0.3261544796669871,0.3412472809891286,0.10129041710759265,-2.3063004492393878e-15,0.0014837454519740392,0.31970307742225607,0.6788131771257723
us_israel_faa_502b_nonenforcement,0,-0.9523121441723569,0.32442747213927203,0.3460659417486565,0.053270744370479794,-4.4781536874348765e-15,0.0028340179920727008,0.6347179644570927,0.36244801755083894
us_labor_mobility,0,-0.9123572355589077,0.350970238800322,0.3799348859844043,0.053411570588870194,-3.628675104686734e-15,0.002928099531485099,0.6753972850649645,0.32167461540355397
us_legal_standard_reasonable_doubt,0,-1.176033095598477,0.17580560771851908,0.1564223487291704,0.0524822110798934,-1.4159795036519278e-14,0.0017254816136691316,0.26886743627467824,0.7294070821116668
us_military_recruitment_advertising,0,-1.055301733734281,0.15704016054219763,0.14185481373674347,0.030971628081433195,-2.3927068971702675e-14,0.002889246981174138,0.4640310856231999,0.5330796673956499
us_sanctions_belarus_2022,0,-1.0329499982558452,0.43502481813519656,0.26441406916569565,0.04149212691495025,-8.847131729366875e-15,0.008556555513705886,0.6222082080132448,0.36923523647305806
us_sanctions_icc_israel_case,0,-1.176033095598477,0.17580560771851908,0.1564223487291704,0.0524822110798934,-1.4159795036519278e-14,0.0017254816136691316,0.26886743627467824,0.7294070821116668
us_sanctions_moex_2024,3,-1.380010448587559,0.20535997938649733,0.18550240767699672,0.04050100473540179,-2.392731464207889e-14,0.0028892681110023848,0.4640353157273632,0.5330754161616584
us_sdf_alliance_abandonment_2026,0,-1.1179832234168907,0.37944017489530135,0.40830771372141933,0.0367993397819607,-5.820232546959257e-15,0.0036558081493187856,0.8332352887189758,0.16310890313171122
us_two_party_duopoly,6,-0.9523121441723569,0.32442747213927203,0.3460659417486565,0.053270744370479794,-4.4781536874348765e-15,0.0028340179920727008,0.6347179644570927,0.36244801755083894
us_usmca_china_leverage,0,-1.1740542879432756,0.17704015871587966,0.15297773001665763,0.08680906485392925,-6.2595155784338685e-15,0.0007761308671456374,0.11406266446330005,0.8851612046695606
us_venezuela_oil_pressure,5,-1.1821804880281066,0.4027372076660114,0.42959924500031504,0.06612946392622188,-4.478138037947095e-15,0.002834003749671013,0.6347162869846545,0.36244970926567893
us_venezuela_plausible_deniability_2025,6,-0.9513922143598356,0.32500140375135406,0.3444645696101973,0.06922898875759376,-3.593335299161772e-15,0.002286525451778465,0.505580594084178,0.49213288046404696
us_visa_lottery,5,-0.8438687669292269,0.2970599877499547,0.2929833548619111,0.21999182931691308,-5.296775924540106e-16,0.0003579126934042574,0.06852836828629799,0.9311137190202983
us_wind_project_ban_2025,0,-0.9533461853407827,0.3237823480149355,0.34786595376544155,0.03533298276358946,-5.584638493752696e-15,0.0035125874422724888,0.7980688718459489,0.1984185407117842
usc_26_469_passive_loss,0,-0.7889762489108548,0.2679578655394316,0.28788912856804955,0.029241585173128515,-5.584600283485547e-15,0.0035125641390011415,0.798063569593034,0.19842386626797043
utopia_apocalypse_fragility,0,-0.9362294769382375,0.3351114781474563,0.35969888394818195,0.05332742980130192,-4.114413251076221e-15,0.002874411252849581,0.6518447777769902,0.3452808109701643
value_alignment_drift,0,-0.9412380777324816,0.331336430537654,0.3267887086218606,0.2453752464762603,-5.296785291948394e-16,0.00035791407710221104,0.06852833782084734,0.931113748102051
value_extraction_plateau,0,-1.112250358170922,0.3830168310137175,0.3983282016396507,0.13624873623408607,-1.89953921418479e-15,0.001228304042804586,0.26148572646622814,0.7372859694909691
van_der_waerden,0,-0.16157118546246033,0.025616831508855326,0.013035073814612034,8.081057948539804e-05,-1.4026356515079545e-13,0.019226263178897366,0.9798661642929339,0.0009075725283089317
venezuela_oil_privatization_v1,6,-0.9523121441723569,0.32442747213927203,0.3460659417486565,0.053270744370479794,-4.4781536874348765e-15,0.0028340179920727008,0.6347179644570927,0.36244801755083894
verification_bottleneck,0,-0.8110574526146039,0.12124465628992853,0.1078777583544472,0.0361943730691072,-1.4159926514328463e-14,0.0017254802121785579,0.2688712145881162,0.7294033051997195
vertebrate_turning_point_2026,0,-0.7705046375927496,0.1151831049159259,0.10248392475640473,0.03438458831388831,-1.4159964017488398e-14,0.0017255049407949787,0.26887217152015264,0.7294023235390665
viral_emergence_covid19_exemplar,6,-0.853797256075973,0.2908657393366836,0.31026641893939594,0.04775993288088355,-4.478151080995807e-15,0.002834010007081781,0.6347190007806824,0.3624469892122403
viral_transmission_rates,0,-0.9528550029096244,0.3240887900072527,0.34701092564323965,0.04385364289264695,-5.056426080250589e-15,0.003189664854547414,0.7197787889000349,0.2770315462454228
visibility_bias_governance,0,-0.9472545045474109,0.3275828642395883,0.33726183183557723,0.1410068390793045,-1.4087112739667004e-15,0.0009186667385182146,0.1916662925297213,0.8074150407317618
vision_of_the_cross,0,-1.177067136766903,0.17516048359418254,0.15822236074595547,0.034544449473003065,-2.3927717163645742e-14,0.0028893361900697322,0.4640419453521768,0.5330687184577775
vns_implant_for_trd,0,-0.853797256075973,0.2908657393366836,0.31026641893939594,0.04775993288088355,-4.478151080995807e-15,0.002834010007081781,0.6347190007806824,0.3624469892122403
weierstrass_function,0,-0.24235677819369053,0.03842524726328298,0.01955261072191807,0.00012121586922809792,-1.4026356515079525e-13,0.019226263178897328,0.979866164292934,0.0009075725283089431
whitehead_problem_undecidability,0,-0.24235677819369053,0.03842524726328298,0.01955261072191807,0.00012121586922809792,-1.4026356515079525e-13,0.019226263178897328,0.979866164292934,0.0009075725283089431
wikipedia_noncommercial_model,0,-0.7705046375927496,0.1151831049159259,0.10248392475640473,0.03438458831388831,-1.4159964017488398e-14,0.0017255049407949787,0.26887217152015264,0.7294023235390665
wikipedia_notability_requirement_2026,0,-0.9238870930387484,0.24430379607678163,0.2508527233018634,0.04751289222856819,-6.760554783878734e-15,0.002577697651511742,0.5349397840979245,0.4624825182505706
winners_curse,5,-1.0548613691988313,0.15731489794530626,0.1410882471049896,0.03861073791402057,-1.852681557960372e-14,0.00224686364356329,0.35572500911167276,0.6420281272447824
winter_olympics_2026,6,-0.9523121441723569,0.32442747213927203,0.3460659417486565,0.053270744370479794,-4.4781536874348765e-15,0.0028340179920727008,0.6347179644570927,0.36244801755083894
working_dog_training,3,-1.0824109815000837,0.0341264366556396,0.15701074354623865,0.05223974206741997,-1.2071809370863162e-14,6.543300790192322e-05,0.2726273681586726,0.7273071988334375
world_factbook_sunset_2026,0,-0.7705046375927496,0.1151831049159259,0.10248392475640473,0.03438458831388831,-1.4159964017488398e-14,0.0017255049407949787,0.26887217152015264,0.7294023235390665
worldscale_vlsfo_benchmark,3,-1.0543747077291157,0.15761851937169166,0.14024108886763612,0.04705297183427046,-1.4159800798927584e-14,0.001725475036665025,0.2688688291525606,0.7294056958107885
yangtze_fishing_ban,0,-0.9539947430120302,0.3233777217654969,0.3489949335754048,0.02408229637857158,-6.220945818402168e-15,0.0038977291649025425,0.8935635020166861,0.10253876881841743
yoneda_lemma,4,-0.24235677819369053,0.03842524726328298,0.01955261072191807,0.00012121586922809792,-1.4026356515079525e-13,0.019226263178897328,0.979866164292934,0.0009075725283089431
yt_ai_slop_incentive,6,-0.992267052785806,0.29788470547822204,0.3121969975129087,0.05312991815208941,-5.528024469522726e-15,0.002716665915539454,0.5873445988579383,0.40993873522652774
zipfs_law,0,-0.24235677819369053,0.03842524726328298,0.01955261072191807,0.00012121586922809792,-1.4026356515079525e-13,0.019226263178897328,0.979866164292934,0.0009075725283089431
zombie_reasoning_2026,0,-0.9513922143598356,0.32500140375135406,0.3444645696101973,0.06922898875759376,-3.593335299161772e-15,0.002286525451778465,0.505580594084178,0.49213288046404696
